municipality,primary_sector,turnover_2025_eur,forecast_year,growth_class_RandomForest,growth_class_XGBoost,growth_rate_LinearRegression,est_turnover_LinearRegression,growth_rate_RandomForestRegressor,est_turnover_RandomForestRegressor,growth_rate_XGBoostRegressor,est_turnover_XGBoostRegressor
DEÇAN,Akomodimi dhe sherbimi ushqimor,2672958.29,2026,GROWING,GROWING,0.3211860196675816,3531475.1239025653,0.36736972260185885,3654922.2355236392,0.22054449,3262464.4258160605
DEÇAN,Aktivitetet e patundshmerise,65934.0,2026,GROWING,GROWING,0.5079095484059076,99422.5081645951,0.4331296823332544,94491.9724749608,0.37593105,90720.63617277145
DEÇAN,Aktivitetet e shendetit te njeriut dhe te punes sociale,1141988.21,2026,GROWING,GROWING,0.29644702067849993,1480527.212504473,0.35624273802524586,1548813.2167229492,0.42083994,1622582.4206512559
DEÇAN,Aktivitetet e tjera sherbyese,221948.46,2026,DECLINING,DECLINING,0.6476476465681444,365692.85777842393,0.3503019305903384,299697.43402955245,0.09406098,242825.15787727118
DEÇAN,Aktivitetet financiare dhe te sigurimit,20479.41,2026,GROWING,GROWING,0.7197543012099361,35219.55343374178,0.4215883304571482,29113.290270647423,0.09991721,22525.654759805202
DEÇAN,"Aktivitetet profesionale, shkencore dhe teknike",5484688.41,2026,GROWING,GROWING,0.19843243766923357,6573028.501052493,0.15212845786756946,6319065.599697432,0.11657078,6124043.092138141
DEÇAN,Arsimi,93938.56,2026,DECLINING,DECLINING,0.5428913934264602,144936.99573487515,0.25443030974311315,117839.37691762201,-0.18554592,76508.643336792
DEÇAN,"Artet, Argetimi dhe rekreacioni",88929.0,2026,DECLINING,GROWING,0.5541828489477775,138211.9265740769,0.36772048832172805,121630.01530596295,-0.090121605,80914.57384550571
DEÇAN,Bujqesia;Pylltaria dhe Peshkimi,2428169.99,2026,GROWING,GROWING,0.3784375805379773,3347080.766150525,0.2223960502303101,2968185.405063772,0.033767313,2510162.837864317
DEÇAN,"Furnizimi me rryme, gaz, avull dhe ajer te kondicionuar",3265110.03,2026,DECLINING,DECLINING,-0.010292923954567601,3231502.500757914,0.1809466320228247,3855920.693112444,-0.049699664,3102835.158207525
DEÇAN,Furnizimi me uje; Kanalizimi; Aktivitetet e menaxhimit dhe te trajtimit te mbeturinave,1716901.8699999999,2026,DECLINING,GROWING,0.09292332449290402,1876442.0995884836,0.36571641592728277,2344801.0683952495,0.33376908,2289950.632790496
DEÇAN,Industria nxjerrese,11711828.469999999,2026,DECLINING,DECLINING,-0.3135264994517443,8039859.88762162,0.09174596239143895,12786341.444343602,-0.043405954,11203465.42820948
DEÇAN,Industria perpunuese,29394558.08,2026,GROWING,GROWING,0.0864655813596499,31936175.633197196,0.13850380521904987,33465816.226812366,0.027618177,30206381.975795135
DEÇAN,Informimi dhe komunikimi,1507379.83,2026,GROWING,GROWING,0.2722832076362394,1917814.0452385694,0.30554481932700406,1967951.9278145202,0.28219745,1932758.6125451517
DEÇAN,Mungon aktiviteti,241764.6,2026,DECLINING,DECLINING,0.36372302526185185,329699.95171322156,0.005387923476507408,243067.20916412846,-0.39718118,145740.25734550954
DEÇAN,Ndertimtaria,18353379.34,2026,GROWING,GROWING,0.19219376267494775,21880784.373155247,0.15194820484845023,21142142.38361563,0.06783195,19598325.640808124
DEÇAN,Person Fizik,26390.4,2026,DECLINING,DECLINING,0.5710988574821564,41461.92728849711,0.3704850935779819,36167.649813560376,-0.011386134,26089.91478652954
DEÇAN,Sherbimet administrative dhe mbeshtetese,512229.8,2026,STABLE,GROWING,0.5077800655450099,772329.8814181072,0.6967230223653803,869112.0944016142,0.63958406,839843.8174336433
DEÇAN,Transporti dhe magazinimi,2926061.44,2026,GROWING,GROWING,0.24996347650164139,3657469.929999799,0.16582760839601968,3411283.2106150137,0.119476385,3275656.8369582365
DEÇAN,Tregtia me shumice dhe pakice; Riparimi i mjeteve motorike dhe motoeikletave,78035944.52,2026,GROWING,GROWING,0.09709830965924349,85613102.8255545,0.17164999116375404,91430813.7073132,0.13509531,88578238.37359576
DRAGASH,Akomodimi dhe sherbimi ushqimor,1242767.6099999999,2026,GROWING,GROWING,0.5011827474051657,1865621.2951659514,0.42544419974615577,1771495.8813068925,0.30838016,1626012.4433450315
DRAGASH,Aktivitetet e shendetit te njeriut dhe te punes sociale,142442.63999999998,2026,GROWING,GROWING,0.4053587553554676,200183.0112599469,0.35020209779072964,192326.35134284967,0.011624889,144098.52604508397
DRAGASH,Aktivitetet e tjera sherbyese,140436.52,2026,DECLINING,DECLINING,0.6184311552604602,227286.8393043587,0.8160105490757039,255034.20179548106,1.702963,379594.6999056244
DRAGASH,Aktivitetet financiare dhe te sigurimit,49244.17,2026,GROWING,GROWING,0.4057014550157574,69222.60142004331,0.3040693119962477,64217.81089172626,0.036082353,51021.01719798207
DRAGASH,"Aktivitetet profesionale, shkencore dhe teknike",280929.68,2026,DECLINING,DECLINING,0.5037781837864652,422455.92396211287,0.23693333738405328,347491.2866526341,0.030128282,289393.596986599
DRAGASH,"Artet, Argetimi dhe rekreacioni",25044.0,2026,GROWING,GROWING,0.7086263538084225,42790.83840477814,0.37959009186950554,34550.4542607799,-0.06268559,23474.101611614227
DRAGASH,Bujqesia;Pylltaria dhe Peshkimi,434062.08,2026,DECLINING,GROWING,0.5216259501310907,660480.1248958776,0.4864971171161118,645232.0305694231,0.54408294,670227.8265939332
DRAGASH,"Furnizimi me rryme, gaz, avull dhe ajer te kondicionuar",590999.45,2026,DECLINING,GROWING,0.13521496507850075,670911.4199931632,-0.12475907086127916,517266.907738473,-0.7878948,125354.06516824661
DRAGASH,Industria perpunuese,12156588.459999999,2026,GROWING,GROWING,0.21786961283266862,14805139.681146286,0.155396245979962,14045676.670607327,0.14886288,13966252.727611732
DRAGASH,Informimi dhe komunikimi,160631.72,2026,DECLINING,GROWING,0.657896881956497,266310.82773130905,0.8896907629721422,303544.2775243275,0.7784663,285678.0886307144
DRAGASH,Mungon aktiviteti,14180.0,2026,DECLINING,DECLINING,0.6445278120924075,23319.40437547034,0.5053343475032697,21345.641047596364,0.66696596,23637.577333450317
DRAGASH,Ndertimtaria,2263421.49,2026,DECLINING,DECLINING,0.3657040159468716,3091163.8186734524,0.2325005136222935,2789668.148968737,0.18664399,2685875.4357234947
DRAGASH,Person Fizik,591013.68,2026,DECLINING,DECLINING,0.2756085428975073,753902.0991772937,0.2982414050845158,767278.4303473704,-0.41356978,346588.26583331113
DRAGASH,Sherbimet administrative dhe mbeshtetese,2496863.9899999998,2026,DECLINING,DECLINING,0.10145759976343902,2750189.817361163,-0.08302233318823381,2289568.515896517,-0.15430324,2111589.7548010126
DRAGASH,Transporti dhe magazinimi,1568368.91,2026,STABLE,GROWING,0.2288639547814304,1927312.021298841,0.3479275397608665,2114047.646293732,0.045159806,1639196.1625593614
DRAGASH,Tregtia me shumice dhe pakice; Riparimi i mjeteve motorike dhe motoeikletave,18590346.78,2026,GROWING,GROWING,0.2889293691645736,23961643.947696064,0.16520308215955248,21661529.366470914,0.116756596,20760891.68983504
FERIZAJ,Administrimi publik dhe mbrojtja; Sigurimi social i detyrueshem,4947671.53,2026,GROWING,GROWING,-0.058852295889290585,4656489.701153422,0.19935499368459925,5934014.556616622,0.198509,5929828.748355825
FERIZAJ,Akomodimi dhe sherbimi ushqimor,29780114.73,2026,GROWING,GROWING,0.34932374134230704,40183015.82508675,0.2051080165489034,35888254.99486908,0.1876553,35368511.978289574
FERIZAJ,Aktivitetet e patundshmerise,8165129.41,2026,GROWING,GROWING,0.1564801975423128,9442810.473035349,0.23139880336335936,10054530.584780972,0.38682905,11323638.40635379
FERIZAJ,Aktivitetet e shendetit te njeriut dhe te punes sociale,10854759.12,2026,GROWING,GROWING,0.3056049630694887,14172027.379995795,0.18702639177327499,12884885.551781649,0.21922798,13234426.569872988
FERIZAJ,Aktivitetet e tjera sherbyese,5328165.25,2026,GROWING,GROWING,0.5053270088895635,8020631.058651814,0.170818806331508,6238316.07794202,-0.15352122,4510178.715186968
FERIZAJ,Aktivitetet financiare dhe te sigurimit,544309.36,2026,DECLINING,DECLINING,0.49773004257073883,815228.4809244515,0.4202047325718073,773030.7290551316,0.15852818,630597.7478371906
FERIZAJ,"Aktivitetet profesionale, shkencore dhe teknike",25252508.77,2026,GROWING,GROWING,0.3268327417935555,33505855.448464904,0.19282867912365748,30121916.68067768,0.20481953,30424716.50645452
FERIZAJ,Arsimi,8544939.92,2026,GROWING,GROWING,0.16010221513023568,9913003.729346778,0.1816666295940226,10097270.355349816,0.08574508,9277626.615520572
FERIZAJ,"Artet, Argetimi dhe rekreacioni",3675441.54,2026,DECLINING,GROWING,0.3392975594454207,4922509.884406319,0.18289800861538605,4347672.478448267,0.043870926,3836686.5634633256
FERIZAJ,Bujqesia;Pylltaria dhe Peshkimi,2518569.5,2026,GROWING,DECLINING,0.4669856914136601,3694705.4193308563,0.17021059366340982,2947256.709777557,0.09437398,2756256.8304589987
FERIZAJ,"Furnizimi me rryme, gaz, avull dhe ajer te kondicionuar",3266701.9,2026,DECLINING,DECLINING,0.1920875405037237,3894194.633529841,0.14468507815917053,3739344.919724211,0.030997982,3367963.097931409
FERIZAJ,Furnizimi me uje; Kanalizimi; Aktivitetet e menaxhimit dhe te trajtimit te mbeturinave,12332251.040000001,2026,DECLINING,DECLINING,-0.09010044551723934,11221109.727065561,0.07888955647007095,13305136.854823172,0.04099064,12837757.299096642
FERIZAJ,Industria nxjerrese,8250240.93,2026,DECLINING,GROWING,-0.03633321360971181,7950483.163958722,0.1538853255963112,9519831.941761063,0.18790466,9800499.12156646
FERIZAJ,Industria perpunuese,274666016.91,2026,GROWING,GROWING,0.1899330127881148,326834161.01222765,0.17845950217167741,323682777.5512362,0.17498517,322728496.672302
FERIZAJ,Informimi dhe komunikimi,7594889.47,2026,GROWING,GROWING,0.43352829155619593,10887488.926487243,0.18367151494827436,8989854.324819596,0.11952597,8502675.540875206
FERIZAJ,Mungon aktiviteti,0.0,2026,GROWING,GROWING,2.6367146984279857,0.0,4.0017499898795315,0.0,3.601293,0.0
FERIZAJ,Ndertimtaria,177177152.51,2026,GROWING,GROWING,0.15560143925648956,204746172.44392252,0.1724482225258027,207731037.53253254,0.123170406,199000128.97207835
FERIZAJ,Person Fizik,18336.27,2026,DECLINING,DECLINING,0.9931692500465372,36547.28952455082,2.0586197297986923,56083.67719291587,1.1954057,40255.55207198382
FERIZAJ,Sherbimet administrative dhe mbeshtetese,25810660.830000002,2026,STABLE,GROWING,0.31251995045348185,33877007.27376323,0.1638744609825942,30040368.96112081,0.11037018,28659387.573552348
FERIZAJ,Transporti dhe magazinimi,28722388.07,2026,GROWING,GROWING,0.2875034327510335,36980173.23693233,0.16422151403697338,33439222.125612903,0.1144135,32008617.01262599
FERIZAJ,Tregtia me shumice dhe pakice; Riparimi i mjeteve motorike dhe motoeikletave,984751692.83,2026,GROWING,GROWING,0.13450298996425994,1117203739.8880017,0.1653261997416581,1147556947.8947487,0.109053805,1092142656.3984268
FUSHË KOSOVË,Administrimi publik dhe mbrojtja; Sigurimi social i detyrueshem,989969.3200000001,2026,GROWING,GROWING,0.05253978688127278,1041982.0970917986,0.5846401600100617,1568745.141649852,0.91352755,1894333.5067980576
FUSHË KOSOVË,Akomodimi dhe sherbimi ushqimor,9860811.78,2026,GROWING,GROWING,0.3765550573234328,13573950.32507348,0.1937914814891717,11771753.103532076,0.20877805,11919532.5757012
FUSHË KOSOVË,Aktivitetet e patundshmerise,2801517.47,2026,GROWING,DECLINING,0.19715455741363028,3353849.4068844034,0.19052185969656094,3335267.7883568048,0.2318236,3450975.2333151046
FUSHË KOSOVË,Aktivitetet e shendetit te njeriut dhe te punes sociale,23823170.5,2026,GROWING,GROWING,-0.047667671191313876,22687575.44187139,0.14507766414038584,27279380.42855815,0.11840887,26644046.35130489
FUSHË KOSOVË,Aktivitetet e tjera sherbyese,1207498.58,2026,GROWING,DECLINING,0.5990843319975837,1930892.060187331,0.3256371510107454,1600704.9774407207,-0.074911565,1117042.9361474896
FUSHË KOSOVË,Aktivitetet financiare dhe te sigurimit,180522.54,2026,GROWING,GROWING,0.5993828169432042,288724.6485469422,0.2743284989418813,230045.01742337574,0.29721606,234176.73767876386
FUSHË KOSOVË,"Aktivitetet profesionale, shkencore dhe teknike",16862054.38,2026,GROWING,GROWING,0.2570137960968988,21195834.986196138,0.17555978857888704,19822353.081958495,0.18679075,20011729.40078811
FUSHË KOSOVË,Arsimi,1843798.55,2026,GROWING,GROWING,0.37770914370489816,2540218.121484833,0.32792702748225555,2448429.927777593,0.25399363,2312111.637457794
FUSHË KOSOVË,"Artet, Argetimi dhe rekreacioni",791175.46,2026,DECLINING,DECLINING,0.45756678249536936,1153191.0696214938,0.2727093577512721,1006936.4115651671,0.15236399,911722.1301133394
FUSHË KOSOVË,Bujqesia;Pylltaria dhe Peshkimi,3351612.83,2026,DECLINING,DECLINING,0.05012479577669435,3519611.738626299,0.04080335352722949,3488369.8731888877,-0.10026495,3015563.4819196863
FUSHË KOSOVË,"Furnizimi me rryme, gaz, avull dhe ajer te kondicionuar",1248586.46,2026,DECLINING,GROWING,0.23402157565903792,1540782.6307157404,0.19866716812847499,1496639.5961717574,-0.024279118,1218271.8825235844
FUSHË KOSOVË,Furnizimi me uje; Kanalizimi; Aktivitetet e menaxhimit dhe te trajtimit te mbeturinave,451854.9,2026,GROWING,GROWING,0.3594717230728062,614283.9594818905,0.32469204545669245,598568.5917306292,0.5249702,689065.2454015375
FUSHË KOSOVË,Industria nxjerrese,382698.78,2026,DECLINING,DECLINING,0.13647135242575575,434926.20007828675,-0.3116398011175263,263434.60831288004,-0.5824883,159781.21883186817
FUSHË KOSOVË,Industria perpunuese,154042024.08,2026,GROWING,GROWING,0.03256215296123258,159057964.03055084,0.1835920720335025,182322918.4610819,0.21284968,186829809.90800974
FUSHË KOSOVË,Informimi dhe komunikimi,16731903.68,2026,GROWING,GROWING,0.2206861761101852,20424403.522183135,0.15572496442710673,19337478.78536578,0.102423795,18445648.620582543
FUSHË KOSOVË,Mungon aktiviteti,26849.02,2026,DECLINING,DECLINING,0.11498168972789022,29936.165687137916,0.7379783153753459,46663.01454907897,0.56806165,42100.916996369364
FUSHË KOSOVË,Ndertimtaria,128949997.78,2026,GROWING,GROWING,0.05993694370020414,136678866.53708133,0.18679527617677325,153037248.2283094,0.14562693,147728586.54443297
FUSHË KOSOVË,Person Fizik,5228939.32,2026,DECLINING,DECLINING,0.021314762459624825,5340392.919521593,-0.3137046576468583,3588596.700763204,-0.39493048,3163871.794470563
FUSHË KOSOVË,Sherbimet administrative dhe mbeshtetese,13975402.01,2026,GROWING,GROWING,0.34017365229105295,18729465.553977422,0.18041900825474064,16496830.180605508,0.15293235,16112693.856824754
FUSHË KOSOVË,Transporti dhe magazinimi,31721815.21,2026,GROWING,GROWING,0.13203725250533574,35910276.53481037,0.12835652627831343,35793517.21759817,-0.02442516,30947005.148089547
FUSHË KOSOVË,Tregtia me shumice dhe pakice; Riparimi i mjeteve motorike dhe motoeikletave,568132937.59,2026,GROWING,GROWING,0.05835825236955858,601288182.9413359,0.16572199538983504,662285061.6541034,0.12298047,638002196.3598293
GJAKOVË,Administrimi publik dhe mbrojtja; Sigurimi social i detyrueshem,554578.9,2026,GROWING,GROWING,0.15685939376710678,641569.810050029,0.6603485169518479,920794.2541477872,0.7269359,957722.1915475369
GJAKOVË,Akomodimi dhe sherbimi ushqimor,18964581.3,2026,GROWING,GROWING,0.34069280246979194,25425677.65076321,0.22301034448575663,23193879.10874114,0.25341028,23770402.282967377
GJAKOVË,Aktivitetet e patundshmerise,413875.77999999997,2026,GROWING,GROWING,0.39118350670231583,575777.1589595561,0.4307539624225041,592154.4121857046,0.59481364,660054.7165629243
GJAKOVË,Aktivitetet e shendetit te njeriut dhe te punes sociale,14590397.42,2026,GROWING,GROWING,0.20817022549489939,17627683.740981597,0.16277724183013814,16965382.069233164,0.20662715,17605169.371872097
GJAKOVË,Aktivitetet e tjera sherbyese,3884288.62,2026,GROWING,GROWING,0.5826831916605402,6147598.310432315,0.16514987290577912,4525778.391922365,-0.12547198,3396919.3541275575
GJAKOVË,Aktivitetet financiare dhe te sigurimit,987799.65,2026,DECLINING,DECLINING,0.27062165824065365,1255119.6292925375,0.24722310679471457,1232006.5483637317,0.21866533,1203797.2174624086
GJAKOVË,"Aktivitetet profesionale, shkencore dhe teknike",22408923.12,2026,GROWING,GROWING,0.22751794529468247,27507355.264528908,0.17767764454450835,26390487.796740577,0.19328132,26740148.75347415
GJAKOVË,Arsimi,977142.9,2026,DECLINING,GROWING,0.4046320038261175,1372526.1896514636,0.27313472747568346,1244034.559696299,0.29891875,1269229.2088923454
GJAKOVË,"Artet, Argetimi dhe rekreacioni",1865580.04,2026,GROWING,GROWING,0.5607369888478948,2911679.774084335,0.420548603618042,2650147.1207596906,0.21548763,2267589.4042575313
GJAKOVË,Bujqesia;Pylltaria dhe Peshkimi,7022352.46,2026,GROWING,GROWING,0.2617675477036324,8860576.44256477,0.16906370462158574,8209577.382046105,0.09368939,7680272.741263952
GJAKOVË,"Furnizimi me rryme, gaz, avull dhe ajer te kondicionuar",2151900.18,2026,GROWING,GROWING,0.04844499484958459,2256148.9731369205,0.7144909003753926,3689413.2771261698,0.10546549,2378851.475894101
GJAKOVË,Furnizimi me uje; Kanalizimi; Aktivitetet e menaxhimit dhe te trajtimit te mbeturinave,8551970.27,2026,GROWING,GROWING,-0.1402366345075744,7352670.740926367,-0.003259308557042065,8524096.76011942,-0.03914472,8217206.003798174
GJAKOVË,Industria nxjerrese,2006659.96,2026,DECLINING,GROWING,0.22167620161771615,2451488.717871158,0.34369656158512724,2696342.088522549,0.41732633,2844091.9989495515
GJAKOVË,Industria perpunuese,191119322.24,2026,GROWING,GROWING,0.09996547225827071,210224655.54540226,0.17926285322386964,225379917.25095457,0.21131876,231506414.94419846
GJAKOVË,Informimi dhe komunikimi,8004469.4399999995,2026,GROWING,GROWING,0.3329299155424358,10669396.774621207,0.18886585137098424,9516240.375558624,0.14482318,9163702.266975058
GJAKOVË,Mungon aktiviteti,4800.0,2026,DECLINING,GROWING,0.9679352111443735,9446.089013492992,1.479450134713855,11901.360646626505,1.1957871,10539.777374267578
GJAKOVË,Ndertimtaria,75995261.81,2026,GROWING,GROWING,0.21276173729880063,92164145.7391728,0.17218505914525836,89080510.45951425,0.1804991,89712336.41116698
GJAKOVË,Person Fizik,1388126.3,2026,DECLINING,DECLINING,0.24372089454366438,1726441.683575587,0.245986176418641,1729586.1809231555,-0.020389816,1359822.6888878108
GJAKOVË,Sherbimet administrative dhe mbeshtetese,8509541.16,2026,GROWING,GROWING,0.31083960219414364,11154643.549029091,0.18094872935726647,10049331.82031536,0.13646787,9670820.658455543
GJAKOVË,Transporti dhe magazinimi,5861821.75,2026,GROWING,GROWING,0.33173562738799167,7806396.8658728255,0.18882877942557333,6968702.396262779,0.19110642,6982053.628566116
GJAKOVË,Tregtia me shumice dhe pakice; Riparimi i mjeteve motorike dhe motoeikletave,202207875.69,2026,GROWING,GROWING,0.2669580736151919,256188900.6540226,0.16572199538983504,235718168.33288652,0.13188514,228876095.94009927
GJILAN,Administrimi publik dhe mbrojtja; Sigurimi social i detyrueshem,1980485.23,2026,STABLE,STABLE,0.12478901818029495,2227628.0373722753,0.7588001934543115,3483277.805657407,0.69273347,3352433.7470240523
GJILAN,Akomodimi dhe sherbimi ushqimor,20327640.45,2026,GROWING,GROWING,0.28564052668033296,26134038.37430644,0.2014145455903336,24421922.914160434,0.25797594,25571682.520458717
GJILAN,"Aktivitetet e ekonomive familjare si punedhenes; Mallrat dhe sherbimet e padiferencuara, Aktivitetet e ekonomive familjare per perdorim vetanak",1825.0,2026,GROWING,GROWING,0.7180330240574242,3135.410268904799,0.5219073402704656,2777.4808959936,0.23025797,2245.2208280563354
GJILAN,Aktivitetet e patundshmerise,3028673.65,2026,GROWING,GROWING,0.19000810912760757,3604146.203401109,0.19839265121711416,3629540.245094914,0.18180805,3579310.733338904
GJILAN,Aktivitetet e shendetit te njeriut dhe te punes sociale,6264218.47,2026,GROWING,GROWING,0.32681617164868354,8311466.368736373,0.1829345419178902,7410160.406283037,0.28595203,8055484.8413369125
GJILAN,Aktivitetet e tjera sherbyese,1986337.18,2026,DECLINING,DECLINING,0.6309585035508107,3239633.514640137,0.33472203538407946,2651208.0038486724,0.07561714,2136538.4242385123
GJILAN,Aktivitetet financiare dhe te sigurimit,16145612.41,2026,GROWING,DECLINING,-0.19769480815041485,12953708.662134092,0.14544258508237348,18493872.01664845,0.7761955,28677764.529158745
GJILAN,"Aktivitetet profesionale, shkencore dhe teknike",19344452.98,2026,GROWING,GROWING,0.32236039997375787,25580338.579906352,0.19164778415098038,23051774.529229827,0.29442742,25039989.87602748
GJILAN,Arsimi,1875724.7,2026,DECLINING,GROWING,0.3122013603454612,2461328.502973582,0.38443453188183924,2596818.046983703,0.35507548,2541748.54548763
GJILAN,"Artet, Argetimi dhe rekreacioni",7548958.08,2026,GROWING,GROWING,0.09864589024526965,8293631.770225821,0.11966386736943872,8452295.598462574,0.33994544,10115191.922257919
GJILAN,Bujqesia;Pylltaria dhe Peshkimi,2572996.6999999997,2026,GROWING,GROWING,0.41275770926850347,3635020.9238474187,0.18392345829361337,3046231.1512420545,0.21224242,3119095.6044452423
GJILAN,"Furnizimi me rryme, gaz, avull dhe ajer te kondicionuar",9718373.290000001,2026,GROWING,GROWING,-0.18362109463898446,7933874.948379932,-0.009560551920071896,9625460.277582316,0.06797062,10378937.27917662
GJILAN,Furnizimi me uje; Kanalizimi; Aktivitetet e menaxhimit dhe te trajtimit te mbeturinave,5364890.16,2026,DECLINING,GROWING,-0.14842176509401367,4568623.692917295,0.01962619613220634,5470182.546507904,0.14045548,6118418.406123334
GJILAN,Industria nxjerrese,3150.0,2026,GROWING,GROWING,1.1235421142065347,6689.157659750584,3.4821127478400284,14118.655155696091,3.9545538,15606.843852996826
GJILAN,Industria perpunuese,188422811.62,2026,GROWING,GROWING,0.09389743213493312,206115229.78676224,0.18177061043508885,222672541.10806316,0.2969182,244368964.97300953
GJILAN,Informimi dhe komunikimi,17645179.59,2026,GROWING,GROWING,0.2484352510847233,22028864.211876687,0.17168665582990034,20674621.465325113,0.18735847,20951153.945038695
GJILAN,Mungon aktiviteti,64946.02,2026,DECLINING,DECLINING,0.533682000985627,99606.54190965254,0.5088438609703142,97993.40357145524,1.002335,130043.69360447883
GJILAN,Ndertimtaria,99188170.29,2026,GROWING,GROWING,0.15750714463050108,114811015.77350181,0.17555598967327604,116601247.6891424,0.24579956,123568577.0668664
GJILAN,Person Fizik,996151.16,2026,DECLINING,DECLINING,0.34463513025989106,1339459.8447851418,0.290901582973603,1285933.109324991,0.38378018,1378454.2922697545
GJILAN,Sherbimet administrative dhe mbeshtetese,11048720.61,2026,GROWING,GROWING,0.34488584288517743,14859267.93038268,0.18268646131546246,13067172.280304117,0.29730904,14333605.139092965
GJILAN,Transporti dhe magazinimi,22082302.96,2026,GROWING,GROWING,0.23495956940712104,27270751.354999192,0.1554734210010212,25515514.144772176,0.17399998,25924624.222582456
GJILAN,Tregtia me shumice dhe pakice; Riparimi i mjeteve motorike dhe motoeikletave,298748655.03,2026,GROWING,GROWING,0.23767766191050943,369754536.8564397,0.16796940214151543,348929288.0059709,0.22998297,367455758.63814473
GLLOGOC,Akomodimi dhe sherbimi ushqimor,4434592.87,2026,GROWING,GROWING,0.28399813331638285,5694008.967098141,0.21322586696297044,5380162.779333558,0.30493447,5786853.236824999
GLLOGOC,Aktivitetet e patundshmerise,30910.0,2026,GROWING,GROWING,0.5254484450665116,47151.61143700587,0.22605906848601015,37897.48580690257,-0.07337893,28641.857565641403
GLLOGOC,Aktivitetet e shendetit te njeriut dhe te punes sociale,1944084.51,2026,DECLINING,GROWING,0.2853491318713096,2498827.3372129602,0.461237347199151,2840768.892123361,0.55134964,3015954.8045092393
GLLOGOC,Aktivitetet e tjera sherbyese,508699.72,2026,GROWING,DECLINING,0.6490823326809616,838887.7208917519,0.33435158528222747,678784.2778146252,0.053092558,535707.9102021836
GLLOGOC,Aktivitetet financiare dhe te sigurimit,26337.14,2026,DECLINING,DECLINING,0.4554653533421756,38332.79477612234,0.21350307272729235,31960.20031684888,0.0888184,28676.363449208737
GLLOGOC,"Aktivitetet profesionale, shkencore dhe teknike",3445507.61,2026,GROWING,GROWING,0.35176655631572123,4657521.9567293115,0.20100328739716314,4138065.9663619427,0.43793756,4954424.59238259
GLLOGOC,Arsimi,292851.57,2026,DECLINING,GROWING,0.43027415442859684,418858.0316548371,0.2865798161717584,376776.9190962108,0.28495073,376299.839585824
GLLOGOC,"Artet, Argetimi dhe rekreacioni",598719.55,2026,DECLINING,GROWING,0.393946145028369,834582.8086756199,0.3219809512151458,791495.8402201041,0.31819236,789227.5382602751
GLLOGOC,Bujqesia;Pylltaria dhe Peshkimi,692803.28,2026,GROWING,GROWING,0.5354215417490449,1063745.0803063952,0.3856637210487207,959992.3709195589,0.49190247,1033594.925063944
GLLOGOC,Furnizimi me uje; Kanalizimi; Aktivitetet e menaxhimit dhe te trajtimit te mbeturinave,6756338.77,2026,STABLE,STABLE,-0.24418638277679167,5106532.844939102,-0.04845048540753012,6428990.877015784,0.13094755,7641065.048305573
GLLOGOC,Industria nxjerrese,10156449.57,2026,DECLINING,GROWING,-0.24573751188087295,7660628.923124638,0.1272354629195599,11448710.132658115,1.2275189,22623684.74863921
GLLOGOC,Industria perpunuese,53777388.67,2026,GROWING,GROWING,0.1407202196366015,61344954.61512529,0.18836375715644205,63907099.64994348,0.38598767,74534795.97729155
GLLOGOC,Informimi dhe komunikimi,2064928.5,2026,GROWING,GROWING,0.35447980305960736,2796903.9480121704,0.2777327137242279,2638426.6959514995,0.39861715,2888044.4103185534
GLLOGOC,Ndertimtaria,60531661.14,2026,GROWING,GROWING,0.20577765820602573,72987724.61670989,0.19669449524995816,72437905.67457381,0.3747285,83214596.16456343
GLLOGOC,Person Fizik,170114.36,2026,DECLINING,DECLINING,0.5592079149885958,265243.65656521934,0.5892297260220305,270350.79773521307,0.9073933,324474.97639306064
GLLOGOC,Sherbimet administrative dhe mbeshtetese,7575006.4799999995,2026,STABLE,GROWING,0.16001483169762137,8787119.86700559,0.07395620739296328,8135225.230237921,0.2676207,9602234.885758523
GLLOGOC,Transporti dhe magazinimi,4545262.27,2026,GROWING,GROWING,0.3218026382668061,6007939.660100571,0.3145650455172379,5975042.902850334,0.39581332,6344337.7371231755
GLLOGOC,Tregtia me shumice dhe pakice; Riparimi i mjeteve motorike dhe motoeikletave,133555046.2,2026,GROWING,GROWING,0.14081663855253107,152361818.867612,0.17163625969362845,156477934.79297775,0.34883872,180144213.15102693
GRAÇANICË,Akomodimi dhe sherbimi ushqimor,24490193.12,2026,GROWING,GROWING,0.07345771127363102,26289186.655244425,0.16379818116775188,28501642.20950299,0.3251958,32454300.802677844
GRAÇANICË,Aktivitetet e patundshmerise,21505629.37,2026,DECLINING,DECLINING,-0.24836124019693112,16164464.588451255,0.20595149664679663,25934745.925082806,1.4151561,51939452.51692143
GRAÇANICË,Aktivitetet e shendetit te njeriut dhe te punes sociale,12079563.05,2026,GROWING,GROWING,-0.07501965223954815,11173358.430783305,0.10017700567102585,13289657.506163364,0.26826772,15320120.259346135
GRAÇANICË,Aktivitetet e tjera sherbyese,1413730.07,2026,DECLINING,DECLINING,0.3197481369757167,1865767.6260690496,0.38029392703116616,1951363.0300823452,0.3583051,1920276.75933483
GRAÇANICË,Aktivitetet financiare dhe te sigurimit,1156652.25,2026,DECLINING,DECLINING,-0.006601030971493005,1149017.152674503,-0.110230652816731,1029153.7174005593,0.11229646,1286540.2055076063
GRAÇANICË,"Aktivitetet profesionale, shkencore dhe teknike",11307220.71,2026,GROWING,GROWING,0.08288308841964001,12244398.083887316,0.3032002462823157,14735572.814040503,0.60716724,18172594.74531009
GRAÇANICË,Arsimi,27045.0,2026,DECLINING,DECLINING,0.459381436722048,39468.97095614779,0.4562972095931903,39385.55803344783,1.1533107,58236.28993034363
GRAÇANICË,"Artet, Argetimi dhe rekreacioni",1820364.14,2026,DECLINING,GROWING,0.2321763038553479,2243009.557696019,0.5171736120920626,2761808.4376066606,1.8176141,5129083.628900099
GRAÇANICË,Bujqesia;Pylltaria dhe Peshkimi,16726149.86,2026,DECLINING,GROWING,-0.19504222864242005,13463844.314698497,0.23514108974041104,20659154.965241823,0.53939563,25748161.010268442
GRAÇANICË,Furnizimi me uje; Kanalizimi; Aktivitetet e menaxhimit dhe te trajtimit te mbeturinave,4846909.57,2026,DECLINING,GROWING,-0.06611927041670829,4526435.445455839,0.0009566462229521981,4851546.347733132,0.49088746,7226196.423759211
GRAÇANICË,Industria perpunuese,254751922.35,2026,GROWING,GROWING,-0.2263387829274603,197091682.2968701,0.25848219671149497,320600758.85550416,0.76887643,450624671.80125546
GRAÇANICË,Informimi dhe komunikimi,7128406.98,2026,STABLE,GROWING,0.01999342350998054,7270928.239702642,0.1076027502577664,7895443.176004658,0.52781814,10890909.9422396
GRAÇANICË,Ndertimtaria,37589571.77,2026,DECLINING,DECLINING,-0.06252176846810781,35239405.26698074,0.12889501503675688,42434680.18851941,0.1600548,43605963.270539485
GRAÇANICË,Person Fizik,6448927.16,2026,DECLINING,DECLINING,-0.18603015463668832,5249232.243184461,-0.419461943788234,3743847.6381176645,0.38642412,8940947.805710182
GRAÇANICË,Sherbimet administrative dhe mbeshtetese,2778956.02,2026,GROWING,GROWING,0.1978479123983934,3328766.667203948,0.12982915285973254,3139745.525911054,0.49239147,4147290.251678674
GRAÇANICË,Transporti dhe magazinimi,4527085.45,2026,DECLINING,GROWING,0.1720446762607145,5305946.400649842,0.13609774767323718,5143211.583269284,0.36061195,6159606.406156778
GRAÇANICË,Tregtia me shumice dhe pakice; Riparimi i mjeteve motorike dhe motoeikletave,1755978577.71,2026,GROWING,GROWING,-0.29581058940451593,1236541519.6559012,0.17207844026095903,2058144632.493994,0.29672953,2277029336.638024
HANI I ELEZIT,Administrimi publik dhe mbrojtja; Sigurimi social i detyrueshem,0.0,2026,GROWING,GROWING,2.2770640860746445,0.0,0.9932646794143577,0.0,0.4600824,0.0
HANI I ELEZIT,Akomodimi dhe sherbimi ushqimor,636964.51,2026,GROWING,GROWING,0.35866058545264057,865418.5740691543,0.5266408515768107,972416.0419706061,0.44227135,918675.6648954141
HANI I ELEZIT,Aktivitetet e shendetit te njeriut dhe te punes sociale,7230.0,2026,GROWING,GROWING,0.6729432145994381,12095.379441553938,0.21135806094299472,8758.118780617853,0.6387739,11848.335428237915
HANI I ELEZIT,Aktivitetet e tjera sherbyese,71549.0,2026,GROWING,GROWING,0.661497436349654,118878.48007338139,0.7646684316722862,126260.2616177204,0.37903428,98668.52375531197
HANI I ELEZIT,"Aktivitetet profesionale, shkencore dhe teknike",320665.42,2026,DECLINING,DECLINING,0.3576397761082045,435348.1290144434,0.281432272554793,410911.0178803372,0.21873686,390806.7757323408
HANI I ELEZIT,Arsimi,3610.0,2026,DECLINING,DECLINING,0.6956612821550086,6121.337228579581,0.11359014374346443,4020.060418913907,-0.20548002,2868.217058777809
HANI I ELEZIT,"Artet, Argetimi dhe rekreacioni",3250.0,2026,GROWING,GROWING,0.9410114589905005,6308.2872417191265,1.4758200353390403,8046.415114851881,1.5877494,8410.185813903809
HANI I ELEZIT,Bujqesia;Pylltaria dhe Peshkimi,50711.0,2026,GROWING,GROWING,0.5070155365928868,76422.26487616188,0.20948531904348355,61334.2100140141,-0.11081649,45091.3855471611
HANI I ELEZIT,"Furnizimi me rryme, gaz, avull dhe ajer te kondicionuar",6450.0,2026,DECLINING,GROWING,0.5343551244450109,9896.59055267032,0.4255932586447544,9195.076518258666,0.056368433,6813.576632738113
HANI I ELEZIT,Furnizimi me uje; Kanalizimi; Aktivitetet e menaxhimit dhe te trajtimit te mbeturinave,269134.81,2026,DECLINING,STABLE,0.22725601106063625,330297.31335816224,-0.08601664390354682,245984.7368861813,0.011935732,272347.12528716563
HANI I ELEZIT,Industria nxjerrese,162247.38,2026,DECLINING,GROWING,0.26686519640753004,205545.55893030716,0.326047157540441,215147.67706738383,0.36341426,221210.39601233482
HANI I ELEZIT,Industria perpunuese,114457099.71000001,2026,STABLE,GROWING,-0.48846828412649007,58548436.608561724,0.05307650913512334,120532083.00833754,0.047702026,119916940.75601806
HANI I ELEZIT,Informimi dhe komunikimi,15916.95,2026,DECLINING,GROWING,0.7201330610475767,27379.271926041227,0.6476274074750389,26225.203063409823,0.7389059,27678.078371286392
HANI I ELEZIT,Mungon aktiviteti,0.0,2026,DECLINING,DECLINING,1.9716016843463513,0.0,-0.002387454439661867,0.0,-0.61270076,0.0
HANI I ELEZIT,Ndertimtaria,2071884.9100000001,2026,DECLINING,DECLINING,0.2811222279447822,2654337.811944375,0.24162039104262173,2572494.552149507,0.1672655,2418439.8466883935
HANI I ELEZIT,Sherbimet administrative dhe mbeshtetese,2521384.97,2026,DECLINING,DECLINING,-0.05770361808001351,2375891.9346584342,-0.279596967510329,1816413.3784618785,1.0976298,5288932.213879131
HANI I ELEZIT,Transporti dhe magazinimi,8916305.99,2026,GROWING,GROWING,0.24068845380830436,11062357.892414821,0.17974821023549964,10518996.033614565,0.2337981,11000921.801840724
HANI I ELEZIT,Tregtia me shumice dhe pakice; Riparimi i mjeteve motorike dhe motoeikletave,13173417.56,2026,STABLE,GROWING,0.1510632030585556,15163436.211841423,0.14009928114713163,15019003.890407,0.16247664,15313790.430404088
ISTOG,Administrimi publik dhe mbrojtja; Sigurimi social i detyrueshem,157405.7,2026,DECLINING,GROWING,0.08718561968754995,171129.2134968526,-0.42147867536807004,91062.55406861618,-0.5576852,69622.87128106953
ISTOG,Akomodimi dhe sherbimi ushqimor,3156268.9,2026,GROWING,GROWING,0.3456066187997051,4247096.322551665,0.2159862311880437,3837979.524327032,0.18870708,3751879.2928102254
ISTOG,Aktivitetet e patundshmerise,1167010.95,2026,DECLINING,GROWING,-0.20708460971112946,925340.9428906356,0.12889076948410078,1317427.8893418715,0.1346552,1324155.0862847685
ISTOG,Aktivitetet e shendetit te njeriut dhe te punes sociale,11691471.56,2026,GROWING,GROWING,-0.09621994800306799,10566518.774417453,0.11718919425567592,13061585.691779552,0.28469974,15020029.753400508
ISTOG,Aktivitetet e tjera sherbyese,415431.25,2026,DECLINING,DECLINING,0.6364447819967656,679830.3013408938,0.2966329090144449,538661.830183007,-0.244676,313785.19600108266
ISTOG,Aktivitetet financiare dhe te sigurimit,242182.13999999998,2026,DECLINING,GROWING,0.2277204938069525,297331.9765120245,0.05524565246023851,255561.6503385168,-0.1491473,206061.3344652414
ISTOG,"Aktivitetet profesionale, shkencore dhe teknike",4373119.59,2026,GROWING,GROWING,0.24877385450951753,5461037.40663538,0.24016700260820212,5423398.61397751,0.27896315,5593058.539345836
ISTOG,Arsimi,95179.32,2026,DECLINING,GROWING,0.537088780342641,146299.06489264194,0.29255047457331285,123024.07523556522,-0.13682674,82156.24263298989
ISTOG,"Artet, Argetimi dhe rekreacioni",334488.77999999997,2026,DECLINING,GROWING,0.3965639493259383,467134.9716020149,0.252301604203799,418880.8357821716,0.076692946,360141.70753537415
ISTOG,Bujqesia;Pylltaria dhe Peshkimi,14858788.69,2026,GROWING,GROWING,0.2547773618774653,18644471.67313292,0.173184769834895,17432104.58930299,0.16245466,17272667.338936023
ISTOG,"Furnizimi me rryme, gaz, avull dhe ajer te kondicionuar",35688.71,2026,GROWING,GROWING,0.5748167078654288,56203.176790164005,0.27805479180113496,45612.12682870108,0.09646596,39131.455144683125
ISTOG,Furnizimi me uje; Kanalizimi; Aktivitetet e menaxhimit dhe te trajtimit te mbeturinave,36530.14,2026,GROWING,GROWING,0.6687460572710775,60959.52709656048,0.7156408240244134,62672.599491327186,0.6787696,61325.68809456825
ISTOG,Industria nxjerrese,166724.56,2026,DECLINING,GROWING,0.27855719316349087,213166.88546501804,0.3247065176463242,220861.11128371564,0.73027784,288479.80100111006
ISTOG,Industria perpunuese,61639932.87,2026,GROWING,GROWING,0.052663631894959984,64886115.60469572,0.18761932669839007,73204775.57280336,0.21996015,75198265.61536242
ISTOG,Informimi dhe komunikimi,1538375.24,2026,GROWING,GROWING,0.26829927988326613,1951120.2090822468,0.37713115969969474,2118544.478314496,0.35509503,2084644.6402718592
ISTOG,Mungon aktiviteti,0.0,2026,DECLINING,GROWING,2.509768561217716,0.0,2.7114855707598653,0.0,1.4208707,0.0
ISTOG,Ndertimtaria,23702400.009999998,2026,GROWING,GROWING,0.22965641730250946,29145808.27776756,0.17741655573694645,27907598.182473563,0.17780595,27916826.589536846
ISTOG,Person Fizik,58731.01,2026,DECLINING,GROWING,0.662100917625906,97616.86561409627,1.336860656407062,137246.18658004972,0.7784911,104452.57389243126
ISTOG,Sherbimet administrative dhe mbeshtetese,463920.7,2026,GROWING,GROWING,0.5667541162360409,726849.6663321054,0.6136069480270566,748585.6648535758,0.779221,825417.4786319257
ISTOG,Transporti dhe magazinimi,916213.09,2026,GROWING,GROWING,0.4957478355817667,1370423.7462991823,0.5882438575823367,1455169.8124290325,0.6961787,1554061.1047370457
ISTOG,Tregtia me shumice dhe pakice; Riparimi i mjeteve motorike dhe motoeikletave,84960360.23,2026,GROWING,GROWING,0.11435487149518261,94675991.30628607,0.17375865353254275,99722958.0272046,0.21153028,102932053.07919767
JUNIK,Akomodimi dhe sherbimi ushqimor,309529.65,2026,GROWING,GROWING,0.29923026137886677,402150.2880740091,0.43040033851318377,442751.31613986735,0.29389268,400498.1304233909
JUNIK,Aktivitetet e shendetit te njeriut dhe te punes sociale,2970.0,2026,DECLINING,DECLINING,0.6312170907233376,4844.714759448313,0.13602816566028805,3374.0036520110552,0.49274266,4433.445693254471
JUNIK,Aktivitetet e tjera sherbyese,4234.0,2026,GROWING,GROWING,0.8525585173314401,7843.732762381317,1.2305335328586042,9444.07897812333,0.42169246,6019.446005105972
JUNIK,Arsimi,1020.0,2026,DECLINING,DECLINING,0.9762589361713583,2015.7841148947855,0.08115532865638128,1102.778435229509,-0.67706406,329.3946576118469
JUNIK,Bujqesia;Pylltaria dhe Peshkimi,7173.62,2026,GROWING,GROWING,0.9218826684054167,13786.855947726464,1.5832091489122817,18530.960814820122,1.8113215,20167.35211704731
JUNIK,Industria perpunuese,1154260.14,2026,GROWING,GROWING,0.17364456639629783,1354691.1415188299,0.30450225164694705,1505734.9516163203,0.56464684,1806009.4806992123
JUNIK,Ndertimtaria,3273088.15,2026,DECLINING,DECLINING,0.16033315264159154,3797872.691963334,0.021469291275489168,3343359.032862702,0.14935102,3761927.140862733
JUNIK,Person Fizik,0.0,2026,DECLINING,DECLINING,1.9787250237540046,0.0,-0.002180043825623321,0.0,-0.9838987,0.0
JUNIK,Sherbimet administrative dhe mbeshtetese,8849.119999999999,2026,DECLINING,GROWING,0.8169051943779664,16078.012093673948,1.4095904469276601,21322.75501571649,1.327612,20597.31722198486
JUNIK,Transporti dhe magazinimi,105529.13,2026,DECLINING,DECLINING,0.3244021979382816,139763.01171851467,0.4989295245198825,158180.7286538969,0.86192125,196486.93601758959
JUNIK,Tregtia me shumice dhe pakice; Riparimi i mjeteve motorike dhe motoeikletave,3936041.68,2026,DECLINING,GROWING,0.13835499554208908,4480612.709089877,0.09682520702873398,4317149.730539726,0.08200529,4258817.810686856
KAMENICË,Akomodimi dhe sherbimi ushqimor,1782402.32,2026,STABLE,DECLINING,0.3545449920197483,2414344.136320381,0.44884722668096105,2582428.658161711,0.5678772,2794587.911385565
KAMENICË,Aktivitetet e patundshmerise,3347.4900000000002,2026,DECLINING,DECLINING,0.860049278771863,6226.496360196024,0.7902667523553732,5992.900050842089,0.29743785,4343.160416843892
KAMENICË,Aktivitetet e shendetit te njeriut dhe te punes sociale,317960.6,2026,GROWING,GROWING,0.39472920766365893,443468.9357062616,0.21951160032120492,387756.6401450905,0.041539866,331168.65389847755
KAMENICË,Aktivitetet e tjera sherbyese,164254.89,2026,DECLINING,DECLINING,0.7769585547208093,291874.13194022555,0.5804359890761567,259594.3395377453,0.31041086,215241.391204294
KAMENICË,Aktivitetet financiare dhe te sigurimit,1089822.53,2026,DECLINING,DECLINING,0.04575067378009745,1139682.6450482304,0.267992274554258,1381886.5486751762,0.059476167,1154640.9642757059
KAMENICË,"Aktivitetet profesionale, shkencore dhe teknike",1999803.26,2026,DECLINING,DECLINING,0.292786124094283,2585317.9054465117,0.24070601024807753,2481167.923995699,0.2877789,2575304.3511284254
KAMENICË,Arsimi,5100.0,2026,DECLINING,GROWING,0.8485053991870373,9427.37753585389,1.105546647624397,10738.287902884425,1.2406098,11427.10919380188
KAMENICË,"Artet, Argetimi dhe rekreacioni",95915.98,2026,DECLINING,GROWING,0.46825725819528113,140829.3338119134,0.22671953610829565,117662.00649097256,-0.1412832,82364.66206279158
KAMENICË,Bujqesia;Pylltaria dhe Peshkimi,1832304.5899999999,2026,GROWING,GROWING,0.4838788787619255,2718918.0805595294,0.29992397386296826,2381856.6639601565,0.22631648,2246985.263840427
KAMENICË,Furnizimi me uje; Kanalizimi; Aktivitetet e menaxhimit dhe te trajtimit te mbeturinave,34316.68,2026,DECLINING,DECLINING,0.43008469665494536,49075.758908004835,0.14549821237384403,39309.69559460525,0.4282851,49014.00347761154
KAMENICË,Industria nxjerrese,800489.76,2026,DECLINING,GROWING,0.24438215361653606,996115.1714967841,0.26860913071228365,1015508.6185776846,0.2639224,1011756.981001854
KAMENICË,Industria perpunuese,14981549.17,2026,GROWING,GROWING,0.20186309344054673,18005771.029987857,0.1599684541401235,17378124.431349147,0.18746169,17790016.35268863
KAMENICË,Informimi dhe komunikimi,590655.4400000001,2026,GROWING,GROWING,0.35261109702224414,798927.1026605563,0.2338832253092074,728799.839353629,0.08932303,643414.5817515565
KAMENICË,Mungon aktiviteti,73503.31,2026,DECLINING,DECLINING,0.209439975906976,88897.84147548299,-0.46429026019867337,39376.43907463625,-0.5220844,35128.377401103375
KAMENICË,Ndertimtaria,13056738.11,2026,GROWING,DECLINING,0.10843274666308311,14472516.08572785,0.21864430254410483,15911519.507561982,0.17000751,15276481.086887447
KAMENICË,Person Fizik,263830.08,2026,DECLINING,DECLINING,0.47849763944472795,390072.15049451374,0.4689267709010021,387547.06748095306,0.0979805,289680.2829602051
KAMENICË,Sherbimet administrative dhe mbeshtetese,1082575.19,2026,GROWING,GROWING,0.37518537041580047,1488741.5636631055,0.37484833757004565,1488376.7002660763,0.35572562,1467674.948826872
KAMENICË,Transporti dhe magazinimi,2115663.76,2026,GROWING,GROWING,0.43114509671493906,3027821.816421491,0.3868978379957399,2934209.4946699375,0.31761754,2787635.669590654
KAMENICË,Tregtia me shumice dhe pakice; Riparimi i mjeteve motorike dhe motoeikletave,31953530.56,2026,GROWING,GROWING,0.2546677660169693,40091064.80407016,0.17231681064543133,37459661.03496052,0.2112992,38705285.396891095
KAÇANIK,Administrimi publik dhe mbrojtja; Sigurimi social i detyrueshem,218900.94,2026,GROWING,GROWING,0.12288111399055737,245799.7313607802,0.18014609058434955,258335.08856623925,0.06759581,233697.73280673265
KAÇANIK,Akomodimi dhe sherbimi ushqimor,2011007.32,2026,GROWING,GROWING,0.3987655559944249,2812927.7720686584,0.6853552140968455,3389261.6723489235,0.6522234,3322633.2483448125
KAÇANIK,Aktivitetet e shendetit te njeriut dhe te punes sociale,351245.44,2026,GROWING,GROWING,0.36582820481273565,479740.9287638595,0.2133512395497775,426184.090010207,0.0429395,366327.7589287567
KAÇANIK,Aktivitetet e tjera sherbyese,297863.27,2026,GROWING,DECLINING,0.6316145435406105,485998.04331856366,0.3606352379697127,405283.2612588868,0.20073445,357654.7034151042
KAÇANIK,Aktivitetet financiare dhe te sigurimit,12236.34,2026,DECLINING,DECLINING,0.5083894058688739,18457.165622609537,-0.04713719477291931,11659.553258112337,-0.39338815,7422.708818657398
KAÇANIK,"Aktivitetet profesionale, shkencore dhe teknike",1089745.65,2026,GROWING,GROWING,0.4084900246949358,1534895.8774796987,0.29761818227041315,1414073.7694900897,0.37632197,1499840.9463044284
KAÇANIK,Arsimi,25575.739999999998,2026,DECLINING,DECLINING,0.4262255948371457,36476.77499490018,0.046793334707133996,26772.514162202635,0.33768857,34212.374945914744
KAÇANIK,"Artet, Argetimi dhe rekreacioni",131179.21,2026,DECLINING,GROWING,0.5189123554836041,199249.72285157835,0.6574432379571378,217422.09457505934,0.71776116,225334.5517988503
KAÇANIK,Bujqesia;Pylltaria dhe Peshkimi,1306164.64,2026,DECLINING,GROWING,0.27006099123059735,1658908.7573887561,0.30657916155093495,1706607.5001786787,0.30051723,1698689.5822113226
KAÇANIK,Furnizimi me uje; Kanalizimi; Aktivitetet e menaxhimit dhe te trajtimit te mbeturinave,124935.81999999999,2026,DECLINING,GROWING,0.4670660582356354,183289.10097983686,0.3236908654964095,165376.4037073036,0.20158859,150121.46087621688
KAÇANIK,Industria nxjerrese,4703221.16,2026,DECLINING,DECLINING,0.029532804161894105,4842120.469448357,0.23675341891768364,5816724.849555994,0.030343808,4845934.625751257
KAÇANIK,Industria perpunuese,33663466.51,2026,STABLE,GROWING,0.11053615122318869,37384496.534846105,0.16721864851792684,39292625.88423069,0.1333712,38153204.577140756
KAÇANIK,Informimi dhe komunikimi,160818.77,2026,GROWING,GROWING,0.5867265844085173,255175.4176308789,0.7502677588197215,281475.9081440442,0.5443982,248368.21707943318
KAÇANIK,Ndertimtaria,17203872.9,2026,GROWING,GROWING,0.20295294467575087,20695449.564882345,0.17079418395460316,20142194.332814213,0.16486527,20040193.798767827
KAÇANIK,Person Fizik,7595.45,2026,DECLINING,DECLINING,0.5726967533555861,11945.339555274686,-0.33055094251614875,5084.766843665718,-1.0134752,-102.35005344152451
KAÇANIK,Sherbimet administrative dhe mbeshtetese,378985.84,2026,GROWING,GROWING,0.48076367477288695,561188.4651252894,0.43117632823183216,542395.5629430567,0.18961027,450845.43715669634
KAÇANIK,Transporti dhe magazinimi,3980857.62,2026,GROWING,GROWING,0.40339262683390703,5586706.232383575,0.21313732264425034,4829326.954954763,0.22290374,4868205.626066351
KAÇANIK,Tregtia me shumice dhe pakice; Riparimi i mjeteve motorike dhe motoeikletave,61245487.83,2026,GROWING,GROWING,0.13769714606887948,69678816.71378729,0.17603393893468297,72026772.29469109,0.2298025,75319853.39054486
KLINË,Akomodimi dhe sherbimi ushqimor,17926004.75,2026,GROWING,GROWING,0.057937528246856856,18964593.156556416,0.22449690472571968,21950337.33047355,1.0156119,36131868.26012677
KLINË,Aktivitetet e patundshmerise,15250.0,2026,GROWING,GROWING,0.7698689595367807,26990.501632935906,1.7335330162431695,41686.378497708334,2.620617,55214.4079208374
KLINË,Aktivitetet e shendetit te njeriut dhe te punes sociale,2167350.67,2026,STABLE,DECLINING,0.16294035981573057,2520499.5680166646,0.45961494312498874,3163497.424923956,0.8011835,3903796.18346843
KLINË,Aktivitetet e tjera sherbyese,559539.09,2026,DECLINING,DECLINING,0.5713214546918772,879215.7768557692,0.26530904090064417,707989.8693143192,0.07378683,600825.7195573961
KLINË,Aktivitetet financiare dhe te sigurimit,74667.92,2026,GROWING,GROWING,0.5369174446712157,114758.42880531476,0.6022609021804413,119637.48886313701,0.6170031,120738.25685830116
KLINË,"Aktivitetet profesionale, shkencore dhe teknike",2067892.44,2026,GROWING,GROWING,0.37137210384283625,2835850.005963496,0.28429295203571386,2655779.686259935,0.4923726,3086066.0834308574
KLINË,Arsimi,282835.58999999997,2026,GROWING,GROWING,0.3919090263837167,393681.410703564,0.26404826233997125,357517.8360674005,0.15833835,327619.2988573479
KLINË,"Artet, Argetimi dhe rekreacioni",753066.37,2026,DECLINING,DECLINING,0.17855762715598433,887532.1141181706,0.16582374214907547,877942.6535600204,0.02226278,769831.7447633672
KLINË,Bujqesia;Pylltaria dhe Peshkimi,1725953.46,2026,GROWING,GROWING,0.48150460179195237,2557007.9934687424,0.31785183520678706,2274550.934742504,0.4258125,2460885.988058295
KLINË,Furnizimi me uje; Kanalizimi; Aktivitetet e menaxhimit dhe te trajtimit te mbeturinave,138639.59,2026,DECLINING,DECLINING,0.3091060907550661,181493.93168878515,0.30708650245196123,181213.9367944739,0.99893427,277131.427484374
KLINË,Industria nxjerrese,11529624.61,2026,DECLINING,DECLINING,-0.07172673125992274,10702642.324070737,0.10256207660908846,12712126.85252485,0.18393789,13650359.631783307
KLINË,Industria perpunuese,34487793.05,2026,GROWING,GROWING,0.13607964590618904,39180879.716329925,0.18893284684711617,41003669.97241068,0.2888632,44450046.69292121
KLINË,Informimi dhe komunikimi,139076.73,2026,GROWING,GROWING,0.607305657381044,223538.81493905597,1.1283837618817192,296008.65378760814,1.9499539,410269.96054575924
KLINË,Mungon aktiviteti,0.0,2026,DECLINING,DECLINING,1.9633894915238648,0.0,0.08997100423558994,0.0,0.6055802,0.0
KLINË,Ndertimtaria,25753279.720000003,2026,GROWING,DECLINING,0.1930859415115174,30725875.981745668,0.18706390056261837,30570788.676703382,0.24176338,31979478.984810535
KLINË,Person Fizik,487303.07999999996,2026,DECLINING,DECLINING,0.27640807848199345,621997.587981157,0.24767086712813793,607993.8563778123,0.42819127,695962.021369214
KLINË,Sherbimet administrative dhe mbeshtetese,1113748.97,2026,GROWING,GROWING,0.41932294542487664,1580769.4685643225,0.4704045222788318,1637661.522171391,0.648457,1835967.341887021
KLINË,Transporti dhe magazinimi,8299672.83,2026,DECLINING,GROWING,0.0523454777614388,8734123.169549983,0.1102918978762081,9215059.4981723,0.28783718,10688626.984335855
KLINË,Tregtia me shumice dhe pakice; Riparimi i mjeteve motorike dhe motoeikletave,102285647.96,2026,STABLE,GROWING,0.08797456458476871,111284183.30255193,0.17688551403393427,120378497.37769863,0.22061585,124851484.5390431
KLLOKOT,Akomodimi dhe sherbimi ushqimor,402130.6,2026,GROWING,GROWING,0.2870337865420874,517555.66880244145,0.35749196718595205,545889.0592596672,0.45616573,585568.823056507
KLLOKOT,"Aktivitetet profesionale, shkencore dhe teknike",97952.07,2026,DECLINING,GROWING,0.3363775267019883,130900.94504194005,0.08681785493901306,106456.05860423607,-0.08581288,89546.52207529843
KLLOKOT,"Artet, Argetimi dhe rekreacioni",27974.0,2026,STABLE,STABLE,0.46250930704342125,40912.23535523267,0.03530446269395359,28961.607039400657,0.23689799,34600.98312473297
KLLOKOT,Bujqesia;Pylltaria dhe Peshkimi,254874.56,2026,DECLINING,GROWING,0.27383256256898597,324667.51389844273,-0.004745519324114007,253665.04785029494,-0.010301368,252249.00755699156
KLLOKOT,Furnizimi me uje; Kanalizimi; Aktivitetet e menaxhimit dhe te trajtimit te mbeturinave,340085.91000000003,2026,DECLINING,DECLINING,0.16722918171484083,396958.19844204705,-0.18022646597144684,278793.4283140165,0.011700369,344065.04838225606
KLLOKOT,Industria nxjerrese,190000.47,2026,DECLINING,DECLINING,0.3375469802959801,254134.55490331695,0.1365670767344727,215948.27876607588,0.10983871,210869.87921010732
KLLOKOT,Industria perpunuese,10173217.86,2026,DECLINING,GROWING,-0.0962376743222092,9194171.032780437,0.29627394964210024,13187277.295951754,0.277829,12999632.111098666
KLLOKOT,Mungon aktiviteti,0.0,2026,DECLINING,DECLINING,1.9617470529593675,0.0,0.3027808672089479,0.0,0.7337267,0.0
KLLOKOT,Ndertimtaria,176053.74,2026,DECLINING,DECLINING,0.20863155187127458,212784.10498894186,-0.08050423728105485,161880.66794082287,1.052673,361380.7345288181
KLLOKOT,Sherbimet administrative dhe mbeshtetese,29275.0,2026,DECLINING,GROWING,0.4906415821055239,43638.532316139215,-0.13680483479254932,25270.03846144812,0.3080342,38292.700666189194
KLLOKOT,Transporti dhe magazinimi,43387.729999999996,2026,DECLINING,DECLINING,0.4676009083852186,63675.871960772594,-0.06035574412700792,40769.03126986829,-0.20377344,34546.46305051148
KLLOKOT,Tregtia me shumice dhe pakice; Riparimi i mjeteve motorike dhe motoeikletave,3417862.2,2026,DECLINING,DECLINING,0.14392732267236824,3909785.955709091,0.1025706666145414,3768434.6042506434,0.06580357,3642769.5904037477
LEPOSAVIQ,Akomodimi dhe sherbimi ushqimor,158616.08,2026,GROWING,GROWING,0.5187655747726477,240900.64190938429,1.0454081110161653,324434.61656958895,1.0677834,327983.6901724243
LEPOSAVIQ,Aktivitetet e tjera sherbyese,14403.0,2026,GROWING,GROWING,0.7718444058077665,25519.87497684926,1.5286672213782317,36420.393989510674,0.85602903,26732.38617181778
LEPOSAVIQ,"Aktivitetet profesionale, shkencore dhe teknike",24371.0,2026,STABLE,STABLE,0.5891061300407807,38728.10549522387,0.5136801016048911,36889.8977562128,1.159713,52634.3662507534
LEPOSAVIQ,Arsimi,38458.520000000004,2026,DECLINING,DECLINING,0.4383199750094443,55315.657525300216,0.38762207253010833,53365.89122884063,0.52836335,58778.59234992505
LEPOSAVIQ,Bujqesia;Pylltaria dhe Peshkimi,493057.04,2026,DECLINING,GROWING,0.346571017124203,663936.3198530488,0.2100162243098723,596607.0179102016,0.13009524,557201.4156554985
LEPOSAVIQ,Furnizimi me uje; Kanalizimi; Aktivitetet e menaxhimit dhe te trajtimit te mbeturinave,0.0,2026,DECLINING,DECLINING,2.255830489478444,0.0,0.12384020357667483,0.0,-0.9013179,0.0
LEPOSAVIQ,Industria nxjerrese,270546.0,2026,DECLINING,DECLINING,0.18877083285181734,321617.19374472776,-0.02937581806356828,262598.4899261739,0.23198898,333309.7030470371
LEPOSAVIQ,Industria perpunuese,1233073.45,2026,GROWING,GROWING,0.3175434483958208,1624627.8454383316,0.2634168279277168,1557885.7468008862,0.25844714,1551757.7938722372
LEPOSAVIQ,Informimi dhe komunikimi,17186.71,2026,GROWING,GROWING,0.7616223748141698,30276.49288544244,0.6680759399276949,28668.73743751471,0.93438846,33245.77244311094
LEPOSAVIQ,Ndertimtaria,77091.83,2026,DECLINING,GROWING,0.6528204291047321,127418.95154106907,1.618836842909096,201890.92469128474,3.2941458,331043.54136518476
LEPOSAVIQ,Person Fizik,2781.0,2026,DECLINING,DECLINING,0.9442954678654232,5407.085696133742,0.5490789813015805,4307.988646999695,-0.370679,1750.1416429281235
LEPOSAVIQ,Sherbimet administrative dhe mbeshtetese,664.9,2026,DECLINING,GROWING,0.979743600695681,1316.3315201025582,1.9637811357224093,1970.6180771418299,1.464227,1638.4645064592362
LEPOSAVIQ,Transporti dhe magazinimi,63227.0,2026,GROWING,GROWING,0.5846128963504507,100190.31959754994,1.127804489211799,134534.69443939443,1.9126213,184156.30438637733
LEPOSAVIQ,Tregtia me shumice dhe pakice; Riparimi i mjeteve motorike dhe motoeikletave,8360505.2,2026,GROWING,GROWING,0.3373603093203088,11181007.82034605,0.1946183482909632,9987612.912902009,0.2562021,10502484.203576136
LIPJAN,Akomodimi dhe sherbimi ushqimor,13121603.51,2026,GROWING,GROWING,0.17853218094239237,15464232.00210165,0.18067972615279185,15492411.238872314,0.33865342,17565279.745785102
LIPJAN,Aktivitetet e patundshmerise,423650.70999999996,2026,GROWING,GROWING,0.33962992185202534,567535.167529855,0.35027826261115186,572046.3446527809,0.62346774,687783.2369005847
LIPJAN,Aktivitetet e shendetit te njeriut dhe te punes sociale,3322244.9,2026,GROWING,GROWING,0.2435789073444461,4131473.6826726585,0.14436968080241733,3801876.335760459,0.20355895,3998517.489845943
LIPJAN,Aktivitetet e tjera sherbyese,680342.28,2026,GROWING,DECLINING,0.5639326152413662,1064009.4812196738,0.2365989558997498,841310.5531024553,-0.047557767,647986.7175060583
LIPJAN,Aktivitetet financiare dhe te sigurimit,176454.66,2026,DECLINING,GROWING,0.35255387503966185,238664.43415180605,0.14861428986647077,202678.34398952956,-0.038814016,169605.74737349153
LIPJAN,"Aktivitetet profesionale, shkencore dhe teknike",6009945.7700000005,2026,GROWING,GROWING,0.30804192922075746,7861261.059502931,0.18748863955270198,7136742.326202816,0.28654167,7732045.850026176
LIPJAN,Arsimi,7425908.3,2026,GROWING,GROWING,-0.011204187723120318,7342707.029392122,0.11711706529432005,8295608.887240733,0.06975022,7943866.813222706
LIPJAN,"Artet, Argetimi dhe rekreacioni",294127.23,2026,GROWING,GROWING,0.5653151651617443,460401.81360601634,0.4651645353264957,430944.7862698193,0.630074,479449.1574330282
LIPJAN,Bujqesia;Pylltaria dhe Peshkimi,2520432.71,2026,STABLE,GROWING,0.31640194752832984,3317902.5280581065,0.13694426672722737,2865591.5193062685,0.13094653,2850474.5946838344
LIPJAN,Furnizimi me uje; Kanalizimi; Aktivitetet e menaxhimit dhe te trajtimit te mbeturinave,10022873.32,2026,DECLINING,GROWING,-0.15024290659397221,8517007.699980024,0.030965827417174872,10333239.885451328,0.029701805,10320570.98900435
LIPJAN,Industria nxjerrese,4134034.4,2026,DECLINING,DECLINING,-0.09476714219707705,3742263.7741675917,-0.0880397352771172,3770075.105797504,0.71957433,7108779.442825794
LIPJAN,Industria perpunuese,73946631.23,2026,STABLE,STABLE,0.08858078972819694,80496882.22209315,0.17470674323104232,86865606.3451002,0.20892483,89395914.17827024
LIPJAN,Informimi dhe komunikimi,2109577.51,2026,DECLINING,GROWING,0.317236590625867,2778812.686933405,0.21651015986762792,2566322.473943252,0.19760375,2526437.8367820117
LIPJAN,Ndertimtaria,68846742.89,2026,STABLE,STABLE,0.13664848541644395,78254546.03177384,0.17067346920557477,80597055.34254053,0.19868946,82525865.10951054
LIPJAN,Person Fizik,1094385.13,2026,DECLINING,DECLINING,0.1273263169638957,1233729.157942954,0.10186280025164124,1205862.2638955563,-0.31956032,744663.1011608194
LIPJAN,Sherbimet administrative dhe mbeshtetese,3993299.73,2026,STABLE,GROWING,0.3899734509502548,5550580.606386821,0.20044414257362878,4793733.270419354,0.17954941,4710294.522739641
LIPJAN,Transporti dhe magazinimi,12588983.31,2026,GROWING,GROWING,0.16761948262086757,14699142.179144936,0.1458450526324273,14425024.2434357,0.13776924,14323357.749656796
LIPJAN,Tregtia me shumice dhe pakice; Riparimi i mjeteve motorike dhe motoeikletave,230816632.94,2026,GROWING,GROWING,0.10018622581673345,253941280.24998492,0.1674283394903149,269461878.5198897,0.16953151,269947314.77098566
MALISHEVË,Akomodimi dhe sherbimi ushqimor,3004333.52,2026,GROWING,GROWING,0.32929017026637186,3993631.0163377686,0.2378018495285959,3718769.587656757,0.48305997,4455606.87716218
MALISHEVË,Aktivitetet e patundshmerise,44330.0,2026,DECLINING,DECLINING,0.3213719691533753,58576.41939256913,-0.05107708619115594,42065.75276914606,0.17370434,52030.315420627594
MALISHEVË,Aktivitetet e shendetit te njeriut dhe te punes sociale,739619.26,2026,STABLE,STABLE,0.3614623374007747,1006963.7665062314,0.24124803828352792,918050.9555517146,0.24721776,922466.2873540473
MALISHEVË,Aktivitetet e tjera sherbyese,311839.44,2026,DECLINING,DECLINING,0.6218683332866306,505762.5128058363,0.3551923118986971,422602.411634795,0.29526073,403913.3613010597
MALISHEVË,Aktivitetet financiare dhe te sigurimit,349595.39,2026,DECLINING,DECLINING,0.29333208812768313,452142.93574851175,0.1637153308822682,406829.5149487656,-0.01318907,344984.5493505359
MALISHEVË,"Aktivitetet profesionale, shkencore dhe teknike",1204437.15,2026,GROWING,GROWING,0.38584087938464195,1669158.2391195318,0.2713170477834163,1531221.4817786717,0.28247565,1544661.3889944432
MALISHEVË,Arsimi,669516.26,2026,DECLINING,GROWING,0.2656778755313327,847391.9175904834,0.17819392537436246,788819.9904713623,0.11636332,747423.3726948309
MALISHEVË,"Artet, Argetimi dhe rekreacioni",1424672.76,2026,DECLINING,DECLINING,0.17460671042905124,1673430.1840614772,0.18399740922896715,1686808.856839082,0.0025987779,1428375.1461608505
MALISHEVË,Bujqesia;Pylltaria dhe Peshkimi,636246.4,2026,GROWING,GROWING,0.6481383972045587,1048622.1219231705,0.2748493629170206,811118.3176982478,0.2009564,764104.1508117676
MALISHEVË,"Furnizimi me rryme, gaz, avull dhe ajer te kondicionuar",15271.179999999998,2026,DECLINING,DECLINING,0.7006990699436293,25971.68162294175,0.6098723751748484,24584.650818322636,0.8802472,28713.592154273985
MALISHEVË,Furnizimi me uje; Kanalizimi; Aktivitetet e menaxhimit dhe te trajtimit te mbeturinave,23599.35,2026,DECLINING,GROWING,0.4886934948192536,35132.19882696275,0.06402839345846592,25110.37846716405,0.57069457,37067.37080077529
MALISHEVË,Industria nxjerrese,220587.89,2026,DECLINING,GROWING,0.392544155684985,307178.37703438237,0.4638884915753139,322916.0735518813,0.597636,352419.150791452
MALISHEVË,Industria perpunuese,16545778.45,2026,GROWING,GROWING,0.23680799535339778,20463951.07630595,0.17199602124388277,19391586.511782777,0.2073769,19976991.63515942
MALISHEVË,Informimi dhe komunikimi,3516813.63,2026,DECLINING,GROWING,0.09971241110603771,3867483.5964578767,0.3008812685065981,4574956.976095693,0.073873915,3776614.28938203
MALISHEVË,Mungon aktiviteti,0.0,2026,DECLINING,DECLINING,2.394450956704062,0.0,0.8104523581657195,0.0,-0.72502095,0.0
MALISHEVË,Ndertimtaria,49848157.589999996,2026,GROWING,GROWING,0.2046266338116684,60048418.279355265,0.18767186492019036,59203254.28775083,0.22280373,60954512.13198821
MALISHEVË,Person Fizik,757490.5800000001,2026,DECLINING,DECLINING,0.2039483401498856,911979.5264701742,0.04729599952276459,793316.8541101788,-0.17605543,624130.2491824437
MALISHEVË,Sherbimet administrative dhe mbeshtetese,1951884.07,2026,GROWING,GROWING,0.307226186207295,2551553.9687448726,0.3674617034388231,2669126.7152773035,0.62808716,3177837.397975558
MALISHEVË,Transporti dhe magazinimi,3319560.06,2026,GROWING,GROWING,0.27488244663539824,4232048.851045949,0.12632585521810294,3738906.3235273575,0.17062058,3885945.258535459
MALISHEVË,Tregtia me shumice dhe pakice; Riparimi i mjeteve motorike dhe motoeikletave,179815312.37,2026,GROWING,GROWING,0.05873847138757052,190377388.9506923,0.16768868994985373,209968306.53424904,0.1729375,210912125.18229505
MAMUSHË,Akomodimi dhe sherbimi ushqimor,85800.09,2026,DECLINING,GROWING,0.4545204866494101,124797.98866136318,0.5611332934702349,133945.37708174257,0.6503303,141598.48870726346
MAMUSHË,Aktivitetet e tjera sherbyese,265725.94,2026,DECLINING,GROWING,0.11339046493874055,295856.72788288386,0.2697426787386108,337403.5668659354,0.25356862,333105.707687645
MAMUSHË,"Aktivitetet profesionale, shkencore dhe teknike",5900.0,2026,DECLINING,GROWING,0.6592868337819963,9789.792319313778,0.16164525500688015,6853.707004540593,-0.18544249,4805.88920712471
MAMUSHË,Bujqesia;Pylltaria dhe Peshkimi,553182.63,2026,GROWING,GROWING,0.6829347892454942,930970.2928333182,0.38896548834801453,768351.581823589,0.32142833,730991.1817696952
MAMUSHË,Industria perpunuese,10868187.63,2026,GROWING,GROWING,0.0956342965876451,11907559.109177597,0.1718491202869082,12735876.113328557,0.27637556,13871888.769750217
MAMUSHË,Informimi dhe komunikimi,24345.0,2026,GROWING,GROWING,0.29588202603805563,31548.247923896466,-0.1059381368765466,21765.936057740473,0.3116262,31931.539739370346
MAMUSHË,Ndertimtaria,527771.89,2026,DECLINING,DECLINING,0.255920538578954,662839.5563356325,0.19858508108865705,632579.5135719639,0.27277243,671733.5116459382
MAMUSHË,Person Fizik,0.0,2026,DECLINING,DECLINING,2.05091813274343,0.0,0.16730072034233007,0.0,-0.9094912,0.0
MAMUSHË,Sherbimet administrative dhe mbeshtetese,1817088.99,2026,DECLINING,DECLINING,-0.1698949020910014,1508374.8339533133,-0.22555874907761095,1407228.6704529005,-0.12135288,1596579.9515256572
MAMUSHË,Tregtia me shumice dhe pakice; Riparimi i mjeteve motorike dhe motoeikletave,8643804.7,2026,GROWING,GROWING,0.2386811748824952,10706918.161250833,0.17920985139399018,10192859.655765673,0.21546203,10506215.883560156
MITROVICË,Administrimi publik dhe mbrojtja; Sigurimi social i detyrueshem,382946.11,2026,GROWING,GROWING,-0.035357115975088116,369406.2399765212,0.10992332845024992,425040.82102827553,0.08022937,413669.6472459209
MITROVICË,Akomodimi dhe sherbimi ushqimor,46497576.339999996,2026,GROWING,GROWING,0.03169466892373443,47971301.627852365,0.21704674867957957,56589724.10607754,0.49555472,69539668.163989
MITROVICË,Aktivitetet e patundshmerise,145698.93000000002,2026,GROWING,GROWING,0.5883120974113843,231415.37309889452,1.3043687418483714,335744.060012754,0.90813136,278012.69759826426
MITROVICË,Aktivitetet e shendetit te njeriut dhe te punes sociale,4265630.83,2026,GROWING,GROWING,0.2641638677846679,5392456.368594323,0.17924674906273944,5030231.288979295,0.1798031,5032604.617501734
MITROVICË,Aktivitetet e tjera sherbyese,1682620.09,2026,GROWING,DECLINING,0.5460041348159597,2601337.6164644025,0.33563572298967354,2247367.5004240996,0.01259664,1703815.3943544435
MITROVICË,Aktivitetet financiare dhe te sigurimit,56636.72,2026,DECLINING,DECLINING,0.4901560811474246,84397.55272424397,0.2809952819484055,72551.37110503289,-0.009226559,56114.15787115097
MITROVICË,"Aktivitetet profesionale, shkencore dhe teknike",5335773.74,2026,GROWING,DECLINING,0.4235797819908861,7595899.617541894,0.20594598880244094,6434654.938910399,0.21198623,6466884.0544712525
MITROVICË,Arsimi,428476.48,2026,DECLINING,GROWING,0.476764385763501,632758.805801307,0.3177485994036374,564624.2813974005,0.17303503,502617.91868434905
MITROVICË,"Artet, Argetimi dhe rekreacioni",973273.88,2026,GROWING,GROWING,0.4217408205399002,1383743.2047612525,0.24754485841499502,1214202.8248236128,0.27203867,1238042.03930377
MITROVICË,Bujqesia;Pylltaria dhe Peshkimi,3321732.17,2026,GROWING,GROWING,0.255447745741743,4170261.164784328,0.14016702943589907,3787329.5008505625,0.10690768,3676851.000464028
MITROVICË,"Furnizimi me rryme, gaz, avull dhe ajer te kondicionuar",0.0,2026,GROWING,GROWING,2.5043409031994575,0.0,3.0090345327094674,0.0,2.0358236,0.0
MITROVICË,Furnizimi me uje; Kanalizimi; Aktivitetet e menaxhimit dhe te trajtimit te mbeturinave,11085970.53,2026,DECLINING,GROWING,-0.10738954045068733,9895453.249333438,0.07375993183049735,11903670.960567702,0.10596764,12260724.673893495
MITROVICË,Industria nxjerrese,23370190.73,2026,DECLINING,DECLINING,-0.43862337838165183,13119478.718583839,-0.1541265946990317,19768222.815318223,-0.21574527,18328182.615110043
MITROVICË,Industria perpunuese,102384741.89,2026,GROWING,GROWING,0.05683355662513481,108203630.91575512,0.18949561865765388,121786201.89554977,0.23298272,126238621.09553182
MITROVICË,Informimi dhe komunikimi,4506554.89,2026,GROWING,GROWING,0.4130854199531011,6368147.009277351,0.1884064479813366,5355618.889457823,0.13542774,5116867.314037993
MITROVICË,Mungon aktiviteti,676320.13,2026,GROWING,GROWING,0.42225159686254543,961897.3848827842,0.29455968027981055,875536.7712595998,0.09538087,740828.154236523
MITROVICË,Ndertimtaria,61073027.47,2026,STABLE,GROWING,0.11600688537124029,68157919.1669869,0.1672905275216844,71289966.45280263,0.14074427,69668702.43018416
MITROVICË,Person Fizik,2149861.76,2026,DECLINING,DECLINING,0.3315440439426856,2862635.621828139,0.2361746053038117,2657604.5126257576,-0.010602387,2127068.0342705916
MITROVICË,Sherbimet administrative dhe mbeshtetese,4780784.53,2026,STABLE,GROWING,0.37906542091874335,6593014.630186267,0.2065446165886112,5768229.837741613,0.1993494,5733831.073750277
MITROVICË,Transporti dhe magazinimi,5839496.2,2026,STABLE,GROWING,0.3878435985254936,8104307.419783945,0.18928045018513198,6944798.669590368,0.16009767,6774386.217284322
MITROVICË,Tregtia me shumice dhe pakice; Riparimi i mjeteve motorike dhe motoeikletave,208197827.32,2026,GROWING,GROWING,0.1648252200742464,242514080.02699894,0.16487567159688865,242524583.92439803,0.17358015,244336841.51274124
MITROVICË VERIORE,Akomodimi dhe sherbimi ushqimor,500598.92,2026,GROWING,GROWING,0.44626438661328205,723998.3899730714,0.3945674008420116,698118.934728718,0.90825975,955272.7696353864
MITROVICË VERIORE,Aktivitetet e shendetit te njeriut dhe te punes sociale,46866.5,2026,GROWING,GROWING,0.5863829311320534,74348.21564190039,0.7621153201897946,82584.17765367501,1.4470544,114684.87438797951
MITROVICË VERIORE,Aktivitetet e tjera sherbyese,33639.0,2026,GROWING,GROWING,0.6956504743586146,57039.98630694944,1.3577296134825274,79311.66646793873,1.0809648,70001.57503151894
MITROVICË VERIORE,Aktivitetet financiare dhe te sigurimit,27772.72,2026,STABLE,DECLINING,0.34537638806654425,37364.761720383474,-0.03139120870364608,26900.900750212077,0.38600966,38493.25912502289
MITROVICË VERIORE,"Aktivitetet profesionale, shkencore dhe teknike",226439.07,2026,GROWING,GROWING,0.44432273784103754,327051.09753657837,0.22507467754006194,277404.77066272154,0.3595285,307850.3785904217
MITROVICË VERIORE,Arsimi,47429.520000000004,2026,STABLE,DECLINING,0.3353111687838844,63333.16778605862,-0.030558818591185914,45980.12990245298,-0.050557427,45031.60514644146
MITROVICË VERIORE,"Artet, Argetimi dhe rekreacioni",19977.64,2026,DECLINING,GROWING,0.5784842104064017,31534.389301183346,0.4083856515255208,28136.221527342306,0.4163051,28294.432721843717
MITROVICË VERIORE,Bujqesia;Pylltaria dhe Peshkimi,218449.96000000002,2026,DECLINING,DECLINING,0.22025457813470892,266564.56378334406,0.09175047087490039,238492.84669260317,0.24482056,271931.0091385269
MITROVICË VERIORE,"Furnizimi me rryme, gaz, avull dhe ajer te kondicionuar",18267793.95,2026,DECLINING,DECLINING,-0.7377699066263423,4790365.313239238,-0.19907379075839254,14631154.959580269,-0.26049176,13509184.722919196
MITROVICË VERIORE,Industria nxjerrese,88745.12,2026,DECLINING,DECLINING,0.19154988164140346,105744.23723225214,-0.3815866319398382,54881.16855810322,-0.22363816,68898.32315282822
MITROVICË VERIORE,Industria perpunuese,1260838.57,2026,GROWING,GROWING,0.31504984616772475,1658065.567520834,0.2544248545647609,1581627.2398018911,0.6509525,2081584.6870675778
MITROVICË VERIORE,Informimi dhe komunikimi,8686667.76,2026,STABLE,STABLE,-0.24230679392288984,6581829.145201069,-0.13094370338880337,7549203.313397479,-0.016510386,8543247.683857184
MITROVICË VERIORE,Mungon aktiviteti,13662.78,2026,DECLINING,DECLINING,0.2959195300457107,17705.863436717937,-0.2916843942212884,9677.560292321266,-0.26697874,10015.108201246263
MITROVICË VERIORE,Ndertimtaria,657381.17,2026,DECLINING,GROWING,0.3086068343631878,860253.4918436686,0.1697888618263056,768997.1706403451,0.018005915,669217.9537456048
MITROVICË VERIORE,Person Fizik,2050.0,2026,DECLINING,DECLINING,0.9918274505416675,4083.2462736104185,0.5609883946241677,3200.0262089795438,-0.31463724,1404.993650317192
MITROVICË VERIORE,Sherbimet administrative dhe mbeshtetese,166228.53,2026,GROWING,GROWING,0.46292510290411915,243179.88935585046,0.7755268482423607,295143.2179588607,0.59769124,265581.87578239205
MITROVICË VERIORE,Transporti dhe magazinimi,752416.47,2026,GROWING,GROWING,0.23104091637841623,926255.4607270131,0.42080537132439333,1069037.362048939,0.41332564,1063409.5096114217
MITROVICË VERIORE,Tregtia me shumice dhe pakice; Riparimi i mjeteve motorike dhe motoeikletave,5267165.98,2026,GROWING,GROWING,0.38179202652499067,7278127.953547688,0.21001735211512926,6373362.23227049,0.36783227,7204599.772955159
NOVOBËRDË,Akomodimi dhe sherbimi ushqimor,842261.52,2026,STABLE,GROWING,0.27643112257023206,1075088.81747131,0.32479693581034114,1115825.4808469603,0.54009795,1297165.2419069482
NOVOBËRDË,Aktivitetet e tjera sherbyese,0.0,2026,DECLINING,GROWING,1.8878006837879988,0.0,0.7568628207549084,0.0,1.010211,0.0
NOVOBËRDË,Aktivitetet financiare dhe te sigurimit,49247.1,2026,DECLINING,DECLINING,0.31638400363793356,64828.09466555767,-0.010359986778564633,48736.90069511735,0.09194026,53774.89234911203
NOVOBËRDË,"Aktivitetet profesionale, shkencore dhe teknike",247823.53,2026,DECLINING,GROWING,0.24047449044492336,307418.7670970122,0.0745772707730897,266305.5325007529,0.12821072,279597.1788283038
NOVOBËRDË,Bujqesia;Pylltaria dhe Peshkimi,234585.88,2026,DECLINING,DECLINING,0.5212550139394754,356864.9461494041,0.23344039229691105,289347.69985451613,0.27413607,298894.3303848076
NOVOBËRDË,Industria nxjerrese,129581.16,2026,DECLINING,DECLINING,0.1759038121934221,152374.9800324458,-0.3903143797232936,79003.76991077515,-0.15072346,110050.23955913544
NOVOBËRDË,Industria perpunuese,1471729.09,2026,GROWING,GROWING,0.0940728569381803,1610178.8501353285,0.309649312300717,1927448.9906114603,0.644357,2420047.9812338282
NOVOBËRDË,Informimi dhe komunikimi,6650.0,2026,DECLINING,GROWING,0.5282366977623743,10162.774040119788,0.016059089792256214,6756.792947118503,-0.4437307,3699.190765619278
NOVOBËRDË,Ndertimtaria,41526.4,2026,DECLINING,GROWING,0.6249408556203409,67477.94394683253,0.6454534770937705,68329.75927118676,0.89996773,78898.8174697876
NOVOBËRDË,Sherbimet administrative dhe mbeshtetese,3700.0,2026,DECLINING,GROWING,0.6946110589859925,6270.060918248173,0.6937410127802944,6266.841747287089,0.22348441,4526.892268657684
NOVOBËRDË,Transporti dhe magazinimi,165632.31,2026,GROWING,GROWING,0.30506983229693113,216161.73103465332,1.362917357822996,391375.4603153194,1.5523001,422743.3408956099
NOVOBËRDË,Tregtia me shumice dhe pakice; Riparimi i mjeteve motorike dhe motoeikletave,3837658.75,2026,DECLINING,GROWING,0.15679089831300025,4439368.712831246,0.1158094141527876,4282095.76155582,0.1715428,4495981.338150948
OBILIQ,Administrimi publik dhe mbrojtja; Sigurimi social i detyrueshem,27139.3,2026,GROWING,GROWING,0.5632649389221764,42425.91615689062,0.540630775813963,41811.64081404789,1.8327961,76880.10310993194
OBILIQ,Akomodimi dhe sherbimi ushqimor,5680848.62,2026,GROWING,GROWING,0.15647986035647565,6569787.018763877,0.2536720381409439,7121921.067805569,0.8907357,10740982.873000717
OBILIQ,Aktivitetet e patundshmerise,5616046.22,2026,DECLINING,GROWING,-0.28044958698690164,4041028.3771016495,-0.05646684106358389,5298925.830689519,1.902163,16298681.707250088
OBILIQ,Aktivitetet e shendetit te njeriut dhe te punes sociale,781454.71,2026,GROWING,GROWING,0.2372618113396378,966864.0699744914,0.18859361955495368,928832.0822771665,0.7024887,1330417.782713425
OBILIQ,Aktivitetet e tjera sherbyese,262634.71,2026,DECLINING,DECLINING,0.5887152984196686,417251.7816730132,0.5459005630969375,406007.14607780095,1.4246634,636800.8066475297
OBILIQ,"Aktivitetet profesionale, shkencore dhe teknike",9067935.790000001,2026,GROWING,GROWING,-0.04040482132462053,8701547.464621918,0.17036179451337347,10612765.603716446,1.5004294,22673733.172823954
OBILIQ,Arsimi,4141045.26,2026,DECLINING,DECLINING,-0.41677757848871205,2415150.444125041,-0.020990770468447943,4054121.529447885,0.121420816,4643854.537971211
OBILIQ,"Artet, Argetimi dhe rekreacioni",143368.06,2026,DECLINING,DECLINING,0.4637277080354326,209851.80186928637,0.5274142054893272,218982.41145744617,0.36940593,196329.0794044256
OBILIQ,Bujqesia;Pylltaria dhe Peshkimi,1397519.3699999999,2026,DECLINING,DECLINING,0.24942216344947818,1746091.6747279516,0.3060980097183218,1825297.2676998025,0.63653046,2287082.932647042
OBILIQ,Furnizimi me uje; Kanalizimi; Aktivitetet e menaxhimit dhe te trajtimit te mbeturinave,1766110.8599999999,2026,DECLINING,DECLINING,-0.06688431629802594,1647985.7426223813,-0.04034449962088733,1694858.0010782848,-0.13642015,1525177.7855957006
OBILIQ,Industria nxjerrese,197847.86000000002,2026,DECLINING,GROWING,0.28645230466914434,254521.83547085823,0.11199619078120227,220006.06667421263,0.33806,264732.31178563356
OBILIQ,Industria perpunuese,143591410.42,2026,GROWING,GROWING,-0.21902495594426213,112141308.07878503,0.16034723811473772,166615896.49784675,0.37094656,196856145.35446998
OBILIQ,Informimi dhe komunikimi,1124395.18,2026,GROWING,GROWING,0.3342943369969371,1500274.1212206518,0.36112354314007633,1530440.7512912238,0.6681149,1875620.3539084385
OBILIQ,Ndertimtaria,28791466.64,2026,DECLINING,DECLINING,-0.043393470097322584,27542104.993299097,0.12449976294645466,32375997.411560755,0.23313875,35503874.61311239
OBILIQ,Person Fizik,108069.15,2026,DECLINING,DECLINING,0.5408283392438648,166516.0089179961,0.40871289509927505,152238.4051674178,0.27235022,137501.80375934244
OBILIQ,Sherbimet administrative dhe mbeshtetese,1105323.58,2026,GROWING,GROWING,0.32396434071980373,1463409.0048767533,0.32856445620909397,1468493.620997789,0.6968864,1875608.5728840472
OBILIQ,Transporti dhe magazinimi,1607698.75,2026,DECLINING,DECLINING,0.25921976245717304,2024446.0380776941,0.3445774613694909,2161675.503921904,0.40243492,2254692.908204049
OBILIQ,Tregtia me shumice dhe pakice; Riparimi i mjeteve motorike dhe motoeikletave,156608580.82,2026,GROWING,GROWING,-0.02154044192215515,153235162.78033563,0.1641921394267258,182322478.75741908,0.3863913,217120771.1480203
PARTESH,Administrimi publik dhe mbrojtja; Sigurimi social i detyrueshem,0.0,2026,DECLINING,GROWING,2.051334266709103,0.0,1.6335084587727258,0.0,2.5888014,0.0
PARTESH,Akomodimi dhe sherbimi ushqimor,20271.6,2026,DECLINING,DECLINING,0.47429947366268554,29886.409210300495,-0.10291222421844584,18185.404555533354,-0.4051385,12058.794533729553
PARTESH,Aktivitetet e shendetit te njeriut dhe te punes sociale,33990.0,2026,STABLE,GROWING,0.42174531616509037,48325.12329645142,0.2982368839240168,44127.071684577335,-0.041859914,32567.181156277657
PARTESH,Aktivitetet e tjera sherbyese,4842.0,2026,DECLINING,GROWING,0.8375292692432286,8897.316721675712,0.3247792576010878,6414.581165304467,0.20053703,5812.999990940094
PARTESH,Bujqesia;Pylltaria dhe Peshkimi,0.0,2026,DECLINING,DECLINING,2.2322827644258174,0.0,0.6803059379305474,0.0,0.39138857,0.0
PARTESH,Industria perpunuese,1778926.31,2026,DECLINING,DECLINING,0.10367638253908268,1963358.9546243988,0.23763469237916993,2201660.916442062,0.25303113,2229050.052598711
PARTESH,Informimi dhe komunikimi,10870.0,2026,DECLINING,DECLINING,0.6361991324669118,17785.48456991533,0.02145225892119306,11103.186054473368,-0.15782686,9154.422239661217
PARTESH,Ndertimtaria,256958.96,2026,DECLINING,DECLINING,0.14811291562328222,295017.90076112637,-0.19304810109406143,207353.5207128951,-0.2435101,194386.8509992504
PARTESH,Person Fizik,0.0,2026,DECLINING,DECLINING,2.2960893969533207,0.0,1.2325306795723425,0.0,1.624947,0.0
PARTESH,Sherbimet administrative dhe mbeshtetese,4313.26,2026,DECLINING,GROWING,0.6249185629532159,7008.696240843588,0.23364416127373241,5321.028015055539,-0.08625735,3941.2096720385553
PARTESH,Transporti dhe magazinimi,4085.0,2026,GROWING,GROWING,1.0100149074640763,8210.910896990752,0.8742949402645417,7656.494830980653,0.40546718,5741.333318352699
PARTESH,Tregtia me shumice dhe pakice; Riparimi i mjeteve motorike dhe motoeikletave,719159.18,2026,GROWING,GROWING,0.48838542242722816,1070386.039916719,0.4767059561142534,1061986.6445002425,0.39382118,1002379.3396448613
PEJË,Administrimi publik dhe mbrojtja; Sigurimi social i detyrueshem,430009.16,2026,GROWING,GROWING,0.250397045854111,537682.1833542077,0.396576977812482,600540.8931044841,0.21556549,522704.2750862026
PEJË,Akomodimi dhe sherbimi ushqimor,20066544.8,2026,GROWING,GROWING,0.31466442333775857,26380772.5478733,0.21396365304296888,24360056.029358394,0.25228566,25129047.48106518
PEJË,Aktivitetet e patundshmerise,1232423.7,2026,GROWING,DECLINING,0.3037529407049969,1606776.0230695328,0.33272095228019855,1642476.8870766857,0.44809088,1784661.5583619953
PEJË,Aktivitetet e shendetit te njeriut dhe te punes sociale,5784449.72,2026,STABLE,GROWING,0.3424504868267258,7765337.342638717,0.18017844463729696,6826682.873632248,0.12777296,6523545.793452906
PEJË,Aktivitetet e tjera sherbyese,9100416.36,2026,STABLE,DECLINING,0.3513581527684255,12297921.841673158,0.15414579598968192,10503207.283649724,-0.050971773,8636552.24475686
PEJË,Aktivitetet financiare dhe te sigurimit,15533659.620000001,2026,GROWING,GROWING,-0.16129106093781842,13028219.179643251,0.10327459608458348,17137892.042970907,0.21315776,18844779.911417022
PEJË,"Aktivitetet profesionale, shkencore dhe teknike",13673166.88,2026,GROWING,GROWING,0.3643505857915047,18654993.242353,0.1724793704940109,16031506.09612196,0.183582,16183313.494992543
PEJË,Arsimi,3090484.21,2026,GROWING,DECLINING,0.25798822131755156,3887792.7343478785,0.15426106368632142,3567225.591540381,0.028227726,3177721.430593704
PEJË,"Artet, Argetimi dhe rekreacioni",652349.0,2026,GROWING,DECLINING,0.5080580512734368,983780.1616901752,0.2456622551383094,812606.526477221,0.15830609,755619.8402671814
PEJË,Bujqesia;Pylltaria dhe Peshkimi,6708713.71,2026,GROWING,DECLINING,0.3496993849607882,9054746.768265007,0.1939953875359258,8010173.226039028,0.13404736,7607999.266578327
PEJË,"Furnizimi me rryme, gaz, avull dhe ajer te kondicionuar",2030956.25,2026,DECLINING,DECLINING,0.16345962500386196,2362935.59702425,0.20678970849980186,2450937.1009133505,-0.05584343,1917540.721597895
PEJË,Furnizimi me uje; Kanalizimi; Aktivitetet e menaxhimit dhe te trajtimit te mbeturinave,16816237.33,2026,DECLINING,DECLINING,-0.17326674172590506,13902542.679741366,0.0697466426674589,17989113.426066693,0.01249488,17026354.898462363
PEJË,Industria nxjerrese,1057308.72,2026,DECLINING,DECLINING,0.35046663039530607,1427860.1443859742,0.22268460415343289,1292755.0937811728,0.20310797,1272056.5298839472
PEJË,Industria perpunuese,249316025.79,2026,GROWING,GROWING,0.031258036005401446,257109155.10086742,0.17527207007370302,293014161.732762,0.21259654,302319749.16312724
PEJË,Informimi dhe komunikimi,8530401.11,2026,GROWING,GROWING,0.30303270793661147,11115391.658148777,0.1717771273015267,9995728.907405553,0.12627222,9607553.638162632
PEJË,Mungon aktiviteti,209438.97,2026,GROWING,GROWING,0.6654554877243668,348811.28192983905,0.6138966523784232,338012.852560585,0.61806595,338886.06664173247
PEJË,Ndertimtaria,65340987.92,2026,STABLE,GROWING,0.17202762939139682,76581443.17396949,0.17579003256875908,76827282.3145317,0.12155334,73283400.74528293
PEJË,Person Fizik,441591.99,2026,DECLINING,DECLINING,0.41641076025595325,625475.6462788393,0.1809013608723749,521476.5819413401,-0.29108983,313049.05147270026
PEJË,Sherbimet administrative dhe mbeshtetese,8371615.43,2026,GROWING,GROWING,0.34535809055053845,11262820.549728224,0.18368924164033223,9909391.119641203,0.12732556,9437535.841936775
PEJË,Transporti dhe magazinimi,8312356.28,2026,GROWING,GROWING,0.34698213096826774,11196595.375401862,0.18873365450985952,9881177.65831238,0.15850642,9629917.894869767
PEJË,Tregtia me shumice dhe pakice; Riparimi i mjeteve motorike dhe motoeikletave,588938937.43,2026,GROWING,GROWING,0.08654746910602212,639910111.9225564,0.16438760143281161,685753196.7445064,0.15137132,678087425.2427487
PODUJEVË,Administrimi publik dhe mbrojtja; Sigurimi social i detyrueshem,35655.84,2026,GROWING,GROWING,0.47005996123380656,52416.222768158805,0.38186734737089467,49271.641039081034,0.54000455,54910.15375911712
PODUJEVË,Akomodimi dhe sherbimi ushqimor,6792221.8,2026,GROWING,GROWING,0.28869238710190015,8753084.525167564,0.18629311369357254,8057565.948019362,0.19542734,8119607.357498145
PODUJEVË,Aktivitetet e patundshmerise,302782.48000000004,2026,DECLINING,GROWING,0.2956093161022617,392287.8018405468,0.5504941855480388,469462.4747258154,0.2803205,387658.6238056851
PODUJEVË,Aktivitetet e shendetit te njeriut dhe te punes sociale,2004092.12,2026,GROWING,GROWING,0.32122452013767017,2647855.649558686,0.2097376444858247,2424425.680581403,-0.070868574,1862065.013919871
PODUJEVË,Aktivitetet e tjera sherbyese,1174284.25,2026,GROWING,GROWING,0.5759405988350448,1850602.2241475615,0.2590610354746366,1478495.543746557,-0.07724859,1083572.4670350552
PODUJEVË,Aktivitetet financiare dhe te sigurimit,55742.18,2026,DECLINING,GROWING,0.5072909974604749,84019.68609282133,0.2919535540913063,72016.30756379734,0.06654839,59451.72996355057
PODUJEVË,"Aktivitetet profesionale, shkencore dhe teknike",1260031.43,2026,STABLE,GROWING,0.4812381655558953,1866406.6439159713,0.2497514041255182,1574726.0488847846,0.2606457,1588453.1133411718
PODUJEVË,Arsimi,299041.65,2026,DECLINING,DECLINING,0.4239357532547988,425816.0971473079,0.21391676161003995,363011.67135452305,0.0066218534,301021.8552467108
PODUJEVË,"Artet, Argetimi dhe rekreacioni",1028983.18,2026,DECLINING,DECLINING,0.38758921190178813,1427805.9597963959,0.21096917686936426,1246066.914497021,0.054218266,1084772.8907595063
PODUJEVË,Bujqesia;Pylltaria dhe Peshkimi,12726299.59,2026,GROWING,GROWING,0.20624093367302754,15350983.499644266,0.1464961116850341,14590652.996073844,0.0598905,13488484.145699445
PODUJEVË,Furnizimi me uje; Kanalizimi; Aktivitetet e menaxhimit dhe te trajtimit te mbeturinave,817588.37,2026,DECLINING,GROWING,0.2199728658315384,997435.6268194361,0.1828176997766321,967057.9951675261,-0.012998363,806961.076331246
PODUJEVË,Industria nxjerrese,675392.37,2026,DECLINING,DECLINING,0.005055109910061639,678806.5526627669,-0.09992470181272858,607903.988821158,-0.1693549,561011.3521690035
PODUJEVË,Industria perpunuese,60710247.21,2026,GROWING,GROWING,0.1370711062494767,69031867.95575391,0.17583472970990902,71385217.1187921,0.19381885,72477034.93346052
PODUJEVË,Informimi dhe komunikimi,8570397.91,2026,GROWING,GROWING,0.10685812296818226,9486214.543753032,0.12067821743981287,9604658.252528697,0.124263525,9635385.765027698
PODUJEVË,Ndertimtaria,34886643.85,2026,GROWING,GROWING,0.20390798899782153,42000309.240336716,0.1637952742327277,40600911.24647026,0.091186576,38067835.61708374
PODUJEVË,Person Fizik,1397561.97,2026,DECLINING,DECLINING,0.34898478246952314,1885289.830088128,0.250947772962477,1748277.033948552,-0.09356262,1266802.4342374278
PODUJEVË,Sherbimet administrative dhe mbeshtetese,6055362.31,2026,GROWING,GROWING,0.2397104797821525,7506896.114584863,0.2505455984254889,7572506.683642101,0.23505013,7478675.71875701
PODUJEVË,Transporti dhe magazinimi,10996621.46,2026,GROWING,GROWING,0.3063704191875763,14365660.986347297,0.15163005813994573,12664039.811322775,0.16638464,12826290.989210874
PODUJEVË,Tregtia me shumice dhe pakice; Riparimi i mjeteve motorike dhe motoeikletave,192526902.54,2026,GROWING,GROWING,0.1664579171931914,224574529.74046496,0.16257496432047436,223826956.85117194,0.17027989,225310356.6463385
PRISHTINË,Administrimi publik dhe mbrojtja; Sigurimi social i detyrueshem,18080408.47,2026,GROWING,GROWING,0.07887840469439272,19506562.246336583,0.14472685667279875,20697129.155223347,0.053535722,19048355.79091335
PRISHTINË,Akomodimi dhe sherbimi ushqimor,195092986.54,2026,GROWING,GROWING,0.2068680256154548,235451487.47695225,0.1921509058280588,232580280.6243623,0.23689672,241309881.64510328
PRISHTINË,"Aktivitetet e ekonomive familjare si punedhenes; Mallrat dhe sherbimet e padiferencuara, Aktivitetet e ekonomive familjare per perdorim vetanak",0.0,2026,DECLINING,GROWING,1.9493087836659442,0.0,1.2687068302748705,0.0,1.9794759,0.0
PRISHTINË,Aktivitetet e patundshmerise,78199445.47,2026,GROWING,GROWING,0.12940578848824003,88318906.37038848,0.19087675982669136,93125902.24155764,0.3468873,105325843.88700123
PRISHTINË,Aktivitetet e shendetit te njeriut dhe te punes sociale,113303341.38,2026,GROWING,GROWING,0.15869244605061,131283725.76929949,0.18491613878684302,134254957.77963713,0.1806778,133774736.61178055
PRISHTINË,Aktivitetet e tjera sherbyese,94654326.39,2026,GROWING,GROWING,0.23987947026190098,117359956.06243028,0.15725044254087828,109538761.10323623,-0.02819599,91985455.16018514
PRISHTINË,Aktivitetet financiare dhe te sigurimit,870666244.87,2026,GROWING,GROWING,-0.4077392288434208,515661461.6067093,0.16791128851155587,1016860935.9096396,0.18706912,1033541063.2859098
PRISHTINË,"Aktivitetet profesionale, shkencore dhe teknike",348368654.74,2026,STABLE,GROWING,0.2980691592566136,452206606.7697093,0.17574744406253914,409593555.40206015,0.19348639,415773269.7694195
PRISHTINË,Arsimi,67370533.74,2026,STABLE,DECLINING,0.12127747113654949,75541061.70110677,0.16124530850679952,78233716.23717403,0.107308894,74599989.22269787
PRISHTINË,"Artet, Argetimi dhe rekreacioni",45336018.89,2026,GROWING,GROWING,0.18390422323419248,53673504.22849613,0.1795867662216802,53477767.91582011,0.16235822,52696697.120217025
PRISHTINË,Bujqesia;Pylltaria dhe Peshkimi,13959540.6,2026,GROWING,DECLINING,0.30106163788796125,18162222.757199496,0.15949222990221196,16185978.85870446,0.11793187,15605814.94765463
PRISHTINË,"Furnizimi me rryme, gaz, avull dhe ajer te kondicionuar",1653639001.8,2026,GROWING,GROWING,-0.5490009541147136,745789612.0504974,0.1688025541773671,1932777488.9911516,0.10297258,1823918553.40592
PRISHTINË,Furnizimi me uje; Kanalizimi; Aktivitetet e menaxhimit dhe te trajtimit te mbeturinave,44467549.47,2026,GROWING,GROWING,-0.14691592657371555,37934558.23715241,0.10359327010173022,49074088.33300775,-0.038485818,42756179.14017072
PRISHTINË,Industria nxjerrese,19846314.29,2026,DECLINING,DECLINING,0.044768785598125055,20734809.679362018,0.13901069070689298,22605164.147438977,0.063643746,21109407.04219128
PRISHTINË,Industria perpunuese,377830241.46,2026,GROWING,GROWING,0.16906481866821021,441708042.71980095,0.17285603032828842,443140477.1367543,0.21720119,459895435.735854
PRISHTINË,Informimi dhe komunikimi,664020852.75,2026,GROWING,GROWING,0.1320167587252931,751682733.4560602,0.17122702171452575,777719165.7227222,0.16973855,776730776.9239681
PRISHTINË,Mungon aktiviteti,1915597.5,2026,DECLINING,DECLINING,-0.029981692916542735,1858164.644003303,0.30261781337266264,2495291.4267521393,-0.28139427,1376559.3911343813
PRISHTINË,Ndertimtaria,987775947.09,2026,GROWING,GROWING,0.05842456437263252,1045486326.4964978,0.16597741488291815,1151724445.2715242,0.12729275,1113512666.0171719
PRISHTINË,Person Fizik,11808961.95,2026,GROWING,DECLINING,0.2622422915806644,14905771.19295687,0.06487356881522502,12575051.455699699,-0.22273175,9178730.963819869
PRISHTINË,Sherbimet administrative dhe mbeshtetese,493981888.92,2026,GROWING,GROWING,0.055009786575634545,521155727.201718,0.16240353778306965,574206295.2813714,0.15035403,568254055.5537405
PRISHTINË,Transporti dhe magazinimi,402058207.02,2026,GROWING,GROWING,0.006799746551178487,404792100.9265572,0.16240353778306965,467353882.2347658,0.17074078,470705964.14897674
PRISHTINË,Tregtia me shumice dhe pakice; Riparimi i mjeteve motorike dhe motoeikletave,3559564329.98,2026,GROWING,GROWING,0.08614163909754999,3866191035.83765,0.16240353778306965,4137650170.1351743,0.17074078,4167327343.7499957
PRIZREN,Administrimi publik dhe mbrojtja; Sigurimi social i detyrueshem,3125600.35,2026,GROWING,GROWING,0.02015046791061692,3188582.6595540885,0.3454815510588619,4205437.606908122,0.19389625,3731642.673265314
PRIZREN,Akomodimi dhe sherbimi ushqimor,44518175.93,2026,STABLE,STABLE,0.28517376253145915,57213591.66099554,0.18415491604881704,52716416.88103561,0.25015455,55654597.758741625
PRIZREN,Aktivitetet e patundshmerise,15614065.83,2026,GROWING,GROWING,-0.01639864661621282,15358016.282211546,0.14551486426533172,17886144.499882404,0.2087743,18873881.934625532
PRIZREN,Aktivitetet e shendetit te njeriut dhe te punes sociale,9970237.18,2026,GROWING,GROWING,0.29758125506851396,12937192.873355161,0.17526382089851866,11717659.04343127,0.16084336,11573883.75111041
PRIZREN,Aktivitetet e tjera sherbyese,7271639.14,2026,GROWING,GROWING,0.5135592780007123,11006056.886620121,0.15581068497357198,8404638.215284035,-0.03788359,6996163.41886484
PRIZREN,Aktivitetet financiare dhe te sigurimit,706498.43,2026,DECLINING,DECLINING,0.31045598256198415,925835.0942641492,0.28756015248444106,909659.2262608183,0.56541204,1105961.1517601062
PRIZREN,"Aktivitetet profesionale, shkencore dhe teknike",20690210.55,2026,GROWING,GROWING,0.35421185512403364,28018928.411822353,0.1765655456791325,24343388.865976892,0.21981941,25238320.768021684
PRIZREN,Arsimi,1498383.58,2026,GROWING,DECLINING,0.38842746867064903,2080396.921077065,0.25680494474943755,1883175.8924753645,0.4349502,2150105.8665038706
PRIZREN,"Artet, Argetimi dhe rekreacioni",1743104.8599999999,2026,DECLINING,DECLINING,0.4696456510487778,2561746.4768209886,0.24261325328519334,2166005.200901831,0.11690767,1946887.267577989
PRIZREN,Bujqesia;Pylltaria dhe Peshkimi,2575590.34,2026,STABLE,DECLINING,0.4497673285979447,3734006.726784472,0.18090530634234306,3041528.2994700796,0.08158881,2785729.830810845
PRIZREN,"Furnizimi me rryme, gaz, avull dhe ajer te kondicionuar",106411.94,2026,DECLINING,GROWING,0.6292938206074703,173376.3162808529,0.6401705687455511,174533.73215111747,0.5553244,165505.07779736997
PRIZREN,Furnizimi me uje; Kanalizimi; Aktivitetet e menaxhimit dhe te trajtimit te mbeturinave,13937475.44,2026,GROWING,GROWING,-0.32575546974504294,9397266.5809828,-0.012362941954698703,13765167.24014024,-0.048253275,13264946.28693285
PRIZREN,Industria nxjerrese,21064269.369999997,2026,DECLINING,DECLINING,-0.17738828414963648,17327714.769589953,0.07076063055928299,22554790.352891788,0.006246251,21195841.201963045
PRIZREN,Industria perpunuese,354874971.29,2026,GROWING,GROWING,0.10715209599700917,392900568.280602,0.17177462802738802,415833487.47956973,0.22275801,433926229.5680877
PRIZREN,Informimi dhe komunikimi,9471893.67,2026,GROWING,GROWING,0.3339382534634556,12634921.299151361,0.17176042450239928,11098790.147600789,0.19858752,11352893.70286885
PRIZREN,Mungon aktiviteti,2178484.4899999998,2026,DECLINING,DECLINING,0.24912000223909345,2721188.5510266297,0.17865819456368684,2567688.595868394,-0.116761595,1924121.2311653004
PRIZREN,Ndertimtaria,135878760.54,2026,GROWING,GROWING,0.14772134752910848,155950954.14755383,0.16556391844557183,158375380.56852993,0.1426075,155256084.15570238
PRIZREN,Person Fizik,9427536.45,2026,DECLINING,DECLINING,0.12978257091662582,10651066.3678912,-0.0816752600934929,8657539.958405364,-0.27492136,6835705.330043819
PRIZREN,Sherbimet administrative dhe mbeshtetese,17113919.63,2026,GROWING,GROWING,0.2994912617685186,22239389.013793718,0.16458445537153665,19930604.771575797,0.16143864,19876768.627503395
PRIZREN,Transporti dhe magazinimi,22169125.51,2026,GROWING,GROWING,0.30765252632640727,28989512.97959871,0.15886706206573725,25691069.34834029,0.15187158,25535985.229468405
PRIZREN,Tregtia me shumice dhe pakice; Riparimi i mjeteve motorike dhe motoeikletave,641172897.16,2026,GROWING,GROWING,0.1920198686339828,764290832.6443332,0.16132213548216925,744608278.1431404,0.1772751,754836862.005009
RAHOVEC,Administrimi publik dhe mbrojtja; Sigurimi social i detyrueshem,9885.86,2026,DECLINING,GROWING,0.36098013800492124,13454.459107097333,-0.09158120325691976,8980.501045970548,0.25729525,12429.444828989506
RAHOVEC,Akomodimi dhe sherbimi ushqimor,9867901.91,2026,STABLE,GROWING,0.21049700935041796,11945065.750618277,0.1646664775922038,11492814.55874508,0.12275524,11079239.061553018
RAHOVEC,Aktivitetet e patundshmerise,19000.0,2026,DECLINING,GROWING,0.3808346695369703,26235.85872120244,-0.003235975680002154,18938.51646207996,-0.14151867,16311.145603656769
RAHOVEC,Aktivitetet e shendetit te njeriut dhe te punes sociale,475160.72,2026,GROWING,GROWING,0.393642720658966,662204.2785710732,0.36134416448568824,646857.2733648181,0.12539649,534744.2065199852
RAHOVEC,Aktivitetet e tjera sherbyese,868546.59,2026,GROWING,GROWING,0.48330637062201354,1288320.690129026,0.2067782810920805,1048143.1609285879,-0.055539094,820308.3187848777
RAHOVEC,Aktivitetet financiare dhe te sigurimit,96289.33,2026,DECLINING,GROWING,0.5006118263594014,144492.9073502231,0.44205143092496285,138854.16610930595,-0.05899188,90609.03860435962
RAHOVEC,"Aktivitetet profesionale, shkencore dhe teknike",3883944.02,2026,GROWING,GROWING,0.2991661430523812,5045888.5722947605,0.17986006061208082,4582510.426851129,0.2198603,4737869.176933599
RAHOVEC,Arsimi,79030.95,2026,DECLINING,DECLINING,0.4805630578430745,117010.30499624311,0.555941044447222,122967.49888665619,0.8059535,142726.22097065448
RAHOVEC,"Artet, Argetimi dhe rekreacioni",81003.96,2026,GROWING,GROWING,0.6480818037884204,133501.15251080506,1.1939515173010897,177718.7609493968,1.0403606,165277.2763376999
RAHOVEC,Bujqesia;Pylltaria dhe Peshkimi,3756079.0,2026,GROWING,GROWING,0.3982898101491883,5252086.991815353,0.164921240953604,4375536.209799772,0.10746077,4159710.0184280872
RAHOVEC,Furnizimi me uje; Kanalizimi; Aktivitetet e menaxhimit dhe te trajtimit te mbeturinave,443870.56,2026,DECLINING,GROWING,0.0716819106820551,475688.0498363137,-0.0530852429261309,420307.5834946422,-0.04900279,422119.6745436287
RAHOVEC,Industria nxjerrese,6916057.74,2026,DECLINING,GROWING,-0.008642110481959953,6856288.404911306,0.11453273436338762,7708172.74397727,0.11160014,7687890.894494262
RAHOVEC,Industria perpunuese,83018185.55,2026,GROWING,GROWING,0.0583801177148659,87864796.99488358,0.18238892145220723,98159782.87338372,0.21693869,101028045.62672402
RAHOVEC,Informimi dhe komunikimi,1738290.59,2026,DECLINING,GROWING,0.2905164886354523,2243292.668434849,0.28392425200326726,2231833.445530068,0.710248,2972907.9936139584
RAHOVEC,Mungon aktiviteti,10677.13,2026,GROWING,GROWING,0.9069423062818667,20360.670906671305,1.2733798887100858,24273.172611143116,1.2434728,23953.850892522332
RAHOVEC,Ndertimtaria,29112548.89,2026,GROWING,GROWING,0.16151206982853755,33814576.91920839,0.17425886161367662,34185668.51824391,0.11196738,32372203.119275287
RAHOVEC,Person Fizik,784814.5499999999,2026,DECLINING,DECLINING,0.11282642806826154,873362.3723725,-0.16504979797118174,655281.0670776559,-0.26618886,575905.6596715092
RAHOVEC,Sherbimet administrative dhe mbeshtetese,1174531.82,2026,GROWING,GROWING,0.3750404582479191,1615028.7719995624,0.34732474117612305,1582475.780384621,0.2788673,1502070.2724799062
RAHOVEC,Transporti dhe magazinimi,5053625.43,2026,GROWING,GROWING,0.2763626483332095,6450258.737518854,0.21168385034063486,6123396.319201746,0.18562506,5991705.0360047715
RAHOVEC,Tregtia me shumice dhe pakice; Riparimi i mjeteve motorike dhe motoeikletave,122857712.51,2026,GROWING,GROWING,0.15744496554572346,142201040.82316336,0.1734010508829404,144161368.96830818,0.15947118,142449973.7279327
RANILLUG,Akomodimi dhe sherbimi ushqimor,50283.75,2026,GROWING,GROWING,0.5099453229745234,75925.71313412019,0.6713864870149527,84043.58026643813,0.33393085,67075.04538014531
RANILLUG,Aktivitetet e tjera sherbyese,22192.69,2026,DECLINING,GROWING,0.361198955977929,30208.66645834182,0.023891115357558515,22722.898116884535,3.902591e-05,22193.555102962255
RANILLUG,Arsimi,25775.0,2026,DECLINING,DECLINING,0.03811035474831276,26757.294393637763,-0.10881745252116297,22970.230161267027,-0.103907615,23096.781992912292
RANILLUG,"Artet, Argetimi dhe rekreacioni",0.0,2026,DECLINING,DECLINING,2.131891407265106,0.0,0.7401326071957481,0.0,-0.097129755,0.0
RANILLUG,Industria perpunuese,11815.0,2026,DECLINING,GROWING,0.7068268571310663,20166.15931700355,0.6615040449355508,19630.67029091353,1.248495,26565.96962928772
RANILLUG,Mungon aktiviteti,2000.0,2026,DECLINING,DECLINING,0.5471017101523075,3094.203420304615,1.5372188463645653,5074.4376927291305,1.4486331,4897.266387939453
RANILLUG,Tregtia me shumice dhe pakice; Riparimi i mjeteve motorike dhe motoeikletave,784816.64,2026,DECLINING,DECLINING,0.19690811828884375,939353.4077841729,0.3981007830592577,1097252.7589419356,0.42808485,1120784.7538562012
SHTIME,Akomodimi dhe sherbimi ushqimor,3245874.44,2026,GROWING,GROWING,0.18063446402930414,3832191.2297758176,0.1505346252274262,3734490.9323606817,0.17084593,3800419.0572273633
SHTIME,Aktivitetet e shendetit te njeriut dhe te punes sociale,479082.83,2026,GROWING,GROWING,0.41226276330122935,676590.8413459732,0.22792571942269793,588278.1286908122,0.12529983,539111.8182263577
SHTIME,Aktivitetet e tjera sherbyese,133018.35,2026,GROWING,GROWING,0.6940153300291036,225335.12407517683,1.1195914625012728,281944.5590160062,1.0816091,276892.22766201495
SHTIME,Aktivitetet financiare dhe te sigurimit,3594014.72,2026,DECLINING,DECLINING,-0.21695310568026832,2814282.0646354,-0.13747640480341575,3099922.4974838453,-0.21558864,2819186.0130261234
SHTIME,"Aktivitetet profesionale, shkencore dhe teknike",806174.17,2026,GROWING,GROWING,0.3329316359692753,1074575.0552942727,0.26891619324572874,1022967.4588894349,0.42429018,1148225.9538669635
SHTIME,Arsimi,183248.04,2026,DECLINING,DECLINING,0.34221177259523733,245957.67659300298,0.231367581369674,225645.6958055333,0.074936435,196979.98657808304
SHTIME,"Artet, Argetimi dhe rekreacioni",561865.49,2026,DECLINING,GROWING,0.2008273756005103,674703.4617971948,0.07909781013000472,606307.8198466221,-0.17034207,466156.1494011581
SHTIME,Bujqesia;Pylltaria dhe Peshkimi,355508.35,2026,GROWING,GROWING,0.5220679578901057,541107.868297381,0.445806050771329,513996.1235297314,0.25548047,446333.8109229684
SHTIME,Furnizimi me uje; Kanalizimi; Aktivitetet e menaxhimit dhe te trajtimit te mbeturinave,33695.31,2026,DECLINING,GROWING,0.5710784163511917,52937.97427326247,0.33036053937614746,44826.910786046494,0.53959894,51877.263619723315
SHTIME,Industria nxjerrese,8112145.38,2026,DECLINING,GROWING,-0.15569758739067419,6849103.915771596,-0.08316972955691726,7437460.442619004,0.031551097,8368092.673963981
SHTIME,Industria perpunuese,28628803.31,2026,GROWING,GROWING,0.11175543756260764,31828227.750802875,0.16503792119556107,33353641.494598996,0.12793611,32291461.46318964
SHTIME,Informimi dhe komunikimi,504994.9,2026,DECLINING,GROWING,0.2104620430484338,611277.1583830395,0.2749060745247435,643821.0656140154,0.7586668,888117.7414528609
SHTIME,Ndertimtaria,12356180.32,2026,GROWING,GROWING,0.20473960041062494,14885979.741318429,0.15020244503612806,14212108.815371288,0.08336614,13386267.57148014
SHTIME,Person Fizik,25000.0,2026,DECLINING,DECLINING,0.4711781787740437,36779.45446935109,-0.15524837315299445,21118.79067117514,-0.16325559,20918.61069202423
SHTIME,Sherbimet administrative dhe mbeshtetese,218502.55,2026,GROWING,GROWING,0.5662975964691932,342240.0188873897,0.5982473621742422,349221.12416584545,0.42326963,310988.0433785975
SHTIME,Transporti dhe magazinimi,2975638.4,2026,GROWING,GROWING,0.22638377051484096,3649274.6406807485,0.1548764143964672,3436494.6059324406,0.5294096,4550970.074907684
SHTIME,Tregtia me shumice dhe pakice; Riparimi i mjeteve motorike dhe motoeikletave,105889542.2,2026,GROWING,GROWING,-0.004638429676584954,105398381.00501953,0.17454709853306954,124372254.55600502,0.15562613,122368726.92028391
SHTËRPCË,Akomodimi dhe sherbimi ushqimor,1608669.17,2026,GROWING,GROWING,0.3387726574838513,2153642.2997332416,0.31724119117609384,2119005.293699058,0.26150823,2029349.391502459
SHTËRPCË,Aktivitetet e patundshmerise,57487.53,2026,DECLINING,DECLINING,0.3307176466471949,76499.67063316001,0.349739189477087,77593.17214723972,-0.11731002,50743.66514518261
SHTËRPCË,Aktivitetet e shendetit te njeriut dhe te punes sociale,0.0,2026,DECLINING,DECLINING,2.1298238360405946,0.0,1.5231977524850866,0.0,2.4380386,0.0
SHTËRPCË,Aktivitetet e tjera sherbyese,26749.0,2026,GROWING,GROWING,0.62128930567717,43367.86763755862,0.4652337649650358,39193.53797904974,0.39696428,37367.39837098122
SHTËRPCË,"Aktivitetet profesionale, shkencore dhe teknike",160679.98,2026,DECLINING,GROWING,0.44020442381995406,231412.01801530176,0.6522592615448257,265484.98509983736,0.6113109,258905.41264377596
SHTËRPCË,Arsimi,9667.33,2026,DECLINING,DECLINING,0.6080701908503687,15545.745198113495,0.10583283776408678,10690.450967501889,-0.17935315,7933.464222317934
SHTËRPCË,Bujqesia;Pylltaria dhe Peshkimi,588861.34,2026,DECLINING,GROWING,0.21832059599667808,717421.8987082024,0.2003229925986698,706823.8058544628,0.3108395,771902.7244018865
SHTËRPCË,Industria perpunuese,1599960.06,2026,GROWING,GROWING,0.2581545401450767,2012997.0135397892,0.25445721899296775,2007081.4473674218,0.30145502,2082276.0533337307
SHTËRPCË,Informimi dhe komunikimi,524276.49,2026,DECLINING,GROWING,0.13443061757591368,594755.3023312322,-0.007948274988781428,520109.3962873269,-0.07193147,486564.50543135044
SHTËRPCË,Ndertimtaria,744849.91,2026,GROWING,GROWING,0.4027792226670208,1044859.9777534005,0.20386056848865924,896695.4360913266,0.102386005,821112.1112258959
SHTËRPCË,Person Fizik,0.0,2026,DECLINING,DECLINING,2.1370728152912797,0.0,0.8619348416634868,0.0,0.24965309,0.0
SHTËRPCË,Sherbimet administrative dhe mbeshtetese,48640.13,2026,GROWING,GROWING,0.6952300462679099,82456.20983037715,1.433278645556374,118354.98964608596,1.1177562,103007.94498606204
SHTËRPCË,Transporti dhe magazinimi,14563057.299999999,2026,DECLINING,DECLINING,-0.45911827906352537,7876891.49452049,0.21465985912430716,17689161.128437214,1.4232284,35289612.057499595
SHTËRPCË,Tregtia me shumice dhe pakice; Riparimi i mjeteve motorike dhe motoeikletave,4349216.79,2026,GROWING,GROWING,0.3168201422896372,5727136.272256279,0.20291523626591823,5231739.142514549,0.20222707,5228746.356696066
SKENDERAJ,Administrimi publik dhe mbrojtja; Sigurimi social i detyrueshem,3150.0,2026,DECLINING,DECLINING,0.5635108260848478,4925.059102167271,0.9604427137898675,6175.394548438083,1.3569862,7424.506044387817
SKENDERAJ,Akomodimi dhe sherbimi ushqimor,3058024.06,2026,GROWING,GROWING,0.26985869184057465,3883258.432448603,0.19116656852479486,3642616.026016461,0.17466077,3592140.994510906
SKENDERAJ,Aktivitetet e patundshmerise,265552.94,2026,DECLINING,GROWING,0.07031677616440066,284225.7666417785,0.3242678599884396,351663.22356743854,0.20192428,319174.5379051781
SKENDERAJ,Aktivitetet e shendetit te njeriut dhe te punes sociale,1409219.11,2026,STABLE,STABLE,0.26085064285763865,1776814.8207707696,0.2594412011544272,1774828.6085881728,0.28039315,1804354.458127351
SKENDERAJ,Aktivitetet e tjera sherbyese,508061.21,2026,GROWING,GROWING,0.49957041555353576,761873.5598063323,0.22304627649854136,621382.3711238436,0.010424298,513357.37028171186
SKENDERAJ,Aktivitetet financiare dhe te sigurimit,7439.650000000001,2026,DECLINING,DECLINING,0.4811881026560569,11019.521067925134,-0.2716931157076261,5418.34831172576,-0.6829912,2358.434469476342
SKENDERAJ,"Aktivitetet profesionale, shkencore dhe teknike",1930247.42,2026,DECLINING,GROWING,0.28830325356953823,2486744.031380207,0.40577253061503665,2713488.8003265453,0.38621008,2675728.4381446433
SKENDERAJ,Arsimi,180015.54,2026,DECLINING,DECLINING,0.3752620297383636,247568.53692484758,0.1583576965383921,208522.3862555148,-0.17247367,148967.5993298006
SKENDERAJ,"Artet, Argetimi dhe rekreacioni",68399.63,2026,DECLINING,GROWING,0.5859960169156365,108481.54073850329,0.9402051616778905,132709.31518285788,0.6769372,114701.88555091263
SKENDERAJ,Bujqesia;Pylltaria dhe Peshkimi,5353705.23,2026,GROWING,GROWING,0.30717091254817797,6998207.7510130545,0.17629504671391746,6297536.943615395,0.18854451,6363116.968884924
SKENDERAJ,Furnizimi me uje; Kanalizimi; Aktivitetet e menaxhimit dhe te trajtimit te mbeturinave,3805.1,2026,DECLINING,GROWING,0.9177921874893069,7297.391052615561,0.831496573056737,6969.02761013819,0.5200557,5783.964213752746
SKENDERAJ,Industria nxjerrese,3780088.4699999997,2026,DECLINING,DECLINING,-0.11706218045201416,3337583.0714002815,-0.0980829048602021,3409326.412233843,-0.011896452,3735118.9066565447
SKENDERAJ,Industria perpunuese,43509171.339999996,2026,GROWING,GROWING,-0.018087387605895622,42722204.0935621,0.1316617526997094,49237665.09713636,0.11325011,48436590.92783683
SKENDERAJ,Informimi dhe komunikimi,1616795.55,2026,STABLE,STABLE,0.2621276130513698,2040602.3083135765,0.2602409152324814,2037551.9036758032,0.24656601,2015442.4540704133
SKENDERAJ,Mungon aktiviteti,9950.55,2026,DECLINING,DECLINING,0.6992386908041257,16908.359554780993,0.4500772081794809,14429.065763850333,0.121621914,11160.755457383393
SKENDERAJ,Ndertimtaria,41486280.59,2026,GROWING,GROWING,0.09017373848097049,45227253.60647082,0.18540554148282717,49178066.90689746,0.13824706,47221634.96586582
SKENDERAJ,Person Fizik,35962.68,2026,DECLINING,DECLINING,0.8207249151975602,65478.14749327699,1.8606571897453879,102876.89910451267,1.1063104,75748.56573011399
SKENDERAJ,Sherbimet administrative dhe mbeshtetese,1650083.74,2026,STABLE,GROWING,0.34936816798114645,2226570.4732592786,0.412491521687547,2330729.292824479,0.14272228,1885587.4024623942
SKENDERAJ,Transporti dhe magazinimi,2594409.09,2026,GROWING,GROWING,0.31170548079303767,3403100.6227722773,0.15132743261445702,2987014.356741309,0.17038794,3036465.2227577376
SKENDERAJ,Tregtia me shumice dhe pakice; Riparimi i mjeteve motorike dhe motoeikletave,83650481.6,2026,GROWING,GROWING,0.09002841179556159,91181401.60438184,0.17398792060409077,98204654.95111476,0.20513621,100810221.84422779
SUHAREKË,Administrimi publik dhe mbrojtja; Sigurimi social i detyrueshem,316384.8,2026,GROWING,GROWING,0.12244051581363116,355123.11810759257,0.3873906205303675,438949.3039983762,0.24076653,392559.6689437866
SUHAREKË,Akomodimi dhe sherbimi ushqimor,6094749.83,2026,GROWING,GROWING,0.29536606019283357,7894932.075148042,0.23890476370713717,7550814.597990264,0.30954093,7981324.707986305
SUHAREKË,Aktivitetet e patundshmerise,2250.0,2026,GROWING,GROWING,1.0818134678811946,4684.080302732687,4.413811802676039,12181.07655602109,4.795079,13038.928270339966
SUHAREKË,Aktivitetet e shendetit te njeriut dhe te punes sociale,3491083.71,2026,STABLE,GROWING,0.21767190393401792,4250994.547948735,0.19139704575500954,4159266.8185774386,0.13300246,3955406.6395908524
SUHAREKË,Aktivitetet e tjera sherbyese,723997.97,2026,GROWING,GROWING,0.5813633302609788,1144903.8409413882,0.23463553924259098,893873.6241014912,0.276211,923974.190183041
SUHAREKË,Aktivitetet financiare dhe te sigurimit,1797958.3800000001,2026,DECLINING,DECLINING,-0.04284513995352729,1720924.6015782831,0.26094540030973123,2267127.3492093356,0.35971555,2444712.0231680847
SUHAREKË,"Aktivitetet profesionale, shkencore dhe teknike",20127678.64,2026,GROWING,GROWING,0.13308316320236768,22806333.78133193,0.27436683419490543,25650046.108149223,0.31547073,26477371.419272844
SUHAREKË,Arsimi,697178.53,2026,DECLINING,DECLINING,0.308672627054953,912378.4583814103,0.2212497065996621,851429.0752100837,0.5261076,1063969.418098991
SUHAREKË,"Artet, Argetimi dhe rekreacioni",374911.35,2026,GROWING,DECLINING,0.5582129840614487,584191.7334420062,0.369010957452191,513257.7462231934,0.3432241,503589.9414185285
SUHAREKË,Bujqesia;Pylltaria dhe Peshkimi,4411879.53,2026,GROWING,GROWING,0.35690181479695005,5986487.340922515,0.21640202665586708,5366619.201653535,0.2736381,5619137.9909963645
SUHAREKË,"Furnizimi me rryme, gaz, avull dhe ajer te kondicionuar",13060.56,2026,GROWING,GROWING,0.8313411542197344,23918.341025156093,1.2058704090270513,28809.902829322345,0.9423445,25368.105930919646
SUHAREKË,Furnizimi me uje; Kanalizimi; Aktivitetet e menaxhimit dhe te trajtimit te mbeturinave,51287.45,2026,DECLINING,GROWING,0.5406066337345881,79013.785697331,0.5813009452935421,81100.89316669528,0.54218274,79094.61729367971
SUHAREKË,Industria nxjerrese,11442627.7,2026,STABLE,STABLE,-0.37141744198543675,7192636.190074298,-0.145015398029148,9783270.489585144,0.57574046,18030611.39648572
SUHAREKË,Industria perpunuese,167443361.68,2026,GROWING,GROWING,-0.03430777488890352,161698752.5208413,0.27680302378705796,213792190.506094,0.33494514,223527712.26033184
SUHAREKË,Informimi dhe komunikimi,4754750.69,2026,GROWING,GROWING,0.13667146790074056,5404589.4463043595,0.17850499135386544,5603497.420808236,0.2608143,5994857.706251041
SUHAREKË,Mungon aktiviteti,15085.0,2026,DECLINING,DECLINING,0.6087596720674864,24268.13965313803,-0.06611020958857591,14087.727488356331,-0.30346534,10507.22494840622
SUHAREKË,Ndertimtaria,75802731.65,2026,GROWING,DECLINING,0.1457584626628337,86851621.28094733,0.22583867212015213,92921919.90891623,0.21216375,91885318.66276073
SUHAREKË,Person Fizik,8517308.22,2026,DECLINING,DECLINING,0.015942907022457986,8653098.873033077,0.058654692703782076,9016888.316307498,0.20258597,10242795.07447968
SUHAREKË,Sherbimet administrative dhe mbeshtetese,4616644.67,2026,GROWING,GROWING,0.2654322063745708,5842050.850805502,0.312089966657566,6057453.15113013,0.2767383,5894247.00313165
SUHAREKË,Transporti dhe magazinimi,25476996.91,2026,GROWING,GROWING,0.13531464861779358,28924407.794713262,0.15310141720997633,29377561.243175186,0.09637197,27932266.26827262
SUHAREKË,Tregtia me shumice dhe pakice; Riparimi i mjeteve motorike dhe motoeikletave,211082602.93,2026,GROWING,GROWING,0.06948959381694947,225750647.26943016,0.2089532593894103,255189000.81262422,0.2549048,264888560.4279314
VITI,Akomodimi dhe sherbimi ushqimor,2008269.3,2026,GROWING,GROWING,0.38396342214681334,2779371.2530203853,0.5772056409303403,3167453.668467226,0.4722696,2956713.708595705
VITI,Aktivitetet e patundshmerise,1371932.0100000002,2026,DECLINING,GROWING,-0.08737956766105448,1252053.1841058386,0.3467527759455291,1847653.2428760298,0.36972505,1879169.557220085
VITI,Aktivitetet e shendetit te njeriut dhe te punes sociale,5839050.28,2026,STABLE,GROWING,0.05298740106817171,6148446.37904358,0.15866017067338073,6765474.993995252,0.13426347,6623021.697612973
VITI,Aktivitetet e tjera sherbyese,706833.86,2026,GROWING,DECLINING,0.5061608525631542,1064605.4891981052,0.347272359962307,952297.7226634668,0.26938915,897247.234522686
VITI,Aktivitetet financiare dhe te sigurimit,152154.97,2026,GROWING,GROWING,0.41752875418050883,215684.0450664727,0.869143682524382,284399.5009401869,0.5119602,230052.2692218709
VITI,"Aktivitetet profesionale, shkencore dhe teknike",3638541.21,2026,GROWING,GROWING,0.30542171126125406,4749830.692852794,0.21377872055704447,4416383.894567881,0.34834749,4906017.67293658
VITI,Arsimi,307186.77999999997,2026,DECLINING,DECLINING,0.47534694367727354,453207.07701106294,0.2773328360848142,392379.76090516185,0.13518521,348713.8991011047
VITI,"Artet, Argetimi dhe rekreacioni",3368193.35,2026,DECLINING,DECLINING,-0.050166922240578504,3199221.4561193166,-0.025755002165818386,3281445.522975855,-0.021821504,3294694.322616172
VITI,Bujqesia;Pylltaria dhe Peshkimi,521539.52,2026,GROWING,GROWING,0.4917045334761262,777982.8663709628,0.31973474803514595,688293.827017571,0.35689694,707675.3460707093
VITI,"Furnizimi me rryme, gaz, avull dhe ajer te kondicionuar",118953.1,2026,DECLINING,GROWING,0.41638935456940274,168483.90453302965,0.4753709604865443,175499.94939985196,0.06723177,126950.52797507048
VITI,Furnizimi me uje; Kanalizimi; Aktivitetet e menaxhimit dhe te trajtimit te mbeturinave,114670.84,2026,DECLINING,GROWING,0.4790518112916238,169604.11360433197,0.672049358184707,191735.30442450123,0.6014425,183638.7653391552
VITI,Industria nxjerrese,6187683.83,2026,DECLINING,GROWING,-0.3835344343637091,3814494.0122394813,-0.10819650202493569,5518198.083957743,0.024622282,6340038.968306023
VITI,Industria perpunuese,118894135.49,2026,GROWING,GROWING,-0.053652343982590056,112515186.43517785,0.22307362079858584,145416280.78547192,0.22461317,145599326.49870777
VITI,Informimi dhe komunikimi,711322.83,2026,GROWING,GROWING,0.4430735753135218,1026491.1794902324,0.3352974947481352,949827.5928561535,0.3440487,956052.5523132491
VITI,Mungon aktiviteti,0.0,2026,DECLINING,GROWING,2.3529469737126054,0.0,1.4825746120851202,0.0,0.76913536,0.0
VITI,Ndertimtaria,12113495.41,2026,STABLE,GROWING,0.28860148334281277,15609468.153792353,0.21463237564310367,14713443.707190132,0.18112344,14307534.036560372
VITI,Person Fizik,350810.8,2026,DECLINING,DECLINING,0.3238031677967927,464404.4483373271,0.24861633303083977,438028.0946836153,-0.4782604,183031.88720049858
VITI,Sherbimet administrative dhe mbeshtetese,726681.48,2026,GROWING,GROWING,0.4918629737394429,1084109.1937141796,0.5156562002436611,1101399.29076424,0.48801577,1081313.5026697968
VITI,Transporti dhe magazinimi,1249369.22,2026,GROWING,GROWING,0.39283979256877677,1740171.1652266143,0.5845461783670679,1979683.2229204443,0.63858265,2047194.7978646946
VITI,Tregtia me shumice dhe pakice; Riparimi i mjeteve motorike dhe motoeikletave,269284830.76,2026,GROWING,GROWING,-0.06218493328707536,252539371.523968,0.19688560157793966,322303136.6599963,0.19886427,322835949.01047105
VUSHTRRI,Administrimi publik dhe mbrojtja; Sigurimi social i detyrueshem,122705.97,2026,GROWING,GROWING,0.3466176531303583,165238.02534648418,0.877688031664707,230403.53128280857,0.71203727,210077.2006287217
VUSHTRRI,Akomodimi dhe sherbimi ushqimor,9188993.14,2026,GROWING,GROWING,0.18969070213317218,10932059.700623503,0.21630107184971564,11176582.205401685,0.25121018,11497362.061267339
VUSHTRRI,Aktivitetet e patundshmerise,634703.34,2026,GROWING,GROWING,0.18489279335157113,752055.413482172,0.49548322101558917,949188.1952925525,0.75300425,1112637.6921878385
VUSHTRRI,Aktivitetet e shendetit te njeriut dhe te punes sociale,1741278.08,2026,GROWING,GROWING,0.3674492406545715,2381109.3882644502,0.2817149881888054,2231822.213740626,0.24015729,2159458.629239731
VUSHTRRI,Aktivitetet e tjera sherbyese,1836772.01,2026,DECLINING,DECLINING,0.42978063379497644,2626181.048594673,0.2933368688525479,2375564.960209401,0.007219183,1850032.0259828174
VUSHTRRI,Aktivitetet financiare dhe te sigurimit,341421.11,2026,DECLINING,DECLINING,0.2747763742553132,435235.5647000244,0.3137761327602218,448550.90553850227,-0.023434693,333420.0091977221
VUSHTRRI,"Aktivitetet profesionale, shkencore dhe teknike",4986236.6,2026,GROWING,GROWING,0.29070254448730865,6435748.267035746,0.22472368165710455,6106762.046365403,0.35057524,6734287.536492776
VUSHTRRI,Arsimi,708501.9,2026,STABLE,STABLE,0.37621688107744683,975052.2750554451,0.36503630654572355,967130.8167566276,0.39167503,986004.3784392357
VUSHTRRI,"Artet, Argetimi dhe rekreacioni",276767.6,2026,GROWING,GROWING,0.5037830653894765,416198.4299284884,0.4686902212249502,406485.8676718985,0.24633579,344945.3528985023
VUSHTRRI,Bujqesia;Pylltaria dhe Peshkimi,25335343.3,2026,GROWING,GROWING,-0.05026243836009503,24061927.169051904,0.15908147992807292,29365727.206649788,-0.018650804,24862818.12438924
VUSHTRRI,"Furnizimi me rryme, gaz, avull dhe ajer te kondicionuar",157154.06,2026,DECLINING,GROWING,0.1636818852317432,182877.33281262248,-0.1376021629243623,135529.32143165497,-0.25464815,117135.06951104045
VUSHTRRI,Furnizimi me uje; Kanalizimi; Aktivitetet e menaxhimit dhe te trajtimit te mbeturinave,1509199.91,2026,DECLINING,GROWING,0.05005959906596469,1584749.85240499,0.3535405573900374,2042763.2873943942,0.48794186,2245601.72293681
VUSHTRRI,Industria perpunuese,75703858.39,2026,GROWING,GROWING,0.05149547912537372,79602264.84943248,0.215564534276755,92022925.36679375,0.27333707,96396533.45264234
VUSHTRRI,Informimi dhe komunikimi,5532602.46,2026,GROWING,GROWING,0.26498700879537,6998670.236729306,0.21761105217837046,6736557.902605241,0.24671477,6897577.537581554
VUSHTRRI,Mungon aktiviteti,17772.0,2026,DECLINING,DECLINING,0.5882600817493331,28226.55817284915,0.4564526928296333,25884.07725696824,0.74598503,31029.645973205566
VUSHTRRI,Ndertimtaria,76467040.83,2026,GROWING,GROWING,-0.006112378274425734,75999645.35092108,0.18928037233445172,90940750.78961612,0.13822728,87036867.63818716
VUSHTRRI,Person Fizik,1637603.51,2026,GROWING,GROWING,0.26461155876067666,2070932.3274130556,0.32261068586177216,2165911.9015307454,0.22137156,2000122.3069763863
VUSHTRRI,Sherbimet administrative dhe mbeshtetese,11777250.15,2026,GROWING,GROWING,0.0763766970864998,12676757.617218485,0.09795383549342378,12930876.973758,0.1559288,13613663.224100484
VUSHTRRI,Transporti dhe magazinimi,5500506.43,2026,GROWING,GROWING,0.2858582903521488,7072871.7941508,0.21012672561741189,6656309.83537342,0.22036575,6712629.724741351
VUSHTRRI,Tregtia me shumice dhe pakice; Riparimi i mjeteve motorike dhe motoeikletave,181188050.17,2026,STABLE,GROWING,0.1124544781294165,201563457.7951539,0.19658387321640777,216806698.8529474,0.1974844,216969858.8424967
ZUBIN POTOK,Akomodimi dhe sherbimi ushqimor,47456.41,2026,GROWING,GROWING,0.5141018117871203,71853.83636191241,1.5013499642074792,118705.08945491548,1.1384593,101483.59683053018
ZUBIN POTOK,"Aktivitetet profesionale, shkencore dhe teknike",49660.28,2026,GROWING,GROWING,0.5097879749839722,74976.49357833706,1.2520099210084081,111835.44324005544,0.8174431,90254.73483908654
ZUBIN POTOK,Arsimi,1132.5,2026,DECLINING,DECLINING,0.7907380757215015,2028.0108707546003,-0.06077293771608529,1063.6746480365334,-0.040071044,1087.1195130050182
ZUBIN POTOK,Bujqesia;Pylltaria dhe Peshkimi,78559.02,2026,GROWING,GROWING,0.5020773416275957,118001.72392246913,1.2837091129045075,179405.9498748475,1.3655257,185833.38254467965
ZUBIN POTOK,Industria perpunuese,1275670.17,2026,GROWING,GROWING,0.2060292579239315,1538495.5484807955,0.26641056258957213,1615522.177668435,0.34485167,1715587.2379092907
ZUBIN POTOK,Person Fizik,0.0,2026,DECLINING,DECLINING,2.252563929233944,0.0,0.6916780296994541,0.0,0.32887378,0.0
ZUBIN POTOK,Sherbimet administrative dhe mbeshtetese,480671.19999999995,2026,DECLINING,DECLINING,-0.05721669852728334,453168.7808588525,-0.7014887146963621,143485.77772044198,0.05574065,507464.0986219406
ZUBIN POTOK,Transporti dhe magazinimi,174847.11,2026,GROWING,GROWING,0.27053286209703786,222148.9990976956,1.4094868574377173,421291.81360596686,1.9601583,517575.1323047733
ZUBIN POTOK,Tregtia me shumice dhe pakice; Riparimi i mjeteve motorike dhe motoeikletave,3270742.7,2026,STABLE,STABLE,0.2515893565655014,4093626.751384311,0.17470363926190788,3842153.352779319,0.15189591,3767555.042956841
ZVEÇAN,Akomodimi dhe sherbimi ushqimor,78731.25,2026,GROWING,GROWING,0.5181787171338255,119528.10812334249,2.102095175676922,244231.83080001367,1.9070644,228876.81702375412
ZVEÇAN,Aktivitetet e tjera sherbyese,9334.5,2026,GROWING,GROWING,0.737624774030262,16219.85845318548,0.9332014089385325,18045.468551736732,0.97507256,18436.31539285183
ZVEÇAN,"Aktivitetet profesionale, shkencore dhe teknike",24689.97,2026,GROWING,GROWING,0.5505947877576752,38284.138791893376,1.6315281561357633,64972.351229147316,2.219463,79488.4476012683
ZVEÇAN,Bujqesia;Pylltaria dhe Peshkimi,7966.0,2026,GROWING,GROWING,0.840068437783204,14657.985175381004,0.588200784418193,12651.607448675326,0.2782199,10182.300028324127
ZVEÇAN,Furnizimi me uje; Kanalizimi; Aktivitetet e menaxhimit dhe te trajtimit te mbeturinave,840077.29,2026,DECLINING,DECLINING,-0.06834998410401089,782658.0205823594,-0.1303811422833775,730547.0533234759,0.6693992,1402424.4075075914
ZVEÇAN,Industria perpunuese,625499.98,2026,GROWING,GROWING,0.27181212493331214,795518.4587095442,0.3656047120907361,854185.720100661,0.9824118,1239998.5796697713
ZVEÇAN,Informimi dhe komunikimi,482216.56,2026,DECLINING,DECLINING,0.17633406161606077,567247.7646033248,0.09892996746813906,529922.2285933979,-0.0061812038,479235.8924135733
ZVEÇAN,Mungon aktiviteti,0.0,2026,DECLINING,GROWING,2.3179032082657294,0.0,1.0971252545710488,0.0,0.6643767,0.0
ZVEÇAN,Ndertimtaria,72519.3,2026,GROWING,GROWING,0.656351075861058,120117.42057569083,1.9730843956182695,215605.99921116,1.5010818,181376.7117861271
ZVEÇAN,Transporti dhe magazinimi,16054.81,2026,GROWING,GROWING,0.6688434950909348,26792.96523342089,1.7021205767859142,43382.03245738826,1.9917372,48031.774976577755
ZVEÇAN,Tregtia me shumice dhe pakice; Riparimi i mjeteve motorike dhe motoeikletave,10994105.68,2026,GROWING,GROWING,0.07102608728894,11774973.989691509,0.10331067189094938,12129914.124640903,0.20651563,13264560.778606672
