year,month,municipality,primary_sector,real_growth_rate_rf,real_growth_rate_xgb,nominal_growth_rate_low,nominal_growth_rate_central,nominal_growth_rate_high
2027,1,DEÇAN,Akomodimi dhe sherbimi ushqimor,0.46468200126684556,0.059891842,0.07579017,0.086389065,0.10228741
2027,2,DEÇAN,Akomodimi dhe sherbimi ushqimor,0.5200921520300461,0.24776852,0.26648498,0.27896273,0.2976792
2027,3,DEÇAN,Akomodimi dhe sherbimi ushqimor,0.34875835893186663,0.20099422,0.21900916,0.23101914,0.24903393
2027,4,DEÇAN,Akomodimi dhe sherbimi ushqimor,0.7159111032705384,0.65464276,0.67946243,0.6960088,0.7208284
2027,5,DEÇAN,Akomodimi dhe sherbimi ushqimor,0.9458176433259411,0.5837632,0.6075195,0.6233572,0.64711356
2027,6,DEÇAN,Akomodimi dhe sherbimi ushqimor,0.33826105698322495,0.30536804,0.32494855,0.3380022,0.3575827
2027,7,DEÇAN,Akomodimi dhe sherbimi ushqimor,0.25903623576763246,0.30057314,0.3200817,0.33308744,0.35259604
2027,8,DEÇAN,Akomodimi dhe sherbimi ushqimor,-0.024072103470795927,0.06941484,0.08545601,0.09615016,0.11219144
2027,9,DEÇAN,Akomodimi dhe sherbimi ushqimor,0.6353706409492859,0.59111685,0.6149837,0.6308948,0.65476155
2027,10,DEÇAN,Akomodimi dhe sherbimi ushqimor,1.522951771518434,1.3171024,1.3518589,1.37503,1.4097865
2027,11,DEÇAN,Akomodimi dhe sherbimi ushqimor,1.8658315025477323,1.2539523,1.2877614,1.3103011,1.3441103
2027,12,DEÇAN,Akomodimi dhe sherbimi ushqimor,0.2905998885595001,0.38503748,0.40581298,0.4196633,0.44043887
2027,1,DEÇAN,Aktivitetet e patundshmerise,0.7132041041509658,0.5426022,0.5657412,0.5811672,0.6043062
2027,2,DEÇAN,Aktivitetet e patundshmerise,0.6233984245541095,0.19206323,0.20994413,0.22186482,0.23974574
2027,3,DEÇAN,Aktivitetet e patundshmerise,0.6383372581202038,0.5579131,0.5812818,0.5968609,0.6202295
2027,4,DEÇAN,Aktivitetet e patundshmerise,0.7609421779874572,0.11321909,0.12991738,0.14104962,0.15774786
2027,5,DEÇAN,Aktivitetet e patundshmerise,0.8482532642903761,0.21677187,0.23502338,0.24719107,0.2654426
2027,6,DEÇAN,Aktivitetet e patundshmerise,0.7306760097148693,0.24657159,0.2652701,0.27773583,0.2964344
2027,7,DEÇAN,Aktivitetet e patundshmerise,0.8445499406132305,0.102571495,0.11910999,0.13013577,0.14667428
2027,8,DEÇAN,Aktivitetet e patundshmerise,0.875097201136765,0.10403662,0.120597124,0.13163745,0.14819801
2027,9,DEÇAN,Aktivitetet e patundshmerise,0.9340518212397838,0.30699843,0.3266034,0.3396734,0.35927844
2027,10,DEÇAN,Aktivitetet e patundshmerise,-0.4762426762109477,-0.61406714,-0.60827816,-0.6044188,-0.59862983
2027,11,DEÇAN,Aktivitetet e patundshmerise,0.8160226418109463,0.04603629,0.06172681,0.072187066,0.08787763
2027,12,DEÇAN,Aktivitetet e patundshmerise,0.08201574277401853,-0.02054087,-0.005849004,0.003945589,0.018637419
2027,1,DEÇAN,Aktivitetet e shendetit te njeriut dhe te punes sociale,0.4617551284807347,0.3973046,0.41826403,0.43223715,0.45319664
2027,2,DEÇAN,Aktivitetet e shendetit te njeriut dhe te punes sociale,0.5630144756295713,0.5799828,0.6036825,0.6194823,0.64318204
2027,3,DEÇAN,Aktivitetet e shendetit te njeriut dhe te punes sociale,0.14865553431398681,0.25598943,0.27482927,0.28738916,0.306229
2027,4,DEÇAN,Aktivitetet e shendetit te njeriut dhe te punes sociale,0.3403147143535615,0.53386176,0.5568696,0.5722083,0.59521616
2027,5,DEÇAN,Aktivitetet e shendetit te njeriut dhe te punes sociale,0.9134465252753713,0.85705614,0.884912,0.90348256,0.9313383
2027,6,DEÇAN,Aktivitetet e shendetit te njeriut dhe te punes sociale,0.20833813929392295,0.21251042,0.23069811,0.24282324,0.2610109
2027,7,DEÇAN,Aktivitetet e shendetit te njeriut dhe te punes sociale,0.33224931277674863,0.6729984,0.6980934,0.71482337,0.73991835
2027,8,DEÇAN,Aktivitetet e shendetit te njeriut dhe te punes sociale,0.28938401845643935,0.3734407,0.39404237,0.4077767,0.42837834
2027,9,DEÇAN,Aktivitetet e shendetit te njeriut dhe te punes sociale,0.547599613428907,0.53242385,0.55541015,0.5707344,0.5937208
2027,10,DEÇAN,Aktivitetet e shendetit te njeriut dhe te punes sociale,1.3548691187544482,1.391428,1.4272993,1.4512136,1.4870851
2027,11,DEÇAN,Aktivitetet e shendetit te njeriut dhe te punes sociale,1.0259808873340102,1.2686071,1.3026361,1.3253222,1.3593514
2027,12,DEÇAN,Aktivitetet e shendetit te njeriut dhe te punes sociale,0.19657544571129712,0.28704903,0.30635476,0.3192252,0.33853102
2027,1,DEÇAN,Aktivitetet e tjera sherbyese,0.767597571360549,0.61526847,0.6394975,0.65565014,0.6798792
2027,2,DEÇAN,Aktivitetet e tjera sherbyese,0.7459696614698792,0.5347086,0.55772924,0.57307625,0.5960969
2027,3,DEÇAN,Aktivitetet e tjera sherbyese,0.6750308045662236,0.087272406,0.10358143,0.11445415,0.13076329
2027,4,DEÇAN,Aktivitetet e tjera sherbyese,-0.1348112602481814,0.43289334,0.4543867,0.46871555,0.49020898
2027,5,DEÇAN,Aktivitetet e tjera sherbyese,-0.4579476836484748,-0.03296691,-0.018461406,-0.008791089,0.0057144165
2027,6,DEÇAN,Aktivitetet e tjera sherbyese,-0.004489873586271209,-0.104242824,-0.090806484,-0.08184892,-0.06841254
2027,7,DEÇAN,Aktivitetet e tjera sherbyese,-0.40428109888610375,-0.3744149,-0.36503118,-0.35877532,-0.34939152
2027,8,DEÇAN,Aktivitetet e tjera sherbyese,-0.5950470699585935,-0.545814,-0.5390012,-0.53445935,-0.52764654
2027,9,DEÇAN,Aktivitetet e tjera sherbyese,-0.15430703027104403,-0.23229688,-0.22078133,-0.21310431,-0.20158881
2027,10,DEÇAN,Aktivitetet e tjera sherbyese,0.26228360626227354,0.5340409,0.55705154,0.57239187,0.5954025
2027,11,DEÇAN,Aktivitetet e tjera sherbyese,-0.1616345519899115,-0.14601043,-0.13320059,-0.12466067,-0.11185086
2027,12,DEÇAN,Aktivitetet e tjera sherbyese,0.19448448424617995,0.23037326,0.24882889,0.2611326,0.2795881
2027,3,DEÇAN,Aktivitetet financiare dhe te sigurimit,0.5009439958478639,-0.059057195,-0.044943035,-0.035533607,-0.021419525
2027,6,DEÇAN,Aktivitetet financiare dhe te sigurimit,0.6519130092017007,0.54578894,0.5689758,0.5844337,0.6076205
2027,9,DEÇAN,Aktivitetet financiare dhe te sigurimit,1.0921409280005676,1.0370735,1.0676296,1.0880003,1.1185565
2027,12,DEÇAN,Aktivitetet financiare dhe te sigurimit,1.1948683881833835,1.6411356,1.6807528,1.707164,1.7467811
2027,1,DEÇAN,"Aktivitetet profesionale, shkencore dhe teknike",1.2490627251668518,1.0097548,1.039901,1.0599985,1.0901449
2027,2,DEÇAN,"Aktivitetet profesionale, shkencore dhe teknike",0.9208066079458517,0.46422815,0.4861915,0.50083387,0.5227972
2027,3,DEÇAN,"Aktivitetet profesionale, shkencore dhe teknike",0.23745033543345906,0.2052771,0.22335625,0.23540902,0.25348806
2027,4,DEÇAN,"Aktivitetet profesionale, shkencore dhe teknike",-0.15269885168255506,-0.14947335,-0.13671547,-0.12821025,-0.11545235
2027,5,DEÇAN,"Aktivitetet profesionale, shkencore dhe teknike",0.2089526484680705,0.22080457,0.23911667,0.25132465,0.26963675
2027,6,DEÇAN,"Aktivitetet profesionale, shkencore dhe teknike",-0.11527040519802502,-0.08757366,-0.07388729,-0.06476301,-0.05107665
2027,7,DEÇAN,"Aktivitetet profesionale, shkencore dhe teknike",0.15799144458303566,0.18028998,0.19799435,0.20979726,0.22750151
2027,8,DEÇAN,"Aktivitetet profesionale, shkencore dhe teknike",-0.05563325065846617,-0.0016334512,0.013342023,0.023325682,0.03830111
2027,9,DEÇAN,"Aktivitetet profesionale, shkencore dhe teknike",0.24827818755595402,0.2777938,0.2969607,0.30973864,0.32890546
2027,10,DEÇAN,"Aktivitetet profesionale, shkencore dhe teknike",0.16259889839056269,0.12396312,0.14082253,0.15206218,0.16892159
2027,11,DEÇAN,"Aktivitetet profesionale, shkencore dhe teknike",0.44132077925338675,0.33565462,0.3556894,0.36904597,0.38908076
2027,12,DEÇAN,"Aktivitetet profesionale, shkencore dhe teknike",-0.02139120890864231,0.13476582,0.15178728,0.16313493,0.18015647
2027,1,DEÇAN,Arsimi,1.0839368143809405,0.7480223,0.77424264,0.7917229,0.8179431
2027,2,DEÇAN,Arsimi,0.4799367347250921,0.67543185,0.7005633,0.7173176,0.74244905
2027,3,DEÇAN,Arsimi,0.883462217994684,0.6263661,0.6507616,0.6670252,0.6914207
2027,4,DEÇAN,Arsimi,0.623354075322294,0.7161875,0.74193025,0.7590921,0.78483486
2027,5,DEÇAN,Arsimi,1.142595994015612,1.1623855,1.1948211,1.216445,1.2488809
2027,6,DEÇAN,Arsimi,1.0140673500553894,0.70467955,0.73024964,0.74729645,0.7728666
2027,7,DEÇAN,Arsimi,0.6011893942362593,0.69100356,0.71636856,0.73327863,0.7586436
2027,8,DEÇAN,Arsimi,1.0404608096820807,0.85565156,0.8834864,0.90204287,0.92987764
2027,9,DEÇAN,Arsimi,0.5109976151694983,0.26391557,0.28287423,0.2955134,0.31447208
2027,10,DEÇAN,Arsimi,-0.004265754779901253,0.016106386,0.03134799,0.041509032,0.056750536
2027,11,DEÇAN,Arsimi,0.1910969986540478,0.07622833,0.09237182,0.103134036,0.11927748
2027,12,DEÇAN,Arsimi,-0.5093981290603782,-0.33721367,-0.32727188,-0.32064402,-0.3107022
2027,3,DEÇAN,"Artet, Argetimi dhe rekreacioni",1.0205825847674228,1.2027211,1.2357619,1.2577891,1.2908299
2027,6,DEÇAN,"Artet, Argetimi dhe rekreacioni",1.598753888167298,1.3936889,1.4295943,1.453531,1.4894364
2027,9,DEÇAN,"Artet, Argetimi dhe rekreacioni",0.009859210054181429,0.07480554,0.0909276,0.10167563,0.11779773
2027,12,DEÇAN,"Artet, Argetimi dhe rekreacioni",1.0219522772212943,1.6796548,1.7198496,1.7466462,1.7868409
2027,1,DEÇAN,Bujqesia;Pylltaria dhe Peshkimi,0.1804930025308663,0.14479543,0.16196728,0.1734153,0.19058716
2027,2,DEÇAN,Bujqesia;Pylltaria dhe Peshkimi,0.8761724153048311,0.57574314,0.5993793,0.61513674,0.63877285
2027,3,DEÇAN,Bujqesia;Pylltaria dhe Peshkimi,0.597030282496145,0.6565722,0.6814208,0.6979865,0.72283506
2027,4,DEÇAN,Bujqesia;Pylltaria dhe Peshkimi,0.496963816821619,0.80630577,0.83340037,0.8514633,0.8785579
2027,5,DEÇAN,Bujqesia;Pylltaria dhe Peshkimi,0.368329621480003,0.39262384,0.41351318,0.42743945,0.44832885
2027,6,DEÇAN,Bujqesia;Pylltaria dhe Peshkimi,0.46575184184998497,0.50199604,0.524526,0.5395459,0.56207585
2027,7,DEÇAN,Bujqesia;Pylltaria dhe Peshkimi,0.5129815020687225,0.61302364,0.63721895,0.65334916,0.6775445
2027,8,DEÇAN,Bujqesia;Pylltaria dhe Peshkimi,0.32346820795860287,0.41797167,0.43924117,0.45342088,0.47469044
2027,9,DEÇAN,Bujqesia;Pylltaria dhe Peshkimi,0.24046439061543293,0.34883845,0.369071,0.38255942,0.40279198
2027,10,DEÇAN,Bujqesia;Pylltaria dhe Peshkimi,0.33737774325587055,0.31969348,0.33948886,0.3526858,0.3724811
2027,11,DEÇAN,Bujqesia;Pylltaria dhe Peshkimi,-0.0006996236590911432,-0.044380415,-0.030046165,-0.020489931,-0.0061556697
2027,12,DEÇAN,Bujqesia;Pylltaria dhe Peshkimi,-0.04014293146050757,0.062331393,0.07826638,0.08888972,0.10482466
2027,1,DEÇAN,"Furnizimi me rryme, gaz, avull dhe ajer te kondicionuar",-0.49899557324506505,-0.44446263,-0.43612963,-0.43057424,-0.4222412
2027,2,DEÇAN,"Furnizimi me rryme, gaz, avull dhe ajer te kondicionuar",0.06495857455427591,-0.09930275,-0.0857923,-0.076785386,-0.06327492
2027,3,DEÇAN,"Furnizimi me rryme, gaz, avull dhe ajer te kondicionuar",-0.28769213373537794,-0.2705328,-0.2595908,-0.25229615,-0.24135411
2027,4,DEÇAN,"Furnizimi me rryme, gaz, avull dhe ajer te kondicionuar",-0.20437383181419894,-0.13447978,-0.121496975,-0.112841785,-0.099859
2027,5,DEÇAN,"Furnizimi me rryme, gaz, avull dhe ajer te kondicionuar",0.020150143574192397,0.13646705,0.15351415,0.16487873,0.18192577
2027,6,DEÇAN,"Furnizimi me rryme, gaz, avull dhe ajer te kondicionuar",2.0,1.9105991,1.9542582,1.9833641,2.027023
2027,7,DEÇAN,"Furnizimi me rryme, gaz, avull dhe ajer te kondicionuar",2.0,2.0,2.045,2.0749998,2.12
2027,8,DEÇAN,"Furnizimi me rryme, gaz, avull dhe ajer te kondicionuar",2.0,2.0,2.045,2.0749998,2.12
2027,9,DEÇAN,"Furnizimi me rryme, gaz, avull dhe ajer te kondicionuar",0.7367829726387948,0.61966664,0.64396155,0.66015816,0.6844531
2027,10,DEÇAN,"Furnizimi me rryme, gaz, avull dhe ajer te kondicionuar",-0.653644172912776,-0.66696995,-0.66197455,-0.6586442,-0.65364873
2027,11,DEÇAN,"Furnizimi me rryme, gaz, avull dhe ajer te kondicionuar",0.03609527640850075,-0.469267,-0.46130604,-0.45599872,-0.44803768
2027,12,DEÇAN,"Furnizimi me rryme, gaz, avull dhe ajer te kondicionuar",0.4071760241392092,0.6759611,0.70110035,0.71786,0.74299943
2027,1,DEÇAN,Furnizimi me uje; Kanalizimi; Aktivitetet e menaxhimit dhe te trajtimit te mbeturinave,0.35051363822111914,0.41944468,0.4407363,0.45493078,0.4762224
2027,2,DEÇAN,Furnizimi me uje; Kanalizimi; Aktivitetet e menaxhimit dhe te trajtimit te mbeturinave,0.05904669738286042,0.14957651,0.16682017,0.17831588,0.19555962
2027,3,DEÇAN,Furnizimi me uje; Kanalizimi; Aktivitetet e menaxhimit dhe te trajtimit te mbeturinave,-0.0642447321075696,0.059055973,0.074941754,0.08553231,0.10141814
2027,4,DEÇAN,Furnizimi me uje; Kanalizimi; Aktivitetet e menaxhimit dhe te trajtimit te mbeturinave,-0.0652113972669795,-0.049026005,-0.03476143,-0.025251687,-0.010987103
2027,5,DEÇAN,Furnizimi me uje; Kanalizimi; Aktivitetet e menaxhimit dhe te trajtimit te mbeturinave,-0.4219973613698331,-0.2951399,-0.284567,-0.27751845,-0.26694554
2027,6,DEÇAN,Furnizimi me uje; Kanalizimi; Aktivitetet e menaxhimit dhe te trajtimit te mbeturinave,-0.17935293057622986,0.06825447,0.084278226,0.09496081,0.110984564
2027,7,DEÇAN,Furnizimi me uje; Kanalizimi; Aktivitetet e menaxhimit dhe te trajtimit te mbeturinave,0.012535632654580424,0.23561005,0.2541442,0.26650023,0.28503442
2027,8,DEÇAN,Furnizimi me uje; Kanalizimi; Aktivitetet e menaxhimit dhe te trajtimit te mbeturinave,0.6451072549765501,0.61942303,0.6437143,0.65990853,0.6841999
2027,9,DEÇAN,Furnizimi me uje; Kanalizimi; Aktivitetet e menaxhimit dhe te trajtimit te mbeturinave,-0.1672959111411299,-0.13275063,-0.11974192,-0.11106944,-0.09806067
2027,10,DEÇAN,Furnizimi me uje; Kanalizimi; Aktivitetet e menaxhimit dhe te trajtimit te mbeturinave,-0.3269559618829291,-0.27800292,-0.267173,-0.25995302,-0.24912304
2027,11,DEÇAN,Furnizimi me uje; Kanalizimi; Aktivitetet e menaxhimit dhe te trajtimit te mbeturinave,-0.11717316202593392,0.025064392,0.04044032,0.05069089,0.06606686
2027,12,DEÇAN,Furnizimi me uje; Kanalizimi; Aktivitetet e menaxhimit dhe te trajtimit te mbeturinave,1.2043495040755183,0.7957507,0.8226869,0.84064436,0.86758053
2027,1,DEÇAN,Industria nxjerrese,1.877607199387495,1.6922737,1.7326577,1.7595804,1.7999644
2027,2,DEÇAN,Industria nxjerrese,2.0,2.0,2.045,2.0749998,2.12
2027,3,DEÇAN,Industria nxjerrese,2.0,2.0,2.045,2.0749998,2.12
2027,4,DEÇAN,Industria nxjerrese,2.0,2.0,2.045,2.0749998,2.12
2027,5,DEÇAN,Industria nxjerrese,2.0,2.0,2.045,2.0749998,2.12
2027,6,DEÇAN,Industria nxjerrese,2.0,2.0,2.045,2.0749998,2.12
2027,7,DEÇAN,Industria nxjerrese,2.0,2.0,2.045,2.0749998,2.12
2027,8,DEÇAN,Industria nxjerrese,2.0,2.0,2.045,2.0749998,2.12
2027,9,DEÇAN,Industria nxjerrese,2.0,1.9374394,1.9815011,2.0108755,2.054937
2027,10,DEÇAN,Industria nxjerrese,2.0,1.9952759,2.040205,2.0701578,2.1150868
2027,11,DEÇAN,Industria nxjerrese,2.0,1.6134921,1.6526945,1.6788292,1.7180316
2027,12,DEÇAN,Industria nxjerrese,2.0,2.0,2.045,2.0749998,2.12
2027,1,DEÇAN,Industria perpunuese,1.9800749496162409,1.3957419,1.431678,1.4556355,1.4915714
2027,2,DEÇAN,Industria perpunuese,0.25924142943140377,0.55792665,0.5812955,0.59687483,0.62024367
2027,3,DEÇAN,Industria perpunuese,0.297995061908621,0.544796,0.5679679,0.58341587,0.60658777
2027,4,DEÇAN,Industria perpunuese,0.0986804330113648,0.14298625,0.1601311,0.17156088,0.18870568
2027,5,DEÇAN,Industria perpunuese,0.12499322006969843,0.31712595,0.33688283,0.35005403,0.36981094
2027,6,DEÇAN,Industria perpunuese,0.24904037819803052,0.63267165,0.6571616,0.6734884,0.6979784
2027,7,DEÇAN,Industria perpunuese,0.10112752162117453,0.15728946,0.17464888,0.18622172,0.2035811
2027,8,DEÇAN,Industria perpunuese,0.11261175255639626,0.34685814,0.36706102,0.38052952,0.4007324
2027,9,DEÇAN,Industria perpunuese,0.09693549928302868,0.1252043,0.14208233,0.15333438,0.1702125
2027,10,DEÇAN,Industria perpunuese,0.09468280343080088,0.17296703,0.19056153,0.20229125,0.2198857
2027,11,DEÇAN,Industria perpunuese,0.09001084787005302,0.15017082,0.16742337,0.17892504,0.1961776
2027,12,DEÇAN,Industria perpunuese,0.08587898645431218,0.19083332,0.20869577,0.22060418,0.23846662
2027,1,DEÇAN,Informimi dhe komunikimi,0.08885670444920116,-0.1401684,-0.127271,-0.11867267,-0.10577518
2027,2,DEÇAN,Informimi dhe komunikimi,0.1135137600274155,0.13164602,0.14862072,0.15993714,0.17691183
2027,3,DEÇAN,Informimi dhe komunikimi,-0.1307512332572427,0.035182275,0.050709963,0.06106174,0.076589465
2027,4,DEÇAN,Informimi dhe komunikimi,0.15285006515060914,0.31426415,0.33397818,0.34712076,0.36683464
2027,5,DEÇAN,Informimi dhe komunikimi,0.25525736412404215,0.3250204,0.34489572,0.35814595,0.37802124
2027,6,DEÇAN,Informimi dhe komunikimi,0.14379236072763524,0.15191518,0.16919386,0.18071306,0.19799173
2027,7,DEÇAN,Informimi dhe komunikimi,-0.037624447274248636,0.08180326,0.09803033,0.10884833,0.12507546
2027,8,DEÇAN,Informimi dhe komunikimi,0.3764132093441015,0.4358952,0.45743358,0.47179258,0.49333096
2027,9,DEÇAN,Informimi dhe komunikimi,0.6391065622877016,0.68875057,0.71408176,0.7309692,0.75630045
2027,10,DEÇAN,Informimi dhe komunikimi,1.1192166714273757,0.9074436,0.9360552,0.9551296,0.98374116
2027,11,DEÇAN,Informimi dhe komunikimi,1.8230994237109246,1.4797934,1.5169904,1.5417883,1.5789852
2027,12,DEÇAN,Informimi dhe komunikimi,0.13270630570071437,0.28947517,0.30881727,0.32171202,0.3410542
2027,12,DEÇAN,Mungon aktiviteti,-0.29280055327454413,-0.19969602,-0.18769145,-0.1796884,-0.1676839
2027,1,DEÇAN,Ndertimtaria,0.663872175603127,0.5395546,0.56264794,0.57804346,0.6011367
2027,2,DEÇAN,Ndertimtaria,-0.010118376428811077,0.09435397,0.11076915,0.121712685,0.13812804
2027,3,DEÇAN,Ndertimtaria,0.08642668203397544,0.2879275,0.30724645,0.3201257,0.33944452
2027,4,DEÇAN,Ndertimtaria,0.18845985894580103,0.34843448,0.36866093,0.3821453,0.40237176
2027,5,DEÇAN,Ndertimtaria,0.20874230127893892,0.24618016,0.2648729,0.2773347,0.2960273
2027,6,DEÇAN,Ndertimtaria,0.16721953151132665,0.24456835,0.26323688,0.27568257,0.29435098
2027,7,DEÇAN,Ndertimtaria,0.3174910118546789,0.55345345,0.57675517,0.5922897,0.6155915
2027,8,DEÇAN,Ndertimtaria,0.28302569503695924,0.4326919,0.45418227,0.4685092,0.48999953
2027,9,DEÇAN,Ndertimtaria,0.23127971905806136,0.28543913,0.30472076,0.3175751,0.3368566
2027,10,DEÇAN,Ndertimtaria,0.1647544568488384,0.24077657,0.2593882,0.27179587,0.29040754
2027,11,DEÇAN,Ndertimtaria,0.17299944384533744,0.23988633,0.2584846,0.27088344,0.28948164
2027,12,DEÇAN,Ndertimtaria,0.026742336912059978,0.13895452,0.15603888,0.16742837,0.18451262
2027,1,DEÇAN,Person Fizik,-0.8133437287535878,-1.0,-1.0,-1.0,-1.0
2027,2,DEÇAN,Person Fizik,-0.9010559894372762,-1.0,-1.0,-1.0,-1.0
2027,3,DEÇAN,Person Fizik,-0.8871987173127538,-1.0,-1.0,-1.0,-1.0
2027,4,DEÇAN,Person Fizik,-0.43169806730383137,-0.5655809,-0.5590646,-0.5547204,-0.5482042
2027,5,DEÇAN,Person Fizik,-0.7786605462927186,-0.9900879,-0.9899393,-0.98984015,-0.98969144
2027,6,DEÇAN,Person Fizik,-0.27398429289740495,-0.5501361,-0.5433881,-0.5388895,-0.53214157
2027,7,DEÇAN,Person Fizik,-0.4202269128323376,-0.55090123,-0.5441648,-0.5396738,-0.5329373
2027,9,DEÇAN,Person Fizik,-0.4711645284533333,-0.4607983,-0.45271027,-0.44731826,-0.4392302
2027,1,DEÇAN,Sherbimet administrative dhe mbeshtetese,1.6815055600116469,1.8730662,1.9161623,1.9448929,1.9879887
2027,2,DEÇAN,Sherbimet administrative dhe mbeshtetese,1.6343826202817415,1.5803326,1.6190376,1.644841,1.6835461
2027,3,DEÇAN,Sherbimet administrative dhe mbeshtetese,-0.16747634965129202,-0.20229483,-0.19032925,-0.18235224,-0.17038667
2027,4,DEÇAN,Sherbimet administrative dhe mbeshtetese,1.2413186540033307,1.40885,1.4449828,1.4690711,1.505204
2027,5,DEÇAN,Sherbimet administrative dhe mbeshtetese,0.750762353509082,0.8156588,0.8428937,0.86105025,0.88828504
2027,6,DEÇAN,Sherbimet administrative dhe mbeshtetese,-0.10766600130103368,0.022206007,0.037539005,0.047761083,0.06309414
2027,7,DEÇAN,Sherbimet administrative dhe mbeshtetese,0.2673146146808921,0.5761384,0.59978044,0.6155418,0.6391839
2027,8,DEÇAN,Sherbimet administrative dhe mbeshtetese,0.584306515105833,1.1846989,1.2174695,1.2393165,1.2720869
2027,9,DEÇAN,Sherbimet administrative dhe mbeshtetese,0.16064914628071145,0.17464738,0.19226706,0.20401347,0.2216332
2027,10,DEÇAN,Sherbimet administrative dhe mbeshtetese,0.22976447847819295,0.13820118,0.15527427,0.16665626,0.18372929
2027,11,DEÇAN,Sherbimet administrative dhe mbeshtetese,-0.2448999877752492,-0.07265846,-0.058748364,-0.049474955,-0.03556484
2027,12,DEÇAN,Sherbimet administrative dhe mbeshtetese,0.2488316247252235,0.29721344,0.3166716,0.32964373,0.3491019
2027,1,DEÇAN,Transporti dhe magazinimi,0.41277745092693374,0.24491426,0.26358795,0.2760371,0.29471087
2027,2,DEÇAN,Transporti dhe magazinimi,0.3324750611988874,0.3188962,0.33867955,0.3518685,0.371652
2027,3,DEÇAN,Transporti dhe magazinimi,-0.027120065528312694,0.07885642,0.09503925,0.10582781,0.12201071
2027,4,DEÇAN,Transporti dhe magazinimi,0.8884003204951954,0.6038616,0.62791944,0.6439581,0.66801596
2027,5,DEÇAN,Transporti dhe magazinimi,0.6859956438210193,0.43301547,0.4545107,0.46884084,0.49033606
2027,6,DEÇAN,Transporti dhe magazinimi,1.050946195119361,1.2637451,1.2977011,1.3203387,1.3542948
2027,7,DEÇAN,Transporti dhe magazinimi,0.266406168784729,0.31535152,0.3350817,0.34823525,0.36796546
2027,8,DEÇAN,Transporti dhe magazinimi,1.3515300061699729,1.0394815,1.0700738,1.0904686,1.1210608
2027,9,DEÇAN,Transporti dhe magazinimi,0.5384718735693043,0.5477881,0.571005,0.58648276,0.6096996
2027,10,DEÇAN,Transporti dhe magazinimi,0.21041591987349942,0.22236347,0.24069893,0.25292253,0.271258
2027,11,DEÇAN,Transporti dhe magazinimi,0.2006587442421847,0.2383582,0.25693357,0.26931715,0.28789258
2027,12,DEÇAN,Transporti dhe magazinimi,0.15913039951550004,0.32941404,0.34935522,0.36264932,0.38259053
2027,1,DEÇAN,Tregtia me shumice dhe pakice; Riparimi i mjeteve motorike dhe motoeikletave,0.09774903678789826,0.2032962,0.22134566,0.23337853,0.251428
2027,2,DEÇAN,Tregtia me shumice dhe pakice; Riparimi i mjeteve motorike dhe motoeikletave,0.08091701718032493,0.16739352,0.18490446,0.19657838,0.21408927
2027,3,DEÇAN,Tregtia me shumice dhe pakice; Riparimi i mjeteve motorike dhe motoeikletave,0.07081036041248985,0.13773653,0.15480256,0.1661799,0.18324602
2027,4,DEÇAN,Tregtia me shumice dhe pakice; Riparimi i mjeteve motorike dhe motoeikletave,0.06937829870578086,0.10661274,0.12321186,0.13427794,0.15087712
2027,5,DEÇAN,Tregtia me shumice dhe pakice; Riparimi i mjeteve motorike dhe motoeikletave,0.06863058251048915,0.1167776,0.1335293,0.14469707,0.16144872
2027,6,DEÇAN,Tregtia me shumice dhe pakice; Riparimi i mjeteve motorike dhe motoeikletave,0.06937829870578086,0.1384654,0.15554237,0.16692698,0.18400395
2027,7,DEÇAN,Tregtia me shumice dhe pakice; Riparimi i mjeteve motorike dhe motoeikletave,0.06723222324222118,0.109786,0.12643278,0.13753068,0.15417743
2027,8,DEÇAN,Tregtia me shumice dhe pakice; Riparimi i mjeteve motorike dhe motoeikletave,0.06723222324222118,0.1083447,0.12496984,0.13605332,0.15267837
2027,9,DEÇAN,Tregtia me shumice dhe pakice; Riparimi i mjeteve motorike dhe motoeikletave,0.06723222324222118,0.11238746,0.12907326,0.14019704,0.15688288
2027,10,DEÇAN,Tregtia me shumice dhe pakice; Riparimi i mjeteve motorike dhe motoeikletave,0.06723222324222118,0.10385435,0.12041211,0.13145065,0.14800847
2027,11,DEÇAN,Tregtia me shumice dhe pakice; Riparimi i mjeteve motorike dhe motoeikletave,0.06937829870578086,0.12173469,0.13856077,0.14977813,0.16660404
2027,12,DEÇAN,Tregtia me shumice dhe pakice; Riparimi i mjeteve motorike dhe motoeikletave,0.06863058251048915,0.20060237,0.21861148,0.2306174,0.24862647
2027,1,DRAGASH,Akomodimi dhe sherbimi ushqimor,0.8130190414668135,0.9783697,1.0080452,1.0278289,1.0575044
2027,2,DRAGASH,Akomodimi dhe sherbimi ushqimor,1.7285826701091191,1.5478315,1.5860491,1.6115272,1.6497447
2027,3,DRAGASH,Akomodimi dhe sherbimi ushqimor,0.06806364621451903,0.12616825,0.1430608,0.15432239,0.17121494
2027,4,DRAGASH,Akomodimi dhe sherbimi ushqimor,2.0,2.0,2.045,2.0749998,2.12
2027,5,DRAGASH,Akomodimi dhe sherbimi ushqimor,0.8209732363348625,1.3421843,1.377317,1.400739,1.4358716
2027,6,DRAGASH,Akomodimi dhe sherbimi ushqimor,-0.15256801821984406,-0.16310577,-0.15055239,-0.14218342,-0.12963003
2027,7,DRAGASH,Akomodimi dhe sherbimi ushqimor,0.01625702104669988,0.3861485,0.4069407,0.42080212,0.44159436
2027,8,DRAGASH,Akomodimi dhe sherbimi ushqimor,-0.030089008781854717,0.027019069,0.04242432,0.05269444,0.06809974
2027,9,DRAGASH,Akomodimi dhe sherbimi ushqimor,0.0681673408914798,0.0070806327,0.022186875,0.032257676,0.047363877
2027,10,DRAGASH,Akomodimi dhe sherbimi ushqimor,0.9468708961117028,0.6383112,0.6628858,0.67926884,0.7038435
2027,11,DRAGASH,Akomodimi dhe sherbimi ushqimor,0.68546472020446,0.9650066,0.9944817,1.0141318,1.0436068
2027,12,DRAGASH,Akomodimi dhe sherbimi ushqimor,0.0795970140217997,0.17195544,0.18953478,0.20125437,0.21883368
2027,1,DRAGASH,Aktivitetet e shendetit te njeriut dhe te punes sociale,0.5463579461373637,0.20859261,0.22672153,0.23880744,0.2569363
2027,2,DRAGASH,Aktivitetet e shendetit te njeriut dhe te punes sociale,0.38008513573945796,-0.11128384,-0.09795308,-0.08906597,-0.07573521
2027,3,DRAGASH,Aktivitetet e shendetit te njeriut dhe te punes sociale,0.2713408387330501,0.21759279,0.23585665,0.24803257,0.2662965
2027,4,DRAGASH,Aktivitetet e shendetit te njeriut dhe te punes sociale,0.490364800761481,0.62471473,0.6490854,0.66533256,0.6897032
2027,5,DRAGASH,Aktivitetet e shendetit te njeriut dhe te punes sociale,0.23451199852877877,-0.009790103,0.005063057,0.014965057,0.029818177
2027,6,DRAGASH,Aktivitetet e shendetit te njeriut dhe te punes sociale,0.19405536876396579,0.06584249,0.081830144,0.09248853,0.10847616
2027,7,DRAGASH,Aktivitetet e shendetit te njeriut dhe te punes sociale,0.4417446117925123,0.26204953,0.28098023,0.2936008,0.31253147
2027,8,DRAGASH,Aktivitetet e shendetit te njeriut dhe te punes sociale,1.1038150788225192,0.99102527,1.0208905,1.0408008,1.0706661
2027,9,DRAGASH,Aktivitetet e shendetit te njeriut dhe te punes sociale,-0.08754349516653759,0.050521996,0.06627977,0.07678497,0.09254277
2027,10,DRAGASH,Aktivitetet e shendetit te njeriut dhe te punes sociale,1.1149572719359657,1.039375,1.0699654,1.0903592,1.1209497
2027,11,DRAGASH,Aktivitetet e shendetit te njeriut dhe te punes sociale,0.3612470147618036,-0.06363906,-0.049593627,-0.040230036,-0.026184618
2027,12,DRAGASH,Aktivitetet e shendetit te njeriut dhe te punes sociale,0.00485507622071648,0.27591637,0.29505503,0.30781424,0.32695293
2027,1,DRAGASH,Aktivitetet e tjera sherbyese,0.06688313670401153,-1.0,-1.0,-1.0,-1.0
2027,2,DRAGASH,Aktivitetet e tjera sherbyese,0.30026591817991083,-0.06577587,-0.05176252,-0.042420268,-0.028406918
2027,3,DRAGASH,Aktivitetet e tjera sherbyese,0.6341501437742179,0.032812048,0.0483042,0.058632255,0.074124455
2027,4,DRAGASH,Aktivitetet e tjera sherbyese,1.9727668215768752,1.4237218,1.4600775,1.4843147,1.5206707
2027,5,DRAGASH,Aktivitetet e tjera sherbyese,1.7967605556097919,0.5797694,0.6034659,0.6192635,0.6429601
2027,6,DRAGASH,Aktivitetet e tjera sherbyese,0.0816526929940066,-0.010276203,0.0045696497,0.014466882,0.02931273
2027,7,DRAGASH,Aktivitetet e tjera sherbyese,1.5780593507806353,0.9119338,0.9406128,0.95973206,0.98841107
2027,8,DRAGASH,Aktivitetet e tjera sherbyese,0.4288377064410058,0.54002786,0.56312823,0.5785285,0.6016289
2027,9,DRAGASH,Aktivitetet e tjera sherbyese,-0.05676718018458242,-0.1938038,-0.18171084,-0.1736489,-0.16155595
2027,10,DRAGASH,Aktivitetet e tjera sherbyese,1.209480973635232,0.43508515,0.4566114,0.4709623,0.4924885
2027,11,DRAGASH,Aktivitetet e tjera sherbyese,0.9133770991612364,0.45552266,0.47735548,0.4919107,0.5137435
2027,12,DRAGASH,Aktivitetet e tjera sherbyese,0.08595286534411069,0.22817641,0.24659896,0.25888073,0.27730334
2027,3,DRAGASH,Aktivitetet financiare dhe te sigurimit,1.6614003806240067,1.5452123,1.5833905,1.6088426,1.6470206
2027,6,DRAGASH,Aktivitetet financiare dhe te sigurimit,1.8390296232662247,2.0,2.045,2.0749998,2.12
2027,9,DRAGASH,Aktivitetet financiare dhe te sigurimit,1.6770848762337738,1.6575546,1.697418,1.7239935,1.7638566
2027,12,DRAGASH,Aktivitetet financiare dhe te sigurimit,1.182739250553395,1.2508397,1.2846022,1.3071105,1.3408732
2027,1,DRAGASH,"Aktivitetet profesionale, shkencore dhe teknike",0.4609446930745308,0.3774397,0.39810133,0.41187572,0.43253732
2027,2,DRAGASH,"Aktivitetet profesionale, shkencore dhe teknike",0.6687251570546296,0.7007934,0.72630525,0.7433132,0.76882505
2027,3,DRAGASH,"Aktivitetet profesionale, shkencore dhe teknike",0.08688558062198797,0.073898576,0.09000707,0.100746036,0.11685443
2027,4,DRAGASH,"Aktivitetet profesionale, shkencore dhe teknike",0.4204771311164459,0.54262805,0.5657674,0.5811937,0.60433316
2027,5,DRAGASH,"Aktivitetet profesionale, shkencore dhe teknike",0.1831585375823822,0.12753135,0.14444423,0.15571952,0.17263246
2027,6,DRAGASH,"Aktivitetet profesionale, shkencore dhe teknike",0.3937310066413586,0.2722786,0.29136276,0.3040855,0.3231696
2027,7,DRAGASH,"Aktivitetet profesionale, shkencore dhe teknike",0.2949214305022646,0.25637132,0.27521682,0.28778052,0.30662608
2027,8,DRAGASH,"Aktivitetet profesionale, shkencore dhe teknike",-0.16331098072313796,-0.10806974,-0.0946908,-0.0857715,-0.07239252
2027,9,DRAGASH,"Aktivitetet profesionale, shkencore dhe teknike",0.3905106125339174,0.33144996,0.3514217,0.3647362,0.38470793
2027,10,DRAGASH,"Aktivitetet profesionale, shkencore dhe teknike",0.7622145436499553,1.1773221,1.2099819,1.2317553,1.264415
2027,11,DRAGASH,"Aktivitetet profesionale, shkencore dhe teknike",0.6867051654666945,0.82000595,0.847306,0.86550605,0.89280605
2027,12,DRAGASH,"Aktivitetet profesionale, shkencore dhe teknike",0.04700903317384789,0.16227849,0.17971265,0.19133544,0.20876968
2027,3,DRAGASH,"Artet, Argetimi dhe rekreacioni",1.056067818247609,1.2700374,1.3040879,1.3267882,1.3608389
2027,6,DRAGASH,"Artet, Argetimi dhe rekreacioni",0.9865075439380607,0.95290816,0.9822017,1.0017309,1.0310245
2027,9,DRAGASH,"Artet, Argetimi dhe rekreacioni",1.1947249427764208,1.0120491,1.0422299,1.0623503,1.0925312
2027,12,DRAGASH,"Artet, Argetimi dhe rekreacioni",1.4398178898563045,1.6675038,1.7075164,1.7341914,1.7742038
2027,1,DRAGASH,Bujqesia;Pylltaria dhe Peshkimi,1.4876030765506632,1.7642665,1.8057303,1.8333731,1.8748372
2027,2,DRAGASH,Bujqesia;Pylltaria dhe Peshkimi,0.6543510713911539,0.59647924,0.6204263,0.63639116,0.6603383
2027,3,DRAGASH,Bujqesia;Pylltaria dhe Peshkimi,0.19172110307895357,0.27454022,0.29365826,0.30640364,0.3255217
2027,4,DRAGASH,Bujqesia;Pylltaria dhe Peshkimi,0.8839561277744129,0.99107337,1.0209394,1.0408502,1.0707161
2027,5,DRAGASH,Bujqesia;Pylltaria dhe Peshkimi,0.5291683053162664,0.51356465,0.536268,0.55140364,0.57410717
2027,6,DRAGASH,Bujqesia;Pylltaria dhe Peshkimi,0.022747426986179667,0.002463978,0.017500877,0.027525544,0.042562485
2027,7,DRAGASH,Bujqesia;Pylltaria dhe Peshkimi,0.5078722662337382,0.6902511,0.7156049,0.73250735,0.75786114
2027,8,DRAGASH,Bujqesia;Pylltaria dhe Peshkimi,0.7608403117367859,1.0850338,1.1163094,1.1371596,1.1684351
2027,9,DRAGASH,Bujqesia;Pylltaria dhe Peshkimi,-0.32469054754300364,-0.33947536,-0.32956755,-0.32296228,-0.31305444
2027,10,DRAGASH,Bujqesia;Pylltaria dhe Peshkimi,-0.3167214372253241,-0.1958864,-0.18382466,-0.17578357,-0.16372186
2027,11,DRAGASH,Bujqesia;Pylltaria dhe Peshkimi,0.2674680825908111,0.43395174,0.45546103,0.46980047,0.49130976
2027,12,DRAGASH,Bujqesia;Pylltaria dhe Peshkimi,0.19857249906921648,0.30316144,0.32270873,0.33574033,0.3552878
2027,1,DRAGASH,"Furnizimi me rryme, gaz, avull dhe ajer te kondicionuar",-0.28887471904953926,-0.4939648,-0.48637426,-0.48131394,-0.4737234
2027,2,DRAGASH,"Furnizimi me rryme, gaz, avull dhe ajer te kondicionuar",-0.14871308309459141,-0.19599031,-0.18393022,-0.17589009,-0.16382998
2027,3,DRAGASH,"Furnizimi me rryme, gaz, avull dhe ajer te kondicionuar",-0.2889167119645859,-0.29829454,-0.28776896,-0.28075194,-0.27022636
2027,4,DRAGASH,"Furnizimi me rryme, gaz, avull dhe ajer te kondicionuar",-0.2389282423091495,-0.3710699,-0.36163598,-0.35534668,-0.34591275
2027,5,DRAGASH,"Furnizimi me rryme, gaz, avull dhe ajer te kondicionuar",0.008412712821551043,-0.16440794,-0.15187413,-0.14351821,-0.1309843
2027,6,DRAGASH,"Furnizimi me rryme, gaz, avull dhe ajer te kondicionuar",0.8422007411947515,1.0062009,1.0362937,1.0563557,1.0864487
2027,7,DRAGASH,"Furnizimi me rryme, gaz, avull dhe ajer te kondicionuar",1.1638555860361641,1.292881,1.3272741,1.350203,1.3845961
2027,8,DRAGASH,"Furnizimi me rryme, gaz, avull dhe ajer te kondicionuar",1.860499860189946,1.8245101,1.8668778,1.8951228,1.9374905
2027,9,DRAGASH,"Furnizimi me rryme, gaz, avull dhe ajer te kondicionuar",1.5082356724274986,1.6654118,1.7053931,1.7320471,1.7720282
2027,10,DRAGASH,"Furnizimi me rryme, gaz, avull dhe ajer te kondicionuar",0.5060889143476487,0.3844757,0.4052428,0.41908753,0.43985474
2027,11,DRAGASH,"Furnizimi me rryme, gaz, avull dhe ajer te kondicionuar",0.482618536095708,0.4494665,0.47120845,0.4857031,0.5074451
2027,12,DRAGASH,"Furnizimi me rryme, gaz, avull dhe ajer te kondicionuar",0.26205720521692877,0.44152337,0.4631461,0.47756135,0.49918413
2027,1,DRAGASH,Industria perpunuese,0.4476032751129103,0.15788405,0.1752522,0.18683112,0.20419931
2027,2,DRAGASH,Industria perpunuese,0.19248713223865316,0.18350427,0.20125675,0.21309185,0.23084438
2027,3,DRAGASH,Industria perpunuese,-0.001287591462341481,0.020994037,0.036309004,0.04651892,0.06183374
2027,4,DRAGASH,Industria perpunuese,0.10991469037221445,0.022690674,0.038030982,0.048257947,0.063598275
2027,5,DRAGASH,Industria perpunuese,0.006556884833198294,0.018853776,0.034136534,0.044325113,0.059607863
2027,6,DRAGASH,Industria perpunuese,0.11645236066114904,0.12288303,0.13972628,0.15095508,0.1677984
2027,7,DRAGASH,Industria perpunuese,0.13952382609335218,0.087369576,0.103680134,0.11455381,0.13086426
2027,8,DRAGASH,Industria perpunuese,0.10439123504568759,0.041187868,0.05680573,0.06721759,0.08283532
2027,9,DRAGASH,Industria perpunuese,0.109237929860325,0.08299561,0.09924054,0.11007047,0.12631547
2027,10,DRAGASH,Industria perpunuese,0.21667704445846492,0.115139954,0.13186705,0.14301848,0.15974557
2027,11,DRAGASH,Industria perpunuese,0.19444425860064943,0.106104314,0.12269592,0.133757,0.15034854
2027,12,DRAGASH,Industria perpunuese,0.08245272017366093,0.14764781,0.16486251,0.17633903,0.19355369
2027,1,DRAGASH,Informimi dhe komunikimi,-0.07829644331411564,-0.26122352,-0.25014192,-0.24275416,-0.23167253
2027,2,DRAGASH,Informimi dhe komunikimi,-0.054071965584100344,-0.029626878,-0.015071332,-0.005367577,0.009187937
2027,3,DRAGASH,Informimi dhe komunikimi,0.08155002001501956,0.14749017,0.16470253,0.17617738,0.19338965
2027,4,DRAGASH,Informimi dhe komunikimi,-0.04651415777899918,0.31778502,0.33755183,0.35072958,0.3704964
2027,5,DRAGASH,Informimi dhe komunikimi,0.05982400355869481,0.0642602,0.08022416,0.090866685,0.1068306
2027,6,DRAGASH,Informimi dhe komunikimi,-0.1427680212461797,-0.07583082,-0.061968267,-0.052726626,-0.038864076
2027,7,DRAGASH,Informimi dhe komunikimi,0.06032066066199149,0.029228128,0.04466653,0.05495882,0.07039714
2027,8,DRAGASH,Informimi dhe komunikimi,0.13248062677884914,-0.060159244,-0.046061695,-0.036663294,-0.022565663
2027,9,DRAGASH,Informimi dhe komunikimi,-0.20432332942506587,-0.07442939,-0.06054586,-0.051290154,-0.037406623
2027,10,DRAGASH,Informimi dhe komunikimi,0.01491196565877592,-0.19659358,-0.18454248,-0.17650843,-0.16445738
2027,11,DRAGASH,Informimi dhe komunikimi,-0.26387495429559393,-0.35990238,-0.3503009,-0.34389997,-0.3342985
2027,12,DRAGASH,Informimi dhe komunikimi,0.0023832647944308795,0.27483737,0.29395998,0.30670834,0.32583082
2027,12,DRAGASH,Mungon aktiviteti,-0.7512854001399937,-0.7913187,-0.7881885,-0.7861017,-0.7829715
2027,1,DRAGASH,Ndertimtaria,2.0,2.0,2.045,2.0749998,2.12
2027,2,DRAGASH,Ndertimtaria,0.8602759167354503,1.1721839,1.2047668,1.2264886,1.2590714
2027,3,DRAGASH,Ndertimtaria,0.04679951234770508,0.13068506,0.14764535,0.15895224,0.1759125
2027,4,DRAGASH,Ndertimtaria,-0.11169982544466256,-0.10738543,-0.09399617,-0.08507007,-0.071680844
2027,5,DRAGASH,Ndertimtaria,0.005756134805138861,0.017160343,0.032417655,0.042589307,0.057846665
2027,6,DRAGASH,Ndertimtaria,-0.0720068233662089,-0.13900721,-0.12609231,-0.117482424,-0.10456753
2027,7,DRAGASH,Ndertimtaria,-0.3348544117627416,-0.2649307,-0.2539047,-0.24655402,-0.23552799
2027,8,DRAGASH,Ndertimtaria,0.9340017829905605,0.651627,0.6764015,0.6929177,0.71769214
2027,9,DRAGASH,Ndertimtaria,0.06482656229094709,0.10994262,0.1265918,0.13769126,0.15434039
2027,10,DRAGASH,Ndertimtaria,-0.1334676692136209,-0.06479111,-0.05076295,-0.041410863,-0.027382791
2027,11,DRAGASH,Ndertimtaria,-0.15093188125861579,-0.08193794,-0.06816697,-0.058986366,-0.045215487
2027,12,DRAGASH,Ndertimtaria,-0.2120670791401013,-0.01744234,-0.0027040243,0.007121563,0.021859884
2027,1,DRAGASH,Person Fizik,0.5882521043414806,0.009284242,0.02442348,0.034516335,0.049655557
2027,2,DRAGASH,Person Fizik,0.45233695438910293,-0.32002506,-0.30982548,-0.30302572,-0.29282612
2027,3,DRAGASH,Person Fizik,0.09765246728492626,-0.31210604,-0.3017876,-0.2949087,-0.2845903
2027,4,DRAGASH,Person Fizik,0.030482989750256012,-0.36778867,-0.3583055,-0.35198343,-0.34250027
2027,5,DRAGASH,Person Fizik,0.42976066570666793,-0.19046225,-0.17831916,-0.17022383,-0.15808076
2027,6,DRAGASH,Person Fizik,0.14222091796812725,-0.25690907,-0.2457627,-0.2383318,-0.22718549
2027,7,DRAGASH,Person Fizik,-0.12821621709668912,-0.30785644,-0.29747432,-0.29055285,-0.28017074
2027,8,DRAGASH,Person Fizik,-0.09476783856912,-0.3876652,-0.3784802,-0.37235683,-0.36317182
2027,9,DRAGASH,Person Fizik,-0.067714766949635,-0.25798553,-0.24685532,-0.2394352,-0.22830498
2027,10,DRAGASH,Person Fizik,-0.6559270875789533,-0.659259,-0.6541479,-0.6507405,-0.6456294
2027,11,DRAGASH,Person Fizik,-0.6426646582573433,-1.0,-1.0,-1.0,-1.0
2027,12,DRAGASH,Person Fizik,-0.7185027958361494,-1.0,-1.0,-1.0,-1.0
2027,1,DRAGASH,Sherbimet administrative dhe mbeshtetese,-0.09077509015900918,-0.1462318,-0.13342524,-0.124887586,-0.11208105
2027,2,DRAGASH,Sherbimet administrative dhe mbeshtetese,2.0,2.0,2.045,2.0749998,2.12
2027,3,DRAGASH,Sherbimet administrative dhe mbeshtetese,0.5554659688800282,0.7145229,0.7402407,0.75738585,0.7831037
2027,4,DRAGASH,Sherbimet administrative dhe mbeshtetese,0.020464537933031914,-0.07483051,-0.06095302,-0.051701307,-0.037823796
2027,5,DRAGASH,Sherbimet administrative dhe mbeshtetese,0.8024543468046376,0.43442303,0.4559393,0.4702835,0.49179983
2027,6,DRAGASH,Sherbimet administrative dhe mbeshtetese,-0.2422573358363449,-0.19377434,-0.18168098,-0.17361873,-0.16152537
2027,7,DRAGASH,Sherbimet administrative dhe mbeshtetese,-0.011922001333417401,0.021805441,0.0371325,0.047350526,0.06267762
2027,8,DRAGASH,Sherbimet administrative dhe mbeshtetese,0.741150585243063,0.49592733,0.5183662,0.53332543,0.5557643
2027,9,DRAGASH,Sherbimet administrative dhe mbeshtetese,0.5488076182738042,0.3328864,0.35287976,0.36620855,0.38620186
2027,10,DRAGASH,Sherbimet administrative dhe mbeshtetese,0.6510052208833749,0.22474475,0.2431159,0.25536335,0.27373457
2027,11,DRAGASH,Sherbimet administrative dhe mbeshtetese,0.10975466353341887,-0.19110899,-0.17897564,-0.17088675,-0.1587534
2027,12,DRAGASH,Sherbimet administrative dhe mbeshtetese,-0.09342675898394787,-0.03624862,-0.021792352,-0.012154877,0.0023013353
2027,1,DRAGASH,Transporti dhe magazinimi,-0.023335260927186872,-0.15781274,-0.14517993,-0.13675803,-0.12412524
2027,2,DRAGASH,Transporti dhe magazinimi,0.04097108040674384,-0.01967523,-0.0049703717,0.004832864,0.019537687
2027,3,DRAGASH,Transporti dhe magazinimi,0.009054254934296771,0.07087005,0.086933136,0.097641826,0.1137048
2027,4,DRAGASH,Transporti dhe magazinimi,-0.09173772582808863,-0.03257172,-0.018060327,-0.0083860755,0.006125331
2027,5,DRAGASH,Transporti dhe magazinimi,0.0524511747775495,0.1851463,0.20292354,0.21477497,0.23255217
2027,6,DRAGASH,Transporti dhe magazinimi,0.011766367751708163,0.05593565,0.0717746,0.08233404,0.09817302
2027,7,DRAGASH,Transporti dhe magazinimi,-0.0326323596290022,-0.121931635,-0.108760595,-0.09997994,-0.08680892
2027,8,DRAGASH,Transporti dhe magazinimi,0.014137359499365164,0.093725055,0.110130906,0.12106824,0.13747406
2027,9,DRAGASH,Transporti dhe magazinimi,0.5352135659795441,0.44879794,0.4705299,0.4850179,0.50674975
2027,10,DRAGASH,Transporti dhe magazinimi,0.14629245031068294,0.036459383,0.052006245,0.062370777,0.077917695
2027,11,DRAGASH,Transporti dhe magazinimi,0.12395475919465274,0.11098875,0.1276536,0.13876343,0.15542829
2027,12,DRAGASH,Transporti dhe magazinimi,-0.019540668821581734,0.16142711,0.1788485,0.19046283,0.20788419
2027,1,DRAGASH,Tregtia me shumice dhe pakice; Riparimi i mjeteve motorike dhe motoeikletave,0.2367446481539323,0.10124586,0.11776459,0.12877703,0.14529562
2027,2,DRAGASH,Tregtia me shumice dhe pakice; Riparimi i mjeteve motorike dhe motoeikletave,0.13629382169982376,0.08537215,0.10165274,0.11250651,0.12878704
2027,3,DRAGASH,Tregtia me shumice dhe pakice; Riparimi i mjeteve motorike dhe motoeikletave,0.03524926703632396,0.0014410027,0.016462564,0.02647698,0.04149866
2027,4,DRAGASH,Tregtia me shumice dhe pakice; Riparimi i mjeteve motorike dhe motoeikletave,0.08176989320934634,-0.024869064,-0.010242164,-0.00049084425,0.014136076
2027,5,DRAGASH,Tregtia me shumice dhe pakice; Riparimi i mjeteve motorike dhe motoeikletave,0.04100897878287982,-0.015369425,-0.00059998035,0.009246349,0.024015784
2027,6,DRAGASH,Tregtia me shumice dhe pakice; Riparimi i mjeteve motorike dhe motoeikletave,0.027371058443582,-0.007284883,0.007605791,0.017532945,0.032423735
2027,7,DRAGASH,Tregtia me shumice dhe pakice; Riparimi i mjeteve motorike dhe motoeikletave,0.020112143996126194,-0.076516576,-0.06266433,-0.053429484,-0.039577246
2027,8,DRAGASH,Tregtia me shumice dhe pakice; Riparimi i mjeteve motorike dhe motoeikletave,0.0667597890660677,-0.06320561,-0.049153686,-0.039785743,-0.025733888
2027,9,DRAGASH,Tregtia me shumice dhe pakice; Riparimi i mjeteve motorike dhe motoeikletave,0.10333125236082909,0.13233244,0.14931738,0.16064072,0.17762566
2027,10,DRAGASH,Tregtia me shumice dhe pakice; Riparimi i mjeteve motorike dhe motoeikletave,0.10265749684056903,0.15302561,0.17032099,0.18185127,0.19914663
2027,11,DRAGASH,Tregtia me shumice dhe pakice; Riparimi i mjeteve motorike dhe motoeikletave,0.27920465616062745,0.3744118,0.395028,0.4087721,0.42938828
2027,12,DRAGASH,Tregtia me shumice dhe pakice; Riparimi i mjeteve motorike dhe motoeikletave,0.041645502114711935,0.13661827,0.15366757,0.1650337,0.18208289
2027,1,FERIZAJ,Administrimi publik dhe mbrojtja; Sigurimi social i detyrueshem,0.21928939667782957,0.023171801,0.038519382,0.048750997,0.0640986
2027,2,FERIZAJ,Administrimi publik dhe mbrojtja; Sigurimi social i detyrueshem,0.09555202461842131,0.077592894,0.093756676,0.1045326,0.120696545
2027,3,FERIZAJ,Administrimi publik dhe mbrojtja; Sigurimi social i detyrueshem,0.11129757438855599,0.09551973,0.11195254,0.12290776,0.13934052
2027,4,FERIZAJ,Administrimi publik dhe mbrojtja; Sigurimi social i detyrueshem,0.13328880283729586,0.073271915,0.089370966,0.10010362,0.11620271
2027,5,FERIZAJ,Administrimi publik dhe mbrojtja; Sigurimi social i detyrueshem,0.2078488226761633,0.21949244,0.23778486,0.24997973,0.26827204
2027,6,FERIZAJ,Administrimi publik dhe mbrojtja; Sigurimi social i detyrueshem,0.07495534072197255,0.035756484,0.051292777,0.061650395,0.0771867
2027,7,FERIZAJ,Administrimi publik dhe mbrojtja; Sigurimi social i detyrueshem,0.09005912487593046,0.08659884,0.10289788,0.11376381,0.13006282
2027,8,FERIZAJ,Administrimi publik dhe mbrojtja; Sigurimi social i detyrueshem,0.29260604336123003,0.29159665,0.31097054,0.3238865,0.34326053
2027,9,FERIZAJ,Administrimi publik dhe mbrojtja; Sigurimi social i detyrueshem,0.2400699907812131,0.1233923,0.14024317,0.1514771,0.16832805
2027,10,FERIZAJ,Administrimi publik dhe mbrojtja; Sigurimi social i detyrueshem,-0.00502282197081382,0.014700621,0.029921174,0.04006815,0.055288672
2027,11,FERIZAJ,Administrimi publik dhe mbrojtja; Sigurimi social i detyrueshem,0.2765786378227479,0.17921893,0.19690716,0.20869935,0.22638762
2027,12,FERIZAJ,Administrimi publik dhe mbrojtja; Sigurimi social i detyrueshem,0.15415377107004788,0.10504219,0.121617794,0.13266826,0.14924383
2027,1,FERIZAJ,Akomodimi dhe sherbimi ushqimor,0.12059119724434741,0.2914416,0.3108132,0.3237276,0.34309912
2027,2,FERIZAJ,Akomodimi dhe sherbimi ushqimor,0.2643765067572273,0.41443947,0.43565607,0.44980037,0.471017
2027,3,FERIZAJ,Akomodimi dhe sherbimi ushqimor,0.05279047939158868,0.12087124,0.13768423,0.148893,0.16570604
2027,4,FERIZAJ,Akomodimi dhe sherbimi ushqimor,0.09627971141555951,0.14011186,0.15721357,0.16861475,0.18571639
2027,5,FERIZAJ,Akomodimi dhe sherbimi ushqimor,0.08892556976406316,0.14257222,0.15971076,0.1711365,0.18827498
2027,6,FERIZAJ,Akomodimi dhe sherbimi ushqimor,0.050715440548733656,0.03191363,0.04739237,0.057711482,0.07319009
2027,7,FERIZAJ,Akomodimi dhe sherbimi ushqimor,0.07861915558916142,0.020843234,0.03615594,0.046364307,0.06167698
2027,8,FERIZAJ,Akomodimi dhe sherbimi ushqimor,0.07939269538136093,0.09913897,0.1156261,0.12661743,0.14310443
2027,9,FERIZAJ,Akomodimi dhe sherbimi ushqimor,0.08918963465544581,0.18992776,0.20777667,0.21967602,0.23752487
2027,10,FERIZAJ,Akomodimi dhe sherbimi ushqimor,0.11829569957039378,0.19206105,0.20994198,0.22186255,0.23974347
2027,11,FERIZAJ,Akomodimi dhe sherbimi ushqimor,0.09297304678574116,0.12569867,0.1425842,0.15384114,0.17072654
2027,12,FERIZAJ,Akomodimi dhe sherbimi ushqimor,0.045355320526702374,0.033853404,0.04936123,0.059699774,0.07520747
2027,1,FERIZAJ,Aktivitetet e patundshmerise,0.19177979384213123,0.18080018,0.1985122,0.21032023,0.22803211
2027,2,FERIZAJ,Aktivitetet e patundshmerise,0.39021067278941646,0.48223212,0.5044656,0.5192878,0.5415213
2027,3,FERIZAJ,Aktivitetet e patundshmerise,0.6654335220190045,0.71008414,0.7357354,0.7528362,0.77848744
2027,4,FERIZAJ,Aktivitetet e patundshmerise,1.2063188653061419,1.1614101,1.1938312,1.2154453,1.2478664
2027,5,FERIZAJ,Aktivitetet e patundshmerise,1.0349391510385422,1.4995638,1.5370572,1.5620527,1.5995462
2027,6,FERIZAJ,Aktivitetet e patundshmerise,0.9611819765651692,1.4678187,1.5048361,1.5295141,1.5665314
2027,7,FERIZAJ,Aktivitetet e patundshmerise,0.16480889408918564,0.20660685,0.22470593,0.23677206,0.25487113
2027,8,FERIZAJ,Aktivitetet e patundshmerise,0.22816185833973956,0.3971704,0.418128,0.4320997,0.45305717
2027,9,FERIZAJ,Aktivitetet e patundshmerise,0.2416724600488945,0.30762467,0.32723904,0.34031534,0.35992968
2027,10,FERIZAJ,Aktivitetet e patundshmerise,0.47305544437446606,0.46717823,0.48918593,0.5038576,0.5258653
2027,11,FERIZAJ,Aktivitetet e patundshmerise,0.4784627120513362,0.4065373,0.4276353,0.4417007,0.4627987
2027,12,FERIZAJ,Aktivitetet e patundshmerise,0.5756751075014453,0.6364345,0.66098106,0.6773454,0.7018919
2027,1,FERIZAJ,Aktivitetet e shendetit te njeriut dhe te punes sociale,0.39438597781603607,0.3084537,0.32808042,0.34116495,0.3607918
2027,2,FERIZAJ,Aktivitetet e shendetit te njeriut dhe te punes sociale,0.3739847561961965,0.3258747,0.34576273,0.35902154,0.3789096
2027,3,FERIZAJ,Aktivitetet e shendetit te njeriut dhe te punes sociale,0.14577027235637177,0.17690633,0.19455993,0.20632899,0.22398257
2027,4,FERIZAJ,Aktivitetet e shendetit te njeriut dhe te punes sociale,0.2530044625527727,0.17936441,0.19705486,0.20884848,0.22653902
2027,5,FERIZAJ,Aktivitetet e shendetit te njeriut dhe te punes sociale,0.30989674646853294,0.3088762,0.32850933,0.34159803,0.3612312
2027,6,FERIZAJ,Aktivitetet e shendetit te njeriut dhe te punes sociale,0.10088246251837633,0.17550327,0.19313574,0.20489085,0.22252333
2027,7,FERIZAJ,Aktivitetet e shendetit te njeriut dhe te punes sociale,0.1129457440162703,0.09628048,0.11272466,0.12368739,0.1401316
2027,8,FERIZAJ,Aktivitetet e shendetit te njeriut dhe te punes sociale,0.13966780705137924,0.18888026,0.20671344,0.21860218,0.23643541
2027,9,FERIZAJ,Aktivitetet e shendetit te njeriut dhe te punes sociale,0.17429662136986845,0.26199973,0.28092968,0.29354966,0.31247962
2027,10,FERIZAJ,Aktivitetet e shendetit te njeriut dhe te punes sociale,0.16277220686246388,0.22957286,0.24801648,0.2603122,0.27875578
2027,11,FERIZAJ,Aktivitetet e shendetit te njeriut dhe te punes sociale,0.20172628427596226,0.20202486,0.22005522,0.23207545,0.25010574
2027,12,FERIZAJ,Aktivitetet e shendetit te njeriut dhe te punes sociale,-0.047607963075796886,0.034315884,0.049830556,0.06017375,0.07568836
2027,1,FERIZAJ,Aktivitetet e tjera sherbyese,0.6506508742125637,0.50993407,0.532583,0.5476824,0.57033134
2027,2,FERIZAJ,Aktivitetet e tjera sherbyese,0.8462546700562228,0.5593863,0.582777,0.5983709,0.6217617
2027,3,FERIZAJ,Aktivitetet e tjera sherbyese,0.17244764654266284,0.24656984,0.26526845,0.27773404,0.2964326
2027,4,FERIZAJ,Aktivitetet e tjera sherbyese,0.446697050605697,0.042029478,0.057659984,0.06808019,0.08371067
2027,5,FERIZAJ,Aktivitetet e tjera sherbyese,0.27979054994388414,0.37294003,0.39353418,0.40726352,0.42785764
2027,6,FERIZAJ,Aktivitetet e tjera sherbyese,-0.02464684772028384,-0.03761826,-0.023182571,-0.013558745,0.00087690353
2027,7,FERIZAJ,Aktivitetet e tjera sherbyese,-0.14728946387029584,-0.15108924,-0.13835561,-0.12986648,-0.11713284
2027,8,FERIZAJ,Aktivitetet e tjera sherbyese,0.1997049675028161,0.20695662,0.22506094,0.23713052,0.25523484
2027,9,FERIZAJ,Aktivitetet e tjera sherbyese,0.06748120387874494,-0.016306618,-0.0015512705,0.008285642,0.02304101
2027,10,FERIZAJ,Aktivitetet e tjera sherbyese,0.20457455223812843,0.18470213,0.20247269,0.2143197,0.23209023
2027,11,FERIZAJ,Aktivitetet e tjera sherbyese,0.13082691404918326,0.17398985,0.19159973,0.20333958,0.22094941
2027,12,FERIZAJ,Aktivitetet e tjera sherbyese,-0.20811412654611924,-0.0015682844,0.013408184,0.023392558,0.03836894
2027,1,FERIZAJ,Aktivitetet financiare dhe te sigurimit,0.6179159327104089,0.79909563,0.826082,0.84407294,0.8710594
2027,2,FERIZAJ,Aktivitetet financiare dhe te sigurimit,0.5957519562593111,0.7752494,0.8018782,0.8196306,0.84625936
2027,3,FERIZAJ,Aktivitetet financiare dhe te sigurimit,0.09953812075084843,0.22544725,0.24382901,0.2560835,0.27446508
2027,4,FERIZAJ,Aktivitetet financiare dhe te sigurimit,0.472611618597158,0.30885002,0.32848275,0.3415712,0.36120403
2027,5,FERIZAJ,Aktivitetet financiare dhe te sigurimit,0.598255691393328,0.5841088,0.60787046,0.62371147,0.6474731
2027,6,FERIZAJ,Aktivitetet financiare dhe te sigurimit,0.1060225281062611,0.1204944,0.1373018,0.14850664,0.16531408
2027,7,FERIZAJ,Aktivitetet financiare dhe te sigurimit,0.3004774528496443,0.2335526,0.25205588,0.2643913,0.2828946
2027,8,FERIZAJ,Aktivitetet financiare dhe te sigurimit,0.35341956362122445,0.29843426,0.3179108,0.33089507,0.3503716
2027,9,FERIZAJ,Aktivitetet financiare dhe te sigurimit,0.13665151908118675,0.11505101,0.13177681,0.14292729,0.15965307
2027,10,FERIZAJ,Aktivitetet financiare dhe te sigurimit,0.5257234654724252,0.36314288,0.38358998,0.39722145,0.41766846
2027,11,FERIZAJ,Aktivitetet financiare dhe te sigurimit,0.3405023385617144,0.29450503,0.31392252,0.32686758,0.3462851
2027,12,FERIZAJ,Aktivitetet financiare dhe te sigurimit,0.014797171290026369,0.07345673,0.0895586,0.10029316,0.116395
2027,1,FERIZAJ,"Aktivitetet profesionale, shkencore dhe teknike",0.10844988920463493,0.19712546,0.21508229,0.22705352,0.24501038
2027,2,FERIZAJ,"Aktivitetet profesionale, shkencore dhe teknike",0.22591488964832152,0.36600178,0.3864919,0.40015185,0.4206419
2027,3,FERIZAJ,"Aktivitetet profesionale, shkencore dhe teknike",0.06867610947212462,0.098652646,0.11513233,0.1261189,0.14259863
2027,4,FERIZAJ,"Aktivitetet profesionale, shkencore dhe teknike",0.08958138343752164,0.08963845,0.10598302,0.11687946,0.13322401
2027,5,FERIZAJ,"Aktivitetet profesionale, shkencore dhe teknike",0.096937627604209,0.17027912,0.18783331,0.19953609,0.21709025
2027,6,FERIZAJ,"Aktivitetet profesionale, shkencore dhe teknike",0.058769786251574946,0.057013597,0.072868824,0.08343899,0.099294186
2027,7,FERIZAJ,"Aktivitetet profesionale, shkencore dhe teknike",0.0928332822220711,0.18905747,0.20689332,0.21878386,0.23661971
2027,8,FERIZAJ,"Aktivitetet profesionale, shkencore dhe teknike",0.08755835422530286,0.15522413,0.17255247,0.18410468,0.20143306
2027,9,FERIZAJ,"Aktivitetet profesionale, shkencore dhe teknike",0.08506395999357759,0.06857721,0.08460581,0.095291615,0.11132026
2027,10,FERIZAJ,"Aktivitetet profesionale, shkencore dhe teknike",0.09663855385209381,0.18684143,0.20464408,0.21651244,0.23431516
2027,11,FERIZAJ,"Aktivitetet profesionale, shkencore dhe teknike",0.12114956987544839,0.2992131,0.3187014,0.3316934,0.35118163
2027,12,FERIZAJ,"Aktivitetet profesionale, shkencore dhe teknike",0.04803897166915969,0.017126132,0.032382965,0.04255426,0.05781114
2027,1,FERIZAJ,Arsimi,0.20661636360992708,0.089121446,0.10545826,0.11634946,0.13268626
2027,2,FERIZAJ,Arsimi,0.1785452563481146,0.14448458,0.16165173,0.17309666,0.19026387
2027,3,FERIZAJ,Arsimi,0.1754543382722596,0.13399944,0.15100944,0.16234946,0.17935944
2027,4,FERIZAJ,Arsimi,0.18498449423770444,0.20346905,0.22152102,0.2335558,0.25160778
2027,5,FERIZAJ,Arsimi,0.1808930852258776,0.2080768,0.22619796,0.23827875,0.25639987
2027,6,FERIZAJ,Arsimi,2.0,2.0,2.045,2.0749998,2.12
2027,7,FERIZAJ,Arsimi,1.718155559670588,1.0244429,1.0548096,1.0750539,1.1054206
2027,8,FERIZAJ,Arsimi,0.9403670039450568,0.75579655,0.78213346,0.79969144,0.82602835
2027,9,FERIZAJ,Arsimi,0.05949222004254966,-0.013966843,0.000823617,0.010683894,0.02547443
2027,10,FERIZAJ,Arsimi,-0.37420945591369575,-0.41898462,-0.41026944,-0.4044593,-0.3957441
2027,11,FERIZAJ,Arsimi,-0.03260943450847284,-0.17411692,-0.16172868,-0.15346986,-0.14108163
2027,12,FERIZAJ,Arsimi,0.021057661560766425,0.032894433,0.048387766,0.058716655,0.07421017
2027,1,FERIZAJ,"Artet, Argetimi dhe rekreacioni",0.16748018727589203,0.021467809,0.036789775,0.04700446,0.06232643
2027,2,FERIZAJ,"Artet, Argetimi dhe rekreacioni",1.3119744531420139,0.97315866,1.0027559,1.0224874,1.0520849
2027,3,FERIZAJ,"Artet, Argetimi dhe rekreacioni",0.007922072453074079,0.066299655,0.08229411,0.09295714,0.10895157
2027,4,FERIZAJ,"Artet, Argetimi dhe rekreacioni",1.973711749684817,1.5448139,1.5829861,1.6084342,1.6466064
2027,5,FERIZAJ,"Artet, Argetimi dhe rekreacioni",0.7290214173458865,0.3568209,0.3771732,0.39074147,0.4110937
2027,6,FERIZAJ,"Artet, Argetimi dhe rekreacioni",0.41132387195847503,0.38061708,0.40132642,0.41513252,0.4358418
2027,7,FERIZAJ,"Artet, Argetimi dhe rekreacioni",-0.2648021957575353,-0.20057467,-0.18858325,-0.18058902,-0.16859764
2027,8,FERIZAJ,"Artet, Argetimi dhe rekreacioni",0.20619923718498265,0.2022408,0.22027445,0.23229682,0.25033045
2027,9,FERIZAJ,"Artet, Argetimi dhe rekreacioni",-0.022810442557613622,0.08688453,0.1031878,0.11405659,0.13035989
2027,10,FERIZAJ,"Artet, Argetimi dhe rekreacioni",0.28563896067738354,0.04889063,0.06462395,0.07511282,0.09084618
2027,11,FERIZAJ,"Artet, Argetimi dhe rekreacioni",0.2562058259817855,0.12265978,0.13949966,0.15072632,0.16756618
2027,12,FERIZAJ,"Artet, Argetimi dhe rekreacioni",-0.04065185844259781,0.014087576,0.029298902,0.03943968,0.054651022
2027,1,FERIZAJ,Bujqesia;Pylltaria dhe Peshkimi,0.5073886034844232,0.24277289,0.26141453,0.27384222,0.2924838
2027,2,FERIZAJ,Bujqesia;Pylltaria dhe Peshkimi,-0.23532044539994526,-0.18530412,-0.17308366,-0.16493672,-0.15271628
2027,3,FERIZAJ,Bujqesia;Pylltaria dhe Peshkimi,-0.11566629189073602,-0.16990945,-0.15745813,-0.14915723,-0.13670588
2027,4,FERIZAJ,Bujqesia;Pylltaria dhe Peshkimi,-0.16069981200584324,-0.14614569,-0.13333791,-0.12479937,-0.111991584
2027,5,FERIZAJ,Bujqesia;Pylltaria dhe Peshkimi,-0.466943875088645,-0.3439422,-0.33410132,-0.32754076,-0.31769985
2027,6,FERIZAJ,Bujqesia;Pylltaria dhe Peshkimi,-0.23080710523676548,-0.2501167,-0.23886847,-0.23136961,-0.22012138
2027,7,FERIZAJ,Bujqesia;Pylltaria dhe Peshkimi,-0.4752121200954987,-0.34482303,-0.33499533,-0.3284436,-0.31861597
2027,8,FERIZAJ,Bujqesia;Pylltaria dhe Peshkimi,-0.4444442980282591,-0.3569471,-0.3473013,-0.34087074,-0.33122498
2027,9,FERIZAJ,Bujqesia;Pylltaria dhe Peshkimi,-0.2946376566532954,-0.20209712,-0.19012856,-0.18214959,-0.17018104
2027,10,FERIZAJ,Bujqesia;Pylltaria dhe Peshkimi,-0.2534829784854563,-0.25029445,-0.2390489,-0.23155183,-0.22030628
2027,11,FERIZAJ,Bujqesia;Pylltaria dhe Peshkimi,-0.11193037382742087,-0.07023759,-0.056291163,-0.046993554,-0.03304714
2027,12,FERIZAJ,Bujqesia;Pylltaria dhe Peshkimi,-0.09859509331346032,0.018527685,0.03380549,0.04399085,0.059268713
2027,1,FERIZAJ,"Furnizimi me rryme, gaz, avull dhe ajer te kondicionuar",-0.14299559855937868,-0.3591298,-0.34951675,-0.34310806,-0.33349502
2027,2,FERIZAJ,"Furnizimi me rryme, gaz, avull dhe ajer te kondicionuar",0.173757015277471,0.09168214,0.10805738,0.11897421,0.1353494
2027,3,FERIZAJ,"Furnizimi me rryme, gaz, avull dhe ajer te kondicionuar",-0.17570371234620463,-0.124643914,-0.111513615,-0.10276002,-0.08962971
2027,4,FERIZAJ,"Furnizimi me rryme, gaz, avull dhe ajer te kondicionuar",0.03632515026542463,0.020411594,0.035717726,0.04592192,0.061228037
2027,5,FERIZAJ,"Furnizimi me rryme, gaz, avull dhe ajer te kondicionuar",-0.07007533354218698,0.03379098,0.04929781,0.05963564,0.0751425
2027,6,FERIZAJ,"Furnizimi me rryme, gaz, avull dhe ajer te kondicionuar",0.5587183397597304,0.5575972,0.5809611,0.596537,0.61990094
2027,7,FERIZAJ,"Furnizimi me rryme, gaz, avull dhe ajer te kondicionuar",1.079216937404738,0.8659557,0.893945,0.9126046,0.94059384
2027,8,FERIZAJ,"Furnizimi me rryme, gaz, avull dhe ajer te kondicionuar",0.9591776086003262,1.1033354,1.1348853,1.1559186,1.1874688
2027,9,FERIZAJ,"Furnizimi me rryme, gaz, avull dhe ajer te kondicionuar",0.46097822476383166,0.390517,0.4113747,0.42527986,0.44613767
2027,10,FERIZAJ,"Furnizimi me rryme, gaz, avull dhe ajer te kondicionuar",-0.09376276837392707,-0.0906627,-0.07702267,-0.06792933,-0.05428928
2027,11,FERIZAJ,"Furnizimi me rryme, gaz, avull dhe ajer te kondicionuar",0.19887672325261,0.1810059,0.19872105,0.21053112,0.2282461
2027,12,FERIZAJ,"Furnizimi me rryme, gaz, avull dhe ajer te kondicionuar",0.2096922349308154,0.30137423,0.32089484,0.33390856,0.35342908
2027,1,FERIZAJ,Furnizimi me uje; Kanalizimi; Aktivitetet e menaxhimit dhe te trajtimit te mbeturinave,0.19650420740123992,0.135117,0.15214384,0.16349494,0.18052173
2027,2,FERIZAJ,Furnizimi me uje; Kanalizimi; Aktivitetet e menaxhimit dhe te trajtimit te mbeturinave,0.0073526498215711585,-0.034901805,-0.02042532,-0.010774374,0.0037020445
2027,3,FERIZAJ,Furnizimi me uje; Kanalizimi; Aktivitetet e menaxhimit dhe te trajtimit te mbeturinave,0.01523392005019002,0.06274549,0.078686595,0.0893141,0.105255246
2027,4,FERIZAJ,Furnizimi me uje; Kanalizimi; Aktivitetet e menaxhimit dhe te trajtimit te mbeturinave,-0.07878459870264054,-0.1546423,-0.14196193,-0.13350838,-0.12082803
2027,5,FERIZAJ,Furnizimi me uje; Kanalizimi; Aktivitetet e menaxhimit dhe te trajtimit te mbeturinave,-0.02495843743362325,-0.0896544,-0.0759992,-0.06689578,-0.053240597
2027,6,FERIZAJ,Furnizimi me uje; Kanalizimi; Aktivitetet e menaxhimit dhe te trajtimit te mbeturinave,-0.016182809060196982,-0.05639487,-0.0422408,-0.032804787,-0.01865071
2027,7,FERIZAJ,Furnizimi me uje; Kanalizimi; Aktivitetet e menaxhimit dhe te trajtimit te mbeturinave,-0.04307037599553086,-0.10655611,-0.09315449,-0.08422005,-0.070818424
2027,8,FERIZAJ,Furnizimi me uje; Kanalizimi; Aktivitetet e menaxhimit dhe te trajtimit te mbeturinave,0.0016046989189076274,0.016325591,0.031570435,0.04173374,0.056978583
2027,9,FERIZAJ,Furnizimi me uje; Kanalizimi; Aktivitetet e menaxhimit dhe te trajtimit te mbeturinave,-0.30163295292081743,-0.18052973,-0.16823769,-0.160043,-0.14775091
2027,10,FERIZAJ,Furnizimi me uje; Kanalizimi; Aktivitetet e menaxhimit dhe te trajtimit te mbeturinave,-0.05713867201419418,-0.14875941,-0.1359908,-0.12747842,-0.114709854
2027,11,FERIZAJ,Furnizimi me uje; Kanalizimi; Aktivitetet e menaxhimit dhe te trajtimit te mbeturinave,-0.05869947802789033,-0.08013488,-0.06633693,-0.057138264,-0.043340325
2027,12,FERIZAJ,Furnizimi me uje; Kanalizimi; Aktivitetet e menaxhimit dhe te trajtimit te mbeturinave,-0.03378980658597006,-0.027526382,-0.012939274,-0.003214538,0.011372566
2027,1,FERIZAJ,Industria nxjerrese,0.6100810620700269,0.47340673,0.49550784,0.510242,0.53234303
2027,2,FERIZAJ,Industria nxjerrese,0.6706622478100778,0.45035917,0.47211444,0.48661804,0.5083734
2027,3,FERIZAJ,Industria nxjerrese,0.04536557423728716,0.09215405,0.10853636,0.11945784,0.13584018
2027,4,FERIZAJ,Industria nxjerrese,0.07760536354312861,0.16764109,0.18515563,0.19683206,0.21434665
2027,5,FERIZAJ,Industria nxjerrese,0.5853471210158312,0.45257577,0.4743644,0.48889017,0.51067877
2027,6,FERIZAJ,Industria nxjerrese,0.23967733263239235,0.21882786,0.23711026,0.24929845,0.26758087
2027,7,FERIZAJ,Industria nxjerrese,0.09104933430251813,0.10458648,0.12115526,0.13220108,0.14876986
2027,8,FERIZAJ,Industria nxjerrese,0.028108007447895888,-0.010487292,0.0043553114,0.014250517,0.029093146
2027,9,FERIZAJ,Industria nxjerrese,0.04765638999209155,0.020016214,0.035316467,0.04551661,0.060816765
2027,10,FERIZAJ,Industria nxjerrese,-0.025540220492552983,-0.019094152,-0.0043805838,0.0054284334,0.020142078
2027,11,FERIZAJ,Industria nxjerrese,0.12896979789802435,0.06727365,0.08328271,0.0939554,0.10996449
2027,12,FERIZAJ,Industria nxjerrese,0.04005127807604473,0.07358504,0.08968878,0.10042465,0.11652839
2027,1,FERIZAJ,Industria perpunuese,0.07098846413584058,0.14158607,0.15870988,0.17012572,0.18724942
2027,2,FERIZAJ,Industria perpunuese,0.06789328706416138,0.119668916,0.136464,0.14766061,0.16445565
2027,3,FERIZAJ,Industria perpunuese,0.06789328706416138,0.11604365,0.13278437,0.14394474,0.16068542
2027,4,FERIZAJ,Industria perpunuese,0.06789328706416138,0.10958028,0.12622392,0.1373198,0.15396345
2027,5,FERIZAJ,Industria perpunuese,0.06789328706416138,0.11746892,0.13423097,0.14540565,0.16216767
2027,6,FERIZAJ,Industria perpunuese,0.06789328706416138,0.11746892,0.13423097,0.14540565,0.16216767
2027,7,FERIZAJ,Industria perpunuese,0.06789328706416138,0.11425171,0.13096547,0.14210796,0.1588217
2027,8,FERIZAJ,Industria perpunuese,0.06789328706416138,0.11425171,0.13096547,0.14210796,0.1588217
2027,9,FERIZAJ,Industria perpunuese,0.06789328706416138,0.11176972,0.12844622,0.13956392,0.15624046
2027,10,FERIZAJ,Industria perpunuese,0.06789328706416138,0.11274124,0.12943232,0.14055979,0.15725088
2027,11,FERIZAJ,Industria perpunuese,0.06789328706416138,0.11878615,0.1355679,0.1467557,0.1635375
2027,12,FERIZAJ,Industria perpunuese,0.06789328706416138,0.17136069,0.18893111,0.20064473,0.21821511
2027,1,FERIZAJ,Informimi dhe komunikimi,0.7024165966209072,0.51213086,0.5348128,0.54993415,0.572616
2027,2,FERIZAJ,Informimi dhe komunikimi,0.7008531647979676,0.48318905,0.5054369,0.5202688,0.5425166
2027,3,FERIZAJ,Informimi dhe komunikimi,0.2339662844349845,0.2812116,0.30042982,0.31324184,0.33246005
2027,4,FERIZAJ,Informimi dhe komunikimi,0.3994011491077796,0.33937705,0.35946763,0.3728614,0.39295208
2027,5,FERIZAJ,Informimi dhe komunikimi,0.1529105070708024,0.24680787,0.26550996,0.27797794,0.2966801
2027,6,FERIZAJ,Informimi dhe komunikimi,0.11935095450419522,0.1726687,0.19025874,0.20198536,0.2195754
2027,7,FERIZAJ,Informimi dhe komunikimi,0.19598354355471076,0.30003524,0.31953573,0.3325361,0.3520366
2027,8,FERIZAJ,Informimi dhe komunikimi,0.18768622586637432,0.27313027,0.29222727,0.30495858,0.32405543
2027,9,FERIZAJ,Informimi dhe komunikimi,0.10570655337739353,0.1490214,0.16625667,0.17774689,0.19498217
2027,10,FERIZAJ,Informimi dhe komunikimi,0.0643320929997247,0.13248637,0.14947367,0.16079843,0.17778575
2027,11,FERIZAJ,Informimi dhe komunikimi,-0.13133405878757584,-0.04416527,-0.029827774,-0.020269394,-0.005931914
2027,12,FERIZAJ,Informimi dhe komunikimi,-0.034575069461918,0.0046602557,0.019730091,0.029776692,0.044846654
2027,12,FERIZAJ,Mungon aktiviteti,-0.40328764149315083,-0.2854001,-0.2746811,-0.2675351,-0.25681615
2027,1,FERIZAJ,Ndertimtaria,0.07098846413584058,0.1200458,0.13684642,0.14804685,0.16484761
2027,2,FERIZAJ,Ndertimtaria,0.06789328706416138,0.14226098,0.15939498,0.1708175,0.18795145
2027,3,FERIZAJ,Ndertimtaria,0.06789328706416138,0.1586386,0.17601812,0.18760455,0.20498407
2027,4,FERIZAJ,Ndertimtaria,0.06789328706416138,0.15002479,0.16727507,0.17877531,0.19602573
2027,5,FERIZAJ,Ndertimtaria,0.06789328706416138,0.15791333,0.175282,0.18686116,0.20422983
2027,6,FERIZAJ,Ndertimtaria,0.06789328706416138,0.16006377,0.17746472,0.18906534,0.2064662
2027,7,FERIZAJ,Ndertimtaria,0.06789328706416138,0.14936075,0.16660118,0.17809474,0.19533515
2027,8,FERIZAJ,Ndertimtaria,0.06789328706416138,0.14936075,0.16660118,0.17809474,0.19533515
2027,9,FERIZAJ,Ndertimtaria,0.06789328706416138,0.14687876,0.16408193,0.1755507,0.19275379
2027,10,FERIZAJ,Ndertimtaria,0.06789328706416138,0.12902765,0.14596295,0.15725327,0.17418861
2027,11,FERIZAJ,Ndertimtaria,0.06789328706416138,0.13767043,0.15473545,0.16611218,0.18317711
2027,12,FERIZAJ,Ndertimtaria,0.06789328706416138,0.189117,0.20695364,0.21884489,0.23668158
2027,1,FERIZAJ,Person Fizik,-0.11641609207633664,-0.6613433,-0.6562635,-0.65287685,-0.647797
2027,2,FERIZAJ,Person Fizik,-0.6719742173497113,-1.0,-1.0,-1.0,-1.0
2027,3,FERIZAJ,Person Fizik,0.09545199022706127,-0.46277088,-0.45471245,-0.44934016,-0.44128174
2027,4,FERIZAJ,Person Fizik,-0.13811597132865408,-0.66562897,-0.6606134,-0.6572697,-0.6522541
2027,5,FERIZAJ,Person Fizik,0.6957290619366501,-0.38750893,-0.3783216,-0.37219667,-0.36300933
2027,6,FERIZAJ,Person Fizik,-0.3657667555376132,-0.45556372,-0.44739717,-0.44195282,-0.43378627
2027,7,FERIZAJ,Person Fizik,0.9855236747134787,-0.06659819,-0.052597165,-0.043263137,-0.029262125
2027,8,FERIZAJ,Person Fizik,0.5718088023402078,-0.27151757,-0.26059037,-0.25330555,-0.2423783
2027,9,FERIZAJ,Person Fizik,-0.10797508663206677,-0.34799838,-0.3382184,-0.33169836,-0.32191837
2027,10,FERIZAJ,Person Fizik,0.03539578756283024,-0.7556626,-0.7519976,-0.74955416,-0.7458891
2027,11,FERIZAJ,Person Fizik,0.24595480537370804,-0.6626305,-0.65757,-0.65419626,-0.6491357
2027,12,FERIZAJ,Person Fizik,-0.009079371991005569,-0.27580118,-0.26493824,-0.2576962,-0.24683326
2027,1,FERIZAJ,Sherbimet administrative dhe mbeshtetese,0.11026313366228471,0.23368324,0.25218844,0.2645253,0.2830305
2027,2,FERIZAJ,Sherbimet administrative dhe mbeshtetese,0.08171673629728014,0.070400104,0.08645606,0.0971601,0.11321604
2027,3,FERIZAJ,Sherbimet administrative dhe mbeshtetese,0.042317965139464536,0.07504542,0.091171145,0.10192156,0.11804724
2027,4,FERIZAJ,Sherbimet administrative dhe mbeshtetese,0.06553367033858586,0.04314779,0.058794975,0.0692265,0.08487368
2027,5,FERIZAJ,Sherbimet administrative dhe mbeshtetese,0.07858728824695675,0.060351472,0.07625675,0.0868603,0.10276556
2027,6,FERIZAJ,Sherbimet administrative dhe mbeshtetese,0.07777837765303944,0.07557087,0.09170437,0.10246003,0.11859357
2027,7,FERIZAJ,Sherbimet administrative dhe mbeshtetese,0.08651654441527297,0.09692667,0.11338055,0.12434983,0.1408037
2027,8,FERIZAJ,Sherbimet administrative dhe mbeshtetese,0.08651654441527297,0.09692667,0.11338055,0.12434983,0.1408037
2027,9,FERIZAJ,Sherbimet administrative dhe mbeshtetese,0.08780100649266544,0.117068075,0.13382411,0.14499474,0.16175067
2027,10,FERIZAJ,Sherbimet administrative dhe mbeshtetese,0.0986209730821514,0.11285006,0.12954283,0.14067125,0.15736401
2027,11,FERIZAJ,Sherbimet administrative dhe mbeshtetese,0.09000448294032203,0.02909239,0.044528842,0.054819703,0.070256114
2027,12,FERIZAJ,Sherbimet administrative dhe mbeshtetese,0.05701599630884014,0.12141465,0.1382358,0.14944994,0.16627121
2027,1,FERIZAJ,Transporti dhe magazinimi,0.3548325767392628,0.5383288,0.56140375,0.5767871,0.599862
2027,2,FERIZAJ,Transporti dhe magazinimi,0.10496962724235645,0.23412584,0.25263774,0.264979,0.2834909
2027,3,FERIZAJ,Transporti dhe magazinimi,0.08589431555338065,0.15964141,0.17703605,0.18863237,0.20602703
2027,4,FERIZAJ,Transporti dhe magazinimi,0.08651404317258903,0.09251677,0.10890448,0.119829655,0.13621736
2027,5,FERIZAJ,Transporti dhe magazinimi,0.09097591214098892,0.12022259,0.13702583,0.14822805,0.16503143
2027,6,FERIZAJ,Transporti dhe magazinimi,0.08587898645431218,0.11245363,0.12914038,0.14026487,0.15695167
2027,7,FERIZAJ,Transporti dhe magazinimi,0.09399023586592543,0.1494429,0.16668451,0.1781789,0.19542062
2027,8,FERIZAJ,Transporti dhe magazinimi,0.08780100649266544,0.108105384,0.12472701,0.13580799,0.15242958
2027,9,FERIZAJ,Transporti dhe magazinimi,0.08509833673579988,0.0916162,0.107990384,0.1189065,0.13528073
2027,10,FERIZAJ,Transporti dhe magazinimi,0.08587898645431218,0.08352902,0.09978187,0.11061716,0.12687016
2027,11,FERIZAJ,Transporti dhe magazinimi,0.08706348197912468,0.11071205,0.12737274,0.13847983,0.15514052
2027,12,FERIZAJ,Transporti dhe magazinimi,0.08038687462872147,0.16382195,0.1812793,0.19291747,0.21037471
2027,1,FERIZAJ,Tregtia me shumice dhe pakice; Riparimi i mjeteve motorike dhe motoeikletave,0.07098846413584058,0.10337225,0.11992276,0.13095653,0.14750707
2027,2,FERIZAJ,Tregtia me shumice dhe pakice; Riparimi i mjeteve motorike dhe motoeikletave,0.06789328706416138,0.08220749,0.09844053,0.109262586,0.12549567
2027,3,FERIZAJ,Tregtia me shumice dhe pakice; Riparimi i mjeteve motorike dhe motoeikletave,0.06789328706416138,0.082691446,0.09893179,0.109758735,0.1259991
2027,4,FERIZAJ,Tregtia me shumice dhe pakice; Riparimi i mjeteve motorike dhe motoeikletave,0.06789328706416138,0.076228075,0.092371464,0.10313368,0.11927712
2027,5,FERIZAJ,Tregtia me shumice dhe pakice; Riparimi i mjeteve motorike dhe motoeikletave,0.06789328706416138,0.0841166,0.100378275,0.111219525,0.12748122
2027,6,FERIZAJ,Tregtia me shumice dhe pakice; Riparimi i mjeteve motorike dhe motoeikletave,0.06789328706416138,0.0841166,0.100378275,0.111219525,0.12748122
2027,7,FERIZAJ,Tregtia me shumice dhe pakice; Riparimi i mjeteve motorike dhe motoeikletave,0.06789328706416138,0.080899455,0.09711301,0.10792196,0.124135375
2027,8,FERIZAJ,Tregtia me shumice dhe pakice; Riparimi i mjeteve motorike dhe motoeikletave,0.06789328706416138,0.080899455,0.09711301,0.10792196,0.124135375
2027,9,FERIZAJ,Tregtia me shumice dhe pakice; Riparimi i mjeteve motorike dhe motoeikletave,0.06789328706416138,0.078417465,0.094593644,0.10537779,0.12155402
2027,10,FERIZAJ,Tregtia me shumice dhe pakice; Riparimi i mjeteve motorike dhe motoeikletave,0.06789328706416138,0.08061539,0.096824646,0.10763073,0.123839974
2027,11,FERIZAJ,Tregtia me shumice dhe pakice; Riparimi i mjeteve motorike dhe motoeikletave,0.06789328706416138,0.08666026,0.10296011,0.11382675,0.1301266
2027,12,FERIZAJ,Tregtia me shumice dhe pakice; Riparimi i mjeteve motorike dhe motoeikletave,0.06789328706416138,0.13844708,0.15552378,0.16690814,0.18398488
2027,1,FUSHË KOSOVË,Administrimi publik dhe mbrojtja; Sigurimi social i detyrueshem,0.46616630702817313,0.30498606,0.32456076,0.3376106,0.35718536
2027,2,FUSHË KOSOVË,Administrimi publik dhe mbrojtja; Sigurimi social i detyrueshem,0.5774959015471388,0.3271531,0.34706032,0.3603319,0.38023913
2027,3,FUSHË KOSOVË,Administrimi publik dhe mbrojtja; Sigurimi social i detyrueshem,0.08862559743347372,0.1215845,0.1384083,0.14962411,0.16644788
2027,4,FUSHË KOSOVË,Administrimi publik dhe mbrojtja; Sigurimi social i detyrueshem,0.2337095018749579,0.35344058,0.3737421,0.38727653,0.4075781
2027,5,FUSHË KOSOVË,Administrimi publik dhe mbrojtja; Sigurimi social i detyrueshem,-0.167113894974468,-0.0933805,-0.079781234,-0.07071507,-0.057115793
2027,6,FUSHË KOSOVË,Administrimi publik dhe mbrojtja; Sigurimi social i detyrueshem,0.6644068628043441,0.67623156,0.7013751,0.7181374,0.74328077
2027,7,FUSHË KOSOVË,Administrimi publik dhe mbrojtja; Sigurimi social i detyrueshem,0.12915219951338652,0.14577678,0.16296339,0.17442119,0.19160783
2027,8,FUSHË KOSOVË,Administrimi publik dhe mbrojtja; Sigurimi social i detyrueshem,0.8657708846829488,0.72047204,0.7462791,0.7634839,0.7892909
2027,9,FUSHË KOSOVË,Administrimi publik dhe mbrojtja; Sigurimi social i detyrueshem,0.5101515920966503,0.44330052,0.46494997,0.479383,0.5010325
2027,10,FUSHË KOSOVË,Administrimi publik dhe mbrojtja; Sigurimi social i detyrueshem,0.24275170617740738,0.23757868,0.25614226,0.2685181,0.28708172
2027,11,FUSHË KOSOVË,Administrimi publik dhe mbrojtja; Sigurimi social i detyrueshem,0.3300281609855604,0.28847426,0.30780137,0.3206861,0.34001327
2027,12,FUSHË KOSOVË,Administrimi publik dhe mbrojtja; Sigurimi social i detyrueshem,0.15944174450832,0.3581825,0.37855518,0.39213693,0.41250968
2027,1,FUSHË KOSOVË,Akomodimi dhe sherbimi ushqimor,0.30625926593931607,0.27666762,0.2958176,0.3085842,0.32773423
2027,2,FUSHË KOSOVË,Akomodimi dhe sherbimi ushqimor,0.24462959138166696,0.26553187,0.2845149,0.29717016,0.31615317
2027,3,FUSHË KOSOVË,Akomodimi dhe sherbimi ushqimor,0.06656737549471281,0.07698576,0.09314048,0.10391033,0.12006509
2027,4,FUSHË KOSOVË,Akomodimi dhe sherbimi ushqimor,0.17489950181760297,0.2109772,0.22914183,0.24125159,0.25941622
2027,5,FUSHË KOSOVË,Akomodimi dhe sherbimi ushqimor,0.16527105612200205,0.2346143,0.25313342,0.26547956,0.28399873
2027,6,FUSHË KOSOVË,Akomodimi dhe sherbimi ushqimor,0.0804601105199325,0.058248132,0.07412183,0.0847044,0.10057807
2027,7,FUSHË KOSOVË,Akomodimi dhe sherbimi ushqimor,0.1702704890836425,0.22824012,0.24666369,0.25894606,0.27736974
2027,8,FUSHË KOSOVË,Akomodimi dhe sherbimi ushqimor,0.09321082283328386,0.079226114,0.09541452,0.106206775,0.12239516
2027,9,FUSHË KOSOVË,Akomodimi dhe sherbimi ushqimor,0.15688438460197623,0.19537069,0.21330118,0.2252549,0.2431854
2027,10,FUSHË KOSOVË,Akomodimi dhe sherbimi ushqimor,0.5583432058470678,0.27065495,0.2897147,0.3024212,0.3214811
2027,11,FUSHË KOSOVË,Akomodimi dhe sherbimi ushqimor,0.20120926326638167,0.19427617,0.21219039,0.22413313,0.24204719
2027,12,FUSHË KOSOVË,Akomodimi dhe sherbimi ushqimor,-0.017740400526876702,0.032525197,0.04801309,0.058338284,0.073826194
2027,1,FUSHË KOSOVË,Aktivitetet e patundshmerise,0.40976999062807823,0.37832916,0.3990041,0.41278732,0.43346226
2027,2,FUSHË KOSOVË,Aktivitetet e patundshmerise,-0.3191610703544169,-0.38632742,-0.37712228,-0.37098557,-0.36178052
2027,3,FUSHË KOSOVË,Aktivitetet e patundshmerise,0.7782190855545188,0.44806603,0.469787,0.4842676,0.5059886
2027,4,FUSHË KOSOVË,Aktivitetet e patundshmerise,0.38151149775738674,0.35757533,0.37793887,0.39151466,0.41187823
2027,5,FUSHË KOSOVË,Aktivitetet e patundshmerise,1.220183271584888,1.2148246,1.2480471,1.2701952,1.3034177
2027,6,FUSHË KOSOVË,Aktivitetet e patundshmerise,0.6888515283127528,0.6482555,0.67297935,0.68946195,0.7141857
2027,7,FUSHË KOSOVË,Aktivitetet e patundshmerise,0.1933798346546247,0.27188656,0.29096484,0.30368376,0.322762
2027,8,FUSHË KOSOVË,Aktivitetet e patundshmerise,1.4343762515549443,1.2912819,1.3256512,1.3485639,1.3829331
2027,9,FUSHË KOSOVË,Aktivitetet e patundshmerise,-0.2980680395835135,-0.34027204,-0.33037615,-0.32377887,-0.313883
2027,10,FUSHË KOSOVË,Aktivitetet e patundshmerise,1.1660801491276678,1.5505126,1.5887702,1.6142752,1.652533
2027,11,FUSHË KOSOVË,Aktivitetet e patundshmerise,1.0858867259670926,0.5578875,0.5812558,0.59683466,0.620203
2027,12,FUSHË KOSOVË,Aktivitetet e patundshmerise,-0.15916596510230085,-0.076500356,-0.06264788,-0.053412914,-0.039560378
2027,1,FUSHË KOSOVË,Aktivitetet e shendetit te njeriut dhe te punes sociale,0.39385722092427167,0.48318335,0.50543106,0.52026296,0.5425106
2027,2,FUSHË KOSOVË,Aktivitetet e shendetit te njeriut dhe te punes sociale,0.23817429348483188,0.25663146,0.275481,0.2880472,0.3068967
2027,3,FUSHË KOSOVË,Aktivitetet e shendetit te njeriut dhe te punes sociale,0.787259926489489,0.5749626,0.59858704,0.6143366,0.63796103
2027,4,FUSHË KOSOVË,Aktivitetet e shendetit te njeriut dhe te punes sociale,0.250558759610002,0.20043881,0.21844542,0.2304498,0.24845636
2027,5,FUSHË KOSOVË,Aktivitetet e shendetit te njeriut dhe te punes sociale,1.0249765500187622,0.84100795,0.868623,0.8870331,0.9146482
2027,6,FUSHË KOSOVË,Aktivitetet e shendetit te njeriut dhe te punes sociale,0.3476641705196821,0.6401093,0.6647109,0.68111205,0.7057136
2027,7,FUSHË KOSOVË,Aktivitetet e shendetit te njeriut dhe te punes sociale,0.06770937269392117,0.09459809,0.11101699,0.121963024,0.13838196
2027,8,FUSHË KOSOVË,Aktivitetet e shendetit te njeriut dhe te punes sociale,0.338126493131571,0.6121932,0.63637614,0.652498,0.6766809
2027,9,FUSHË KOSOVË,Aktivitetet e shendetit te njeriut dhe te punes sociale,0.23636911939480257,0.52944577,0.5523875,0.5676819,0.5906235
2027,10,FUSHË KOSOVË,Aktivitetet e shendetit te njeriut dhe te punes sociale,-0.040920968329136935,-0.14949279,-0.1367352,-0.12823015,-0.115472555
2027,11,FUSHË KOSOVË,Aktivitetet e shendetit te njeriut dhe te punes sociale,0.0037087545498937138,-0.0264417,-0.011838317,-0.0021027327,0.012500644
2027,12,FUSHË KOSOVË,Aktivitetet e shendetit te njeriut dhe te punes sociale,-0.023448489726916478,0.023337519,0.038687587,0.04892087,0.06427097
2027,1,FUSHË KOSOVË,Aktivitetet e tjera sherbyese,1.1894563275140146,1.0038673,1.033925,1.0539637,1.0840218
2027,2,FUSHË KOSOVË,Aktivitetet e tjera sherbyese,1.1273774756166461,1.1744174,1.2070336,1.2287779,1.261394
2027,3,FUSHË KOSOVË,Aktivitetet e tjera sherbyese,0.16438512975032424,0.20683426,0.22493684,0.23700511,0.25510764
2027,4,FUSHË KOSOVË,Aktivitetet e tjera sherbyese,0.64360711839424,0.83448017,0.86199737,0.8803421,0.9078593
2027,5,FUSHË KOSOVË,Aktivitetet e tjera sherbyese,2.0,1.7737646,1.815371,1.8431087,1.8847151
2027,6,FUSHË KOSOVË,Aktivitetet e tjera sherbyese,0.12668231794814938,0.15275146,0.17004275,0.18157017,0.19886148
2027,7,FUSHË KOSOVË,Aktivitetet e tjera sherbyese,0.42413562536099403,0.6780578,0.7032286,0.7200092,0.74518
2027,8,FUSHË KOSOVË,Aktivitetet e tjera sherbyese,0.7174352700366075,0.681638,0.70686257,0.72367895,0.7489035
2027,9,FUSHË KOSOVË,Aktivitetet e tjera sherbyese,-0.015560893177949477,-0.0603303,-0.046235263,-0.03683853,-0.022743523
2027,10,FUSHË KOSOVË,Aktivitetet e tjera sherbyese,0.7694953623384299,0.95295215,0.9822464,1.001776,1.0310702
2027,11,FUSHË KOSOVË,Aktivitetet e tjera sherbyese,0.18674610230572763,0.07788878,0.09405708,0.10483587,0.121004224
2027,12,FUSHË KOSOVË,Aktivitetet e tjera sherbyese,0.03152634567539016,0.049019407,0.064754725,0.0752449,0.09098017
2027,1,FUSHË KOSOVË,Aktivitetet financiare dhe te sigurimit,2.0,2.0,2.045,2.0749998,2.12
2027,2,FUSHË KOSOVË,Aktivitetet financiare dhe te sigurimit,2.0,2.0,2.045,2.0749998,2.12
2027,3,FUSHË KOSOVË,Aktivitetet financiare dhe te sigurimit,2.0,2.0,2.045,2.0749998,2.12
2027,4,FUSHË KOSOVË,Aktivitetet financiare dhe te sigurimit,2.0,2.0,2.045,2.0749998,2.12
2027,5,FUSHË KOSOVË,Aktivitetet financiare dhe te sigurimit,2.0,2.0,2.045,2.0749998,2.12
2027,6,FUSHË KOSOVË,Aktivitetet financiare dhe te sigurimit,2.0,1.8498996,1.8926482,1.9211471,1.9638956
2027,7,FUSHË KOSOVË,Aktivitetet financiare dhe te sigurimit,1.982050547066651,2.0,2.045,2.0749998,2.12
2027,8,FUSHË KOSOVË,Aktivitetet financiare dhe te sigurimit,2.0,2.0,2.045,2.0749998,2.12
2027,9,FUSHË KOSOVË,Aktivitetet financiare dhe te sigurimit,2.0,2.0,2.045,2.0749998,2.12
2027,10,FUSHË KOSOVË,Aktivitetet financiare dhe te sigurimit,2.0,2.0,2.045,2.0749998,2.12
2027,11,FUSHË KOSOVË,Aktivitetet financiare dhe te sigurimit,1.7096561966093105,1.6297482,1.6691945,1.695492,1.7349381
2027,12,FUSHË KOSOVË,Aktivitetet financiare dhe te sigurimit,-0.06372434888718738,0.12475703,0.14162838,0.1528759,0.16974723
2027,1,FUSHË KOSOVË,"Aktivitetet profesionale, shkencore dhe teknike",0.29378722725281053,0.21822804,0.23650146,0.24868381,0.26695716
2027,2,FUSHË KOSOVË,"Aktivitetet profesionale, shkencore dhe teknike",0.2793788165754069,0.35117,0.37143755,0.38494933,0.4052168
2027,3,FUSHË KOSOVË,"Aktivitetet profesionale, shkencore dhe teknike",0.14398912342628775,0.15431277,0.1716274,0.18317056,0.20048523
2027,4,FUSHË KOSOVË,"Aktivitetet profesionale, shkencore dhe teknike",0.19522283602013923,0.24121016,0.25982833,0.2722404,0.29085863
2027,5,FUSHË KOSOVË,"Aktivitetet profesionale, shkencore dhe teknike",0.2017667868211273,0.20816933,0.2262919,0.23837352,0.25649607
2027,6,FUSHË KOSOVË,"Aktivitetet profesionale, shkencore dhe teknike",0.015399527365366043,0.059989113,0.07588887,0.08648884,0.10238862
2027,7,FUSHË KOSOVË,"Aktivitetet profesionale, shkencore dhe teknike",0.19432838961121449,0.14440954,0.16157568,0.17301977,0.1901859
2027,8,FUSHË KOSOVË,"Aktivitetet profesionale, shkencore dhe teknike",0.1661118979902806,0.14452626,0.16169417,0.17313933,0.19030726
2027,9,FUSHË KOSOVË,"Aktivitetet profesionale, shkencore dhe teknike",0.02381713529468429,0.028460788,0.043887615,0.054172277,0.06959915
2027,10,FUSHË KOSOVË,"Aktivitetet profesionale, shkencore dhe teknike",0.058800502819290446,0.058333892,0.074208856,0.08479214,0.10066724
2027,11,FUSHË KOSOVË,"Aktivitetet profesionale, shkencore dhe teknike",0.1587273706470895,0.10235337,0.11888862,0.12991214,0.14644742
2027,12,FUSHË KOSOVË,"Aktivitetet profesionale, shkencore dhe teknike",-0.02537023768075922,0.035103854,0.05063033,0.060981393,0.076507926
2027,1,FUSHË KOSOVË,Arsimi,0.6281200628002608,0.21716622,0.23542368,0.24759531,0.2658528
2027,2,FUSHË KOSOVË,Arsimi,0.9052331392696531,0.5044107,0.5269768,0.5420209,0.5645871
2027,3,FUSHË KOSOVË,Arsimi,0.5267541590655584,0.27684605,0.2959987,0.3087672,0.32791984
2027,4,FUSHË KOSOVË,Arsimi,0.8019933397927062,0.73284584,0.7588384,0.7761669,0.80215955
2027,5,FUSHË KOSOVË,Arsimi,0.8694802691650777,0.83579296,0.8633299,0.88168776,0.9092246
2027,6,FUSHË KOSOVË,Arsimi,0.9794630583172047,0.5724799,0.5960672,0.61179197,0.6353791
2027,7,FUSHË KOSOVË,Arsimi,1.5488648885893095,1.0036097,1.0336637,1.0536997,1.0837541
2027,8,FUSHË KOSOVË,Arsimi,0.32300601422451586,0.4843815,0.5066471,0.52149093,0.5437566
2027,9,FUSHË KOSOVË,Arsimi,0.37254913471319595,0.27164224,0.29071677,0.30343318,0.32250786
2027,10,FUSHË KOSOVË,Arsimi,0.2795710069368825,0.28367618,0.3029313,0.315768,0.33502316
2027,11,FUSHË KOSOVË,Arsimi,0.28347618773616656,0.22568437,0.2440697,0.25632644,0.27471173
2027,12,FUSHË KOSOVË,Arsimi,-0.09718020141706685,-0.014613997,0.0001667738,0.010020614,0.024801373
2027,1,FUSHË KOSOVË,"Artet, Argetimi dhe rekreacioni",0.4727605148919944,0.14977154,0.16701818,0.17851579,0.1957624
2027,2,FUSHË KOSOVË,"Artet, Argetimi dhe rekreacioni",1.3155594671318473,1.3582395,1.3936131,1.4171956,1.4525692
2027,3,FUSHË KOSOVË,"Artet, Argetimi dhe rekreacioni",0.13240803144851268,0.24180561,0.2604326,0.27285063,0.29147768
2027,4,FUSHË KOSOVË,"Artet, Argetimi dhe rekreacioni",0.220352778803149,0.26417133,0.28313386,0.29577565,0.31473815
2027,5,FUSHË KOSOVË,"Artet, Argetimi dhe rekreacioni",0.5377848620832382,0.7363349,0.7623799,0.7797432,0.8057883
2027,6,FUSHË KOSOVË,"Artet, Argetimi dhe rekreacioni",0.3561843287756824,0.41762045,0.43888474,0.45306087,0.47432518
2027,7,FUSHË KOSOVË,"Artet, Argetimi dhe rekreacioni",0.15991219959316644,0.63839,0.6629659,0.6793498,0.7039256
2027,8,FUSHË KOSOVË,"Artet, Argetimi dhe rekreacioni",-0.09433890652946177,0.04751504,0.06322777,0.07370293,0.08941555
2027,9,FUSHË KOSOVË,"Artet, Argetimi dhe rekreacioni",0.06065600776145164,0.12457751,0.14144611,0.15269196,0.16956055
2027,10,FUSHË KOSOVË,"Artet, Argetimi dhe rekreacioni",-0.10424434654345106,-0.28414452,-0.27340668,-0.26624817,-0.25551033
2027,11,FUSHË KOSOVË,"Artet, Argetimi dhe rekreacioni",-0.3841107821810114,-0.31345534,-0.3031572,-0.29629177,-0.28599358
2027,12,FUSHË KOSOVË,"Artet, Argetimi dhe rekreacioni",-0.04498651749776992,0.029010044,0.044445157,0.054735303,0.0701704
2027,1,FUSHË KOSOVË,Bujqesia;Pylltaria dhe Peshkimi,0.8332706426911101,0.61591667,0.64015543,0.6563146,0.6805533
2027,2,FUSHË KOSOVË,Bujqesia;Pylltaria dhe Peshkimi,0.8853999667337752,0.42460743,0.4459765,0.4602226,0.48159158
2027,3,FUSHË KOSOVË,Bujqesia;Pylltaria dhe Peshkimi,0.5275310451950045,0.35939032,0.37978113,0.39337504,0.4137658
2027,4,FUSHË KOSOVË,Bujqesia;Pylltaria dhe Peshkimi,0.3993111063305745,0.4483926,0.47011852,0.48460245,0.5063282
2027,5,FUSHË KOSOVË,Bujqesia;Pylltaria dhe Peshkimi,0.269299067605889,0.33438933,0.35440516,0.36774898,0.3877648
2027,6,FUSHË KOSOVË,Bujqesia;Pylltaria dhe Peshkimi,0.7687274528002849,0.46887305,0.49090612,0.50559485,0.52762794
2027,7,FUSHË KOSOVË,Bujqesia;Pylltaria dhe Peshkimi,0.2567827917909211,0.19675156,0.21470284,0.22667038,0.24462163
2027,8,FUSHË KOSOVË,Bujqesia;Pylltaria dhe Peshkimi,-0.09978312322902133,-0.023848511,-0.009206295,0.00055527687,0.0151975155
2027,9,FUSHË KOSOVË,Bujqesia;Pylltaria dhe Peshkimi,0.8272121025323128,0.6967006,0.72215104,0.7391181,0.76456857
2027,10,FUSHË KOSOVË,Bujqesia;Pylltaria dhe Peshkimi,0.1287358276834326,0.08774157,0.10405767,0.11493516,0.13125122
2027,11,FUSHË KOSOVË,Bujqesia;Pylltaria dhe Peshkimi,0.46411992056263635,0.35761684,0.3779812,0.39155734,0.4119215
2027,12,FUSHË KOSOVË,Bujqesia;Pylltaria dhe Peshkimi,0.29599355645897263,0.19271286,0.2106036,0.22253072,0.24042141
2027,1,FUSHË KOSOVË,"Furnizimi me rryme, gaz, avull dhe ajer te kondicionuar",0.37791168446451817,0.13506953,0.15209556,0.16344619,0.18047225
2027,2,FUSHË KOSOVË,"Furnizimi me rryme, gaz, avull dhe ajer te kondicionuar",-0.2729933502842952,-0.2798327,-0.2690302,-0.26182854,-0.25102603
2027,3,FUSHË KOSOVË,"Furnizimi me rryme, gaz, avull dhe ajer te kondicionuar",-0.41559683368938544,-0.2853763,-0.27465695,-0.2675107,-0.2567914
2027,4,FUSHË KOSOVË,"Furnizimi me rryme, gaz, avull dhe ajer te kondicionuar",0.005828803403803554,-0.07291377,-0.059007466,-0.04973662,-0.03583038
2027,5,FUSHË KOSOVË,"Furnizimi me rryme, gaz, avull dhe ajer te kondicionuar",-0.6470843917328832,-0.52441686,-0.5172831,-0.5125273,-0.50539356
2027,6,FUSHË KOSOVË,"Furnizimi me rryme, gaz, avull dhe ajer te kondicionuar",-0.4653315839444297,-0.42044276,-0.41174942,-0.40595382,-0.3972605
2027,7,FUSHË KOSOVË,"Furnizimi me rryme, gaz, avull dhe ajer te kondicionuar",-0.47607367051391347,-0.37331203,-0.3639117,-0.3576448,-0.3482445
2027,8,FUSHË KOSOVË,"Furnizimi me rryme, gaz, avull dhe ajer te kondicionuar",1.390067816171766,1.4306389,1.4670982,1.4914048,1.5278642
2027,9,FUSHË KOSOVË,"Furnizimi me rryme, gaz, avull dhe ajer te kondicionuar",0.5887401087362256,0.80950576,0.8366482,0.85474324,0.8818859
2027,10,FUSHË KOSOVË,"Furnizimi me rryme, gaz, avull dhe ajer te kondicionuar",1.8370948058286967,1.8831985,1.9264464,1.9552784,1.9985263
2027,11,FUSHË KOSOVË,"Furnizimi me rryme, gaz, avull dhe ajer te kondicionuar",0.020400093139301037,0.11832034,0.13509512,0.14627838,0.16305315
2027,12,FUSHË KOSOVË,"Furnizimi me rryme, gaz, avull dhe ajer te kondicionuar",0.6711186076830058,0.7700014,0.79655147,0.8142514,0.84080136
2027,1,FUSHË KOSOVË,Furnizimi me uje; Kanalizimi; Aktivitetet e menaxhimit dhe te trajtimit te mbeturinave,0.3137444753907462,0.34391692,0.36407566,0.37751484,0.3976735
2027,2,FUSHË KOSOVË,Furnizimi me uje; Kanalizimi; Aktivitetet e menaxhimit dhe te trajtimit te mbeturinave,0.017944335896193986,-0.007997837,0.0068821907,0.016802192,0.031682253
2027,3,FUSHË KOSOVË,Furnizimi me uje; Kanalizimi; Aktivitetet e menaxhimit dhe te trajtimit te mbeturinave,0.23675492917960753,0.53679323,0.5598451,0.5752131,0.59826493
2027,4,FUSHË KOSOVË,Furnizimi me uje; Kanalizimi; Aktivitetet e menaxhimit dhe te trajtimit te mbeturinave,0.0005943533361035467,0.0988757,0.11535883,0.12634766,0.14283073
2027,5,FUSHË KOSOVË,Furnizimi me uje; Kanalizimi; Aktivitetet e menaxhimit dhe te trajtimit te mbeturinave,0.22372121682373838,0.35558477,0.3759185,0.38947427,0.40980804
2027,6,FUSHË KOSOVË,Furnizimi me uje; Kanalizimi; Aktivitetet e menaxhimit dhe te trajtimit te mbeturinave,0.1285598772285236,0.4557279,0.47756386,0.4921211,0.513957
2027,7,FUSHË KOSOVË,Furnizimi me uje; Kanalizimi; Aktivitetet e menaxhimit dhe te trajtimit te mbeturinave,0.24243281500512873,0.5380997,0.5611713,0.5765523,0.5996237
2027,8,FUSHË KOSOVË,Furnizimi me uje; Kanalizimi; Aktivitetet e menaxhimit dhe te trajtimit te mbeturinave,0.07240934137485627,0.33129558,0.35126507,0.364578,0.38454735
2027,9,FUSHË KOSOVË,Furnizimi me uje; Kanalizimi; Aktivitetet e menaxhimit dhe te trajtimit te mbeturinave,0.03021701637130556,0.24720727,0.2659154,0.27838743,0.29709554
2027,10,FUSHË KOSOVË,Furnizimi me uje; Kanalizimi; Aktivitetet e menaxhimit dhe te trajtimit te mbeturinave,0.12475704997057972,0.21992813,0.23822701,0.2504263,0.26872528
2027,11,FUSHË KOSOVË,Furnizimi me uje; Kanalizimi; Aktivitetet e menaxhimit dhe te trajtimit te mbeturinave,0.9907976375054985,1.1454716,1.1776536,1.1991084,1.2312903
2027,12,FUSHË KOSOVË,Furnizimi me uje; Kanalizimi; Aktivitetet e menaxhimit dhe te trajtimit te mbeturinave,0.027771114472253538,0.50120413,0.5237222,0.5387342,0.56125224
2027,1,FUSHË KOSOVË,Industria nxjerrese,0.3272228311427022,-0.2937614,-0.28316778,-0.2761054,-0.26551187
2027,3,FUSHË KOSOVË,Industria nxjerrese,0.14888632638632027,-0.4723197,-0.46440452,-0.45912772,-0.45121253
2027,5,FUSHË KOSOVË,Industria nxjerrese,-0.5721509430205513,-0.7915516,-0.78842485,-0.78634036,-0.7832137
2027,7,FUSHË KOSOVË,Industria nxjerrese,-0.7030555900479886,-0.8104936,-0.807651,-0.8057559,-0.8029133
2027,8,FUSHË KOSOVË,Industria nxjerrese,-0.28058862643439014,0.019521156,0.03481388,0.045009136,0.0603019
2027,9,FUSHË KOSOVË,Industria nxjerrese,2.0,2.0,2.045,2.0749998,2.12
2027,10,FUSHË KOSOVË,Industria nxjerrese,2.0,2.0,2.045,2.0749998,2.12
2027,11,FUSHË KOSOVË,Industria nxjerrese,2.0,2.0,2.045,2.0749998,2.12
2027,12,FUSHË KOSOVË,Industria nxjerrese,0.7873525132227434,0.15578957,0.17312646,0.18468428,0.20202112
2027,1,FUSHË KOSOVË,Industria perpunuese,0.07098846413584058,0.13841936,0.15549564,0.16687989,0.18395615
2027,2,FUSHË KOSOVË,Industria perpunuese,0.06789328706416138,0.114952035,0.13167632,0.14282584,0.15955007
2027,3,FUSHË KOSOVË,Industria perpunuese,0.06789328706416138,0.1226905,0.13953078,0.15075767,0.16759801
2027,4,FUSHË KOSOVË,Industria perpunuese,0.06789328706416138,0.10457428,0.121142864,0.13218868,0.14875722
2027,5,FUSHË KOSOVË,Industria perpunuese,0.06789328706416138,0.11821325,0.13498652,0.14616859,0.16294181
2027,6,FUSHË KOSOVË,Industria perpunuese,0.06789328706416138,0.123419456,0.14027071,0.15150487,0.16835618
2027,7,FUSHË KOSOVË,Industria perpunuese,0.06789328706416138,0.11499609,0.13172102,0.1428709,0.15959585
2027,8,FUSHË KOSOVË,Industria perpunuese,0.06789328706416138,0.11499609,0.13172102,0.1428709,0.15959585
2027,9,FUSHË KOSOVË,Industria perpunuese,0.06789328706416138,0.11772016,0.13448596,0.14566314,0.16242886
2027,10,FUSHË KOSOVË,Industria perpunuese,0.06789328706416138,0.11563607,0.13237059,0.14352703,0.16026151
2027,11,FUSHË KOSOVË,Industria perpunuese,0.06789328706416138,0.11953051,0.13632345,0.14751875,0.16431177
2027,12,FUSHË KOSOVË,Industria perpunuese,0.06789328706416138,0.17579326,0.19343019,0.20518804,0.22282493
2027,1,FUSHË KOSOVË,Informimi dhe komunikimi,0.15427897389624282,-0.00022721768,0.014769316,0.024767041,0.03976369
2027,2,FUSHË KOSOVË,Informimi dhe komunikimi,0.028780767577861195,0.013279866,0.0284791,0.03861189,0.053811073
2027,3,FUSHË KOSOVË,Informimi dhe komunikimi,0.21711086368256977,0.25972486,0.27862072,0.29121792,0.3101138
2027,4,FUSHË KOSOVË,Informimi dhe komunikimi,0.0524158377696474,0.08089144,0.09710479,0.10791373,0.12412715
2027,5,FUSHË KOSOVË,Informimi dhe komunikimi,0.03008003746367576,0.10621598,0.12280917,0.13387132,0.15046453
2027,6,FUSHË KOSOVË,Informimi dhe komunikimi,0.8562008756144159,0.8024863,0.82952356,0.84754837,0.8745856
2027,7,FUSHË KOSOVË,Informimi dhe komunikimi,0.2859136789134523,0.5192798,0.54206884,0.5572617,0.5800508
2027,8,FUSHË KOSOVË,Informimi dhe komunikimi,0.27954919538479117,0.42910224,0.45053864,0.46482968,0.48626626
2027,9,FUSHË KOSOVË,Informimi dhe komunikimi,0.28012408892124646,0.4428304,0.4644729,0.47890115,0.5005436
2027,10,FUSHË KOSOVË,Informimi dhe komunikimi,0.22688288603674267,0.2818607,0.30108857,0.31390715,0.33313513
2027,11,FUSHË KOSOVË,Informimi dhe komunikimi,0.25875860621955593,0.34682852,0.36703086,0.38049912,0.40070152
2027,12,FUSHË KOSOVË,Informimi dhe komunikimi,0.007691090529266305,0.06590994,0.08189857,0.09255767,0.108546376
2027,12,FUSHË KOSOVË,Mungon aktiviteti,0.4059999541241163,0.1259292,0.14281821,0.15407741,0.17096639
2027,1,FUSHË KOSOVË,Ndertimtaria,0.07247347577746004,0.14451009,0.16167772,0.17312276,0.19029033
2027,2,FUSHË KOSOVË,Ndertimtaria,0.06723222324222118,0.1181541,0.13492632,0.14610791,0.16288018
2027,3,FUSHË KOSOVË,Ndertimtaria,0.06723222324222118,0.15779947,0.17516649,0.18674445,0.20411146
2027,4,FUSHË KOSOVË,Ndertimtaria,0.06789328706416138,0.11370376,0.13040924,0.14154625,0.15825188
2027,5,FUSHË KOSOVË,Ndertimtaria,0.06789328706416138,0.1282012,0.1451242,0.15640628,0.17332923
2027,6,FUSHË KOSOVË,Ndertimtaria,0.06789328706416138,0.1484964,0.1657238,0.17720878,0.19443619
2027,7,FUSHË KOSOVË,Ndertimtaria,0.06789328706416138,0.13309182,0.15008819,0.16141903,0.17841542
2027,8,FUSHË KOSOVË,Ndertimtaria,0.06723222324222118,0.12505871,0.14193451,0.15318513,0.17006099
2027,9,FUSHË KOSOVË,Ndertimtaria,0.06789328706416138,0.14720453,0.16441262,0.1758846,0.1930927
2027,10,FUSHË KOSOVË,Ndertimtaria,0.06789328706416138,0.104650825,0.12122059,0.13226712,0.14883685
2027,11,FUSHË KOSOVË,Ndertimtaria,0.06789328706416138,0.11336826,0.13006878,0.14120245,0.15790296
2027,12,FUSHË KOSOVË,Ndertimtaria,0.06789328706416138,0.18295972,0.2007041,0.2125336,0.23027802
2027,1,FUSHË KOSOVË,Person Fizik,-0.5751201315933893,-0.8597964,-0.8576934,-0.8562913,-0.85418826
2027,2,FUSHË KOSOVË,Person Fizik,-0.3804059681468106,-0.70872533,-0.7043562,-0.70144343,-0.69707435
2027,3,FUSHË KOSOVË,Person Fizik,-0.330455090813277,-0.4282411,-0.41966474,-0.41394717,-0.40537077
2027,4,FUSHË KOSOVË,Person Fizik,-0.31104722625584713,-0.44412547,-0.43578738,-0.43022865,-0.4218905
2027,5,FUSHË KOSOVË,Person Fizik,-0.3375998421264564,-0.4219458,-0.413275,-0.4074945,-0.39882368
2027,6,FUSHË KOSOVË,Person Fizik,-0.22197214088212894,-0.3491901,-0.33942795,-0.3329199,-0.32315773
2027,7,FUSHË KOSOVË,Person Fizik,-0.2796133885188075,-0.3817279,-0.37245387,-0.36627114,-0.35699707
2027,8,FUSHË KOSOVË,Person Fizik,-0.26247984768662813,-0.39606747,-0.38700855,-0.38096923,-0.3719102
2027,9,FUSHË KOSOVË,Person Fizik,0.03904928534988446,-0.2955495,-0.28498274,-0.27793825,-0.26737154
2027,10,FUSHË KOSOVË,Person Fizik,-0.40690646489975757,-0.5024339,-0.49497044,-0.48999476,-0.48253125
2027,11,FUSHË KOSOVË,Person Fizik,0.5935538578981548,0.44491056,0.4665842,0.4810332,0.5027069
2027,12,FUSHË KOSOVË,Person Fizik,0.1630097252911922,-0.09976368,-0.08626014,-0.07725781,-0.06375426
2027,1,FUSHË KOSOVË,Sherbimet administrative dhe mbeshtetese,0.5191140165395082,0.508378,0.5310037,0.5460874,0.56871307
2027,2,FUSHË KOSOVË,Sherbimet administrative dhe mbeshtetese,0.6114920537896333,0.50446844,0.5270355,0.54208016,0.5646471
2027,3,FUSHË KOSOVË,Sherbimet administrative dhe mbeshtetese,0.1494943756361442,0.15874684,0.17612803,0.18771553,0.20509672
2027,4,FUSHË KOSOVË,Sherbimet administrative dhe mbeshtetese,0.41671911515413174,0.3493697,0.3696103,0.38310397,0.4033445
2027,5,FUSHË KOSOVË,Sherbimet administrative dhe mbeshtetese,0.25070643599711273,0.33908144,0.35916758,0.37255836,0.39264464
2027,6,FUSHË KOSOVË,Sherbimet administrative dhe mbeshtetese,0.21408071020392824,0.30726352,0.32687247,0.33994508,0.35955393
2027,7,FUSHË KOSOVË,Sherbimet administrative dhe mbeshtetese,0.18326423089556007,0.1951148,0.21304154,0.22499275,0.24291945
2027,8,FUSHË KOSOVË,Sherbimet administrative dhe mbeshtetese,0.20287189351002644,0.3107724,0.33043396,0.34354174,0.3632033
2027,9,FUSHË KOSOVË,Sherbimet administrative dhe mbeshtetese,0.24686669466202904,0.26354223,0.28249526,0.29513073,0.3140838
2027,10,FUSHË KOSOVË,Sherbimet administrative dhe mbeshtetese,0.26014492260799166,0.21847004,0.23674715,0.24893177,0.2672088
2027,11,FUSHË KOSOVË,Sherbimet administrative dhe mbeshtetese,0.6841222819837716,0.42575198,0.4471382,0.46139574,0.482782
2027,12,FUSHË KOSOVË,Sherbimet administrative dhe mbeshtetese,-0.0063112053395682445,0.100842744,0.11735535,0.12836373,0.14487636
2027,1,FUSHË KOSOVË,Transporti dhe magazinimi,0.09464574389805519,0.17605278,0.19369364,0.20545411,0.22309482
2027,2,FUSHË KOSOVË,Transporti dhe magazinimi,0.07344604339116433,0.07869577,0.09487617,0.10566318,0.12184358
2027,3,FUSHË KOSOVË,Transporti dhe magazinimi,0.07632121271489382,0.025741652,0.0411278,0.051385164,0.06677127
2027,4,FUSHË KOSOVË,Transporti dhe magazinimi,0.07939269538136093,0.07671071,0.092861295,0.1036284,0.11977911
2027,5,FUSHË KOSOVË,Transporti dhe magazinimi,0.08520697663347651,0.06013297,0.0760349,0.086636305,0.10253823
2027,6,FUSHË KOSOVË,Transporti dhe magazinimi,0.07891746830815272,0.05581477,0.071651936,0.082210064,0.09804726
2027,7,FUSHË KOSOVË,Transporti dhe magazinimi,0.06957127590284518,0.038789053,0.05437088,0.06475878,0.080340505
2027,8,FUSHË KOSOVË,Transporti dhe magazinimi,0.0756709486756459,0.098385505,0.11486125,0.12584507,0.14232087
2027,9,FUSHË KOSOVË,Transporti dhe magazinimi,0.07946243456557173,0.09978699,0.116283774,0.12728167,0.14377844
2027,10,FUSHË KOSOVË,Transporti dhe magazinimi,0.08069628903562136,0.0482866,0.06401086,0.07449365,0.09021795
2027,11,FUSHË KOSOVË,Transporti dhe magazinimi,0.08587898645431218,0.08458311,0.10085189,0.111697674,0.1279664
2027,12,FUSHË KOSOVË,Transporti dhe magazinimi,0.06621754332354633,0.049611643,0.0653559,0.07585192,0.09159613
2027,1,FUSHË KOSOVË,Tregtia me shumice dhe pakice; Riparimi i mjeteve motorike dhe motoeikletave,0.07098846413584058,0.09650501,0.11295259,0.1239177,0.14036524
2027,2,FUSHË KOSOVË,Tregtia me shumice dhe pakice; Riparimi i mjeteve motorike dhe motoeikletave,0.06789328706416138,0.07534027,0.09147036,0.102223754,0.11835384
2027,3,FUSHË KOSOVË,Tregtia me shumice dhe pakice; Riparimi i mjeteve motorike dhe motoeikletave,0.06789328706416138,0.08185232,0.09808004,0.10889864,0.12512636
2027,4,FUSHË KOSOVË,Tregtia me shumice dhe pakice; Riparimi i mjeteve motorike dhe motoeikletave,0.06789328706416138,0.06936085,0.0854013,0.09609485,0.11213529
2027,5,FUSHË KOSOVË,Tregtia me shumice dhe pakice; Riparimi i mjeteve motorike dhe motoeikletave,0.06789328706416138,0.07952558,0.0957185,0.10651374,0.12270653
2027,6,FUSHË KOSOVË,Tregtia me shumice dhe pakice; Riparimi i mjeteve motorike dhe motoeikletave,0.06789328706416138,0.08258117,0.09881985,0.109645724,0.12588441
2027,7,FUSHË KOSOVË,Tregtia me shumice dhe pakice; Riparimi i mjeteve motorike dhe motoeikletave,0.06789328706416138,0.07630844,0.09245312,0.10321617,0.119360805
2027,8,FUSHË KOSOVË,Tregtia me shumice dhe pakice; Riparimi i mjeteve motorike dhe motoeikletave,0.06789328706416138,0.07630844,0.09245312,0.10321617,0.119360805
2027,9,FUSHË KOSOVË,Tregtia me shumice dhe pakice; Riparimi i mjeteve motorike dhe motoeikletave,0.06789328706416138,0.076882035,0.09303522,0.10380399,0.11995721
2027,10,FUSHË KOSOVË,Tregtia me shumice dhe pakice; Riparimi i mjeteve motorike dhe motoeikletave,0.06789328706416138,0.07602437,0.092164755,0.10292494,0.119065404
2027,11,FUSHË KOSOVË,Tregtia me shumice dhe pakice; Riparimi i mjeteve motorike dhe motoeikletave,0.06789328706416138,0.08206924,0.09830034,0.109120965,0.12535203
2027,12,FUSHË KOSOVË,Tregtia me shumice dhe pakice; Riparimi i mjeteve motorike dhe motoeikletave,0.06789328706416138,0.13691165,0.15396523,0.16533434,0.18238807
2027,1,GJAKOVË,Administrimi publik dhe mbrojtja; Sigurimi social i detyrueshem,2.0,1.9121424,1.9558244,1.9849458,2.0286279
2027,2,GJAKOVË,Administrimi publik dhe mbrojtja; Sigurimi social i detyrueshem,1.107304809340521,1.4192295,1.455518,1.4797101,1.5159986
2027,3,GJAKOVË,Administrimi publik dhe mbrojtja; Sigurimi social i detyrueshem,0.13046447492668842,0.32794535,0.3478645,0.36114395,0.3810631
2027,4,GJAKOVË,Administrimi publik dhe mbrojtja; Sigurimi social i detyrueshem,0.33197047191637896,0.44169888,0.46332443,0.47774136,0.49936676
2027,5,GJAKOVË,Administrimi publik dhe mbrojtja; Sigurimi social i detyrueshem,-0.028889680237665825,0.12007326,0.13687444,0.1480751,0.16487622
2027,6,GJAKOVË,Administrimi publik dhe mbrojtja; Sigurimi social i detyrueshem,1.451897821234145,1.057959,1.0888283,1.1094079,1.1402774
2027,7,GJAKOVË,Administrimi publik dhe mbrojtja; Sigurimi social i detyrueshem,0.3599467025855027,0.31813827,0.3379103,0.35109162,0.37086368
2027,8,GJAKOVË,Administrimi publik dhe mbrojtja; Sigurimi social i detyrueshem,2.0,2.0,2.045,2.0749998,2.12
2027,9,GJAKOVË,Administrimi publik dhe mbrojtja; Sigurimi social i detyrueshem,1.6904824770009161,1.5393246,1.5774145,1.6028078,1.6408978
2027,10,GJAKOVË,Administrimi publik dhe mbrojtja; Sigurimi social i detyrueshem,0.6856437095335577,0.9022019,0.9307349,0.94975686,0.97828984
2027,11,GJAKOVË,Administrimi publik dhe mbrojtja; Sigurimi social i detyrueshem,-0.4856970064013301,-0.47230557,-0.4643901,-0.45911318,-0.4511978
2027,12,GJAKOVË,Administrimi publik dhe mbrojtja; Sigurimi social i detyrueshem,-0.256690980451398,-0.3481913,-0.33841413,-0.33189607,-0.32211894
2027,1,GJAKOVË,Akomodimi dhe sherbimi ushqimor,0.31913439520382625,0.27545008,0.2945819,0.30733633,0.3264681
2027,2,GJAKOVË,Akomodimi dhe sherbimi ushqimor,0.19790522522902457,0.19620372,0.21414673,0.22610879,0.24405181
2027,3,GJAKOVË,Akomodimi dhe sherbimi ushqimor,-0.03948835058378813,-0.04882318,-0.034555554,-0.025043786,-0.010776162
2027,4,GJAKOVË,Akomodimi dhe sherbimi ushqimor,0.19369923537962233,0.14467049,0.16184056,0.17328727,0.19045722
2027,5,GJAKOVË,Akomodimi dhe sherbimi ushqimor,0.22025664334320624,0.14460108,0.1617701,0.1732161,0.1903851
2027,6,GJAKOVË,Akomodimi dhe sherbimi ushqimor,0.01024880558864437,0.0017006992,0.016726136,0.026743174,0.04176867
2027,7,GJAKOVË,Akomodimi dhe sherbimi ushqimor,0.03320368457962139,-0.040125743,-0.02572763,-0.016128898,-0.0017307997
2027,8,GJAKOVË,Akomodimi dhe sherbimi ushqimor,0.06477259354371491,-0.007164368,0.007728219,0.017656565,0.032549024
2027,9,GJAKOVË,Akomodimi dhe sherbimi ushqimor,0.09618192212149022,0.18319827,0.20094621,0.21277809,0.23052609
2027,10,GJAKOVË,Akomodimi dhe sherbimi ushqimor,0.24152730383760934,0.18696389,0.2047683,0.21663797,0.23444247
2027,11,GJAKOVË,Akomodimi dhe sherbimi ushqimor,0.27049320684045614,0.3065506,0.32614887,0.33921432,0.35881257
2027,12,GJAKOVË,Akomodimi dhe sherbimi ushqimor,-0.021143918504727844,0.05281788,0.06861007,0.07913828,0.09493053
2027,1,GJAKOVË,Aktivitetet e patundshmerise,0.9001464564508698,1.0799189,1.1111176,1.1319168,1.1631155
2027,2,GJAKOVË,Aktivitetet e patundshmerise,1.2557983434136892,1.4185967,1.4548757,1.4790616,1.5153406
2027,3,GJAKOVË,Aktivitetet e patundshmerise,1.5052929074199264,1.2363815,1.2699273,1.2922909,1.3258367
2027,4,GJAKOVË,Aktivitetet e patundshmerise,1.6322935153349498,1.3815141,1.4172368,1.441052,1.4767745
2027,5,GJAKOVË,Aktivitetet e patundshmerise,1.7525570558498829,1.7963247,1.8382695,1.8662329,1.9081776
2027,6,GJAKOVË,Aktivitetet e patundshmerise,1.5964031519707218,1.047709,1.0784247,1.0989017,1.1296172
2027,7,GJAKOVË,Aktivitetet e patundshmerise,1.265353080152607,1.2311523,1.2646196,1.286931,1.3203983
2027,8,GJAKOVË,Aktivitetet e patundshmerise,1.4149982878499852,1.3925991,1.428488,1.452414,1.488303
2027,9,GJAKOVË,Aktivitetet e patundshmerise,1.5196453058287172,1.0044097,1.0344758,1.0545199,1.0845861
2027,10,GJAKOVË,Aktivitetet e patundshmerise,2.0,2.0,2.045,2.0749998,2.12
2027,11,GJAKOVË,Aktivitetet e patundshmerise,2.0,2.0,2.045,2.0749998,2.12
2027,12,GJAKOVË,Aktivitetet e patundshmerise,0.29173830036705106,0.4805746,0.5027832,0.517589,0.53979754
2027,1,GJAKOVË,Aktivitetet e shendetit te njeriut dhe te punes sociale,0.22810929960732693,0.16081248,0.17822468,0.1898328,0.20724499
2027,2,GJAKOVË,Aktivitetet e shendetit te njeriut dhe te punes sociale,0.20648681243757339,0.19101311,0.20887828,0.22078836,0.23865354
2027,3,GJAKOVË,Aktivitetet e shendetit te njeriut dhe te punes sociale,0.17354236375975096,0.16607429,0.18356538,0.19522607,0.21271718
2027,4,GJAKOVË,Aktivitetet e shendetit te njeriut dhe te punes sociale,0.18536840481768702,0.13504231,0.1520679,0.1634183,0.180444
2027,5,GJAKOVË,Aktivitetet e shendetit te njeriut dhe te punes sociale,0.19080000570926817,0.24283506,0.2614776,0.27390587,0.29254842
2027,6,GJAKOVË,Aktivitetet e shendetit te njeriut dhe te punes sociale,0.1839787516203078,0.24043329,0.25903976,0.27144408,0.29005063
2027,7,GJAKOVË,Aktivitetet e shendetit te njeriut dhe te punes sociale,0.21002247504403132,0.25533038,0.27416027,0.2867136,0.30554354
2027,8,GJAKOVË,Aktivitetet e shendetit te njeriut dhe te punes sociale,0.22334415695830662,0.17926952,0.19695854,0.20875132,0.22644031
2027,9,GJAKOVË,Aktivitetet e shendetit te njeriut dhe te punes sociale,0.240859317930961,0.262243,0.2811767,0.29379904,0.3127327
2027,10,GJAKOVË,Aktivitetet e shendetit te njeriut dhe te punes sociale,0.2446029606191891,0.1926129,0.21050203,0.2224282,0.24031734
2027,11,GJAKOVË,Aktivitetet e shendetit te njeriut dhe te punes sociale,0.24017389340711987,0.25504428,0.27386987,0.28642035,0.305246
2027,12,GJAKOVË,Aktivitetet e shendetit te njeriut dhe te punes sociale,0.007411813681545468,0.090729736,0.10709059,0.117997885,0.13435888
2027,1,GJAKOVË,Aktivitetet e tjera sherbyese,0.5853388260206351,0.29985255,0.31935036,0.33234894,0.3518467
2027,2,GJAKOVË,Aktivitetet e tjera sherbyese,0.04966217245002781,0.08633209,0.10262704,0.11349034,0.1297853
2027,3,GJAKOVË,Aktivitetet e tjera sherbyese,0.06029469522052685,-0.081525914,-0.067748845,-0.058564067,-0.04478699
2027,4,GJAKOVË,Aktivitetet e tjera sherbyese,0.7994078619617859,1.0818063,1.1130333,1.1338513,1.1650784
2027,5,GJAKOVË,Aktivitetet e tjera sherbyese,1.160640822517922,0.87203956,0.90012014,0.9188405,0.9469211
2027,6,GJAKOVË,Aktivitetet e tjera sherbyese,-0.009734851937852266,-0.110457435,-0.097114265,-0.08821887,-0.07487577
2027,7,GJAKOVË,Aktivitetet e tjera sherbyese,0.3057046065842617,0.39146754,0.41233957,0.42625427,0.44712627
2027,8,GJAKOVË,Aktivitetet e tjera sherbyese,0.1443124218834504,0.1539189,0.17122757,0.1827668,0.20007563
2027,9,GJAKOVË,Aktivitetet e tjera sherbyese,-0.02318973170641311,-0.15615109,-0.14349335,-0.13505483,-0.122397125
2027,10,GJAKOVË,Aktivitetet e tjera sherbyese,0.8081401165467934,0.9282868,0.957211,0.97649395,1.0054183
2027,11,GJAKOVË,Aktivitetet e tjera sherbyese,0.4618479154662388,0.22395918,0.24231863,0.2545582,0.2729175
2027,12,GJAKOVË,Aktivitetet e tjera sherbyese,0.06794515571451519,-0.09381123,-0.080218375,-0.0711565,-0.057563722
2027,1,GJAKOVË,Aktivitetet financiare dhe te sigurimit,0.2770510585870039,0.057119936,0.07297671,0.08354795,0.09940469
2027,2,GJAKOVË,Aktivitetet financiare dhe te sigurimit,0.28690401331804166,0.16747078,0.1849829,0.19665754,0.21416962
2027,3,GJAKOVË,Aktivitetet financiare dhe te sigurimit,-0.016008579479201323,0.049524833,0.06526768,0.07576287,0.091505766
2027,4,GJAKOVË,Aktivitetet financiare dhe te sigurimit,0.14392936073977156,0.1886502,0.20648003,0.2183665,0.23619616
2027,5,GJAKOVË,Aktivitetet financiare dhe te sigurimit,0.18259123203995295,0.16187665,0.17930484,0.19092357,0.20835173
2027,6,GJAKOVË,Aktivitetet financiare dhe te sigurimit,0.10075249251515479,0.054688264,0.07050848,0.0810554,0.09687567
2027,7,GJAKOVË,Aktivitetet financiare dhe te sigurimit,0.006591814773101781,0.027715435,0.043131113,0.053408265,0.06882405
2027,8,GJAKOVË,Aktivitetet financiare dhe te sigurimit,0.13340882567814197,0.11370316,0.13040864,0.14154565,0.15825117
2027,9,GJAKOVË,Aktivitetet financiare dhe te sigurimit,0.10748260398139058,0.010953359,0.026117563,0.036227107,0.051391363
2027,10,GJAKOVË,Aktivitetet financiare dhe te sigurimit,0.48644706755285094,0.3337818,0.3537885,0.36712635,0.387133
2027,11,GJAKOVË,Aktivitetet financiare dhe te sigurimit,0.3024834780735625,0.2764659,0.2956128,0.3083775,0.32752442
2027,12,GJAKOVË,Aktivitetet financiare dhe te sigurimit,-0.10486252753316566,0.093663596,0.11006856,0.12100518,0.13741004
2027,1,GJAKOVË,"Aktivitetet profesionale, shkencore dhe teknike",0.27239858897170854,0.15906858,0.17645454,0.18804526,0.20543134
2027,2,GJAKOVË,"Aktivitetet profesionale, shkencore dhe teknike",0.036427745932734346,0.09602388,0.11246431,0.12342453,0.1398648
2027,3,GJAKOVË,"Aktivitetet profesionale, shkencore dhe teknike",0.03826131909104911,0.08300801,0.09925318,0.11008322,0.12632835
2027,4,GJAKOVË,"Aktivitetet profesionale, shkencore dhe teknike",0.0029376178912878218,-0.070968255,-0.057032824,-0.047742486,-0.03380704
2027,5,GJAKOVË,"Aktivitetet profesionale, shkencore dhe teknike",0.06494740318298695,0.09021176,0.10656488,0.117467046,0.13382018
2027,6,GJAKOVË,"Aktivitetet profesionale, shkencore dhe teknike",0.0022540150474492787,0.009473157,0.024615288,0.03471005,0.049852133
2027,7,GJAKOVË,"Aktivitetet profesionale, shkencore dhe teknike",0.09976304263539804,0.15664198,0.17399156,0.18555796,0.20290756
2027,8,GJAKOVË,"Aktivitetet profesionale, shkencore dhe teknike",0.233695569974792,0.2242719,0.24263597,0.25487864,0.2732427
2027,9,GJAKOVË,"Aktivitetet profesionale, shkencore dhe teknike",0.0865866191864396,0.12685704,0.14375985,0.15502846,0.17193127
2027,10,GJAKOVË,"Aktivitetet profesionale, shkencore dhe teknike",0.08934522843645483,0.14849329,0.1657207,0.17720556,0.19443297
2027,11,GJAKOVË,"Aktivitetet profesionale, shkencore dhe teknike",0.11015286063539963,0.28647053,0.30576754,0.31863225,0.33792925
2027,12,GJAKOVË,"Aktivitetet profesionale, shkencore dhe teknike",0.018977769932806414,0.084028706,0.10028911,0.1111294,0.12738979
2027,1,GJAKOVË,Arsimi,0.354312609952121,-0.026396794,-0.011792779,-0.0020567775,0.012547255
2027,2,GJAKOVË,Arsimi,0.2641516024537036,0.07068752,0.086747885,0.09745467,0.11351502
2027,3,GJAKOVË,Arsimi,0.08052060208214117,-0.026409376,-0.011805534,-0.002069652,0.012534142
2027,4,GJAKOVË,Arsimi,0.13442302052962746,0.19781527,0.21578252,0.22776067,0.2457279
2027,5,GJAKOVË,Arsimi,0.10114859172665605,0.21201448,0.23019469,0.24231482,0.26049495
2027,6,GJAKOVË,Arsimi,0.07269443912561363,-0.009541439,0.005315423,0.015220046,0.030076861
2027,7,GJAKOVË,Arsimi,0.3107117286279886,0.33173266,0.35170865,0.36502588,0.3850019
2027,8,GJAKOVË,Arsimi,0.3036358442051902,0.21688354,0.23513675,0.24730563,0.26555884
2027,9,GJAKOVË,Arsimi,0.11773744624842496,0.10330928,0.11985886,0.13089204,0.14744163
2027,10,GJAKOVË,Arsimi,0.24071137221816458,0.13948616,0.15657842,0.16797328,0.18506563
2027,11,GJAKOVË,Arsimi,0.23859201803064664,0.20587167,0.2239598,0.23601842,0.25410652
2027,12,GJAKOVË,Arsimi,-0.06781751504512269,-0.10426219,-0.090826094,-0.08186877,-0.06843269
2027,1,GJAKOVË,"Artet, Argetimi dhe rekreacioni",0.1799756769426339,-0.026756901,-0.012158275,-0.0024258494,0.012172818
2027,2,GJAKOVË,"Artet, Argetimi dhe rekreacioni",0.35345161482645876,0.0014623764,0.01648426,0.026498914,0.041520834
2027,3,GJAKOVË,"Artet, Argetimi dhe rekreacioni",0.059810862175803114,0.16726029,0.18476915,0.19644177,0.21395063
2027,4,GJAKOVË,"Artet, Argetimi dhe rekreacioni",1.1183565071618702,1.0979977,1.1294675,1.1504476,1.1819174
2027,5,GJAKOVË,"Artet, Argetimi dhe rekreacioni",0.8767220610410872,0.59379494,0.6177019,0.6336398,0.65754664
2027,6,GJAKOVË,"Artet, Argetimi dhe rekreacioni",0.02230844114211876,-0.007518213,0.0073689222,0.01729381,0.032181025
2027,7,GJAKOVË,"Artet, Argetimi dhe rekreacioni",0.1875793135447416,0.025717309,0.041103005,0.05136013,0.06674588
2027,8,GJAKOVË,"Artet, Argetimi dhe rekreacioni",0.3114799922895641,0.13011186,0.1470635,0.15836453,0.17531621
2027,9,GJAKOVË,"Artet, Argetimi dhe rekreacioni",0.03930173736568415,-0.011319095,0.0035110712,0.013397932,0.028228045
2027,10,GJAKOVË,"Artet, Argetimi dhe rekreacioni",1.7472825045136808,1.8852088,1.9284868,1.957339,2.000617
2027,11,GJAKOVË,"Artet, Argetimi dhe rekreacioni",1.0385332346439173,1.0267137,1.0571146,1.0773816,1.1077824
2027,12,GJAKOVË,"Artet, Argetimi dhe rekreacioni",0.018256835147730223,0.1029811,0.11952579,0.13055563,0.14710033
2027,1,GJAKOVË,Bujqesia;Pylltaria dhe Peshkimi,0.1874154612917227,0.081774205,0.098000884,0.10881853,0.12504518
2027,2,GJAKOVË,Bujqesia;Pylltaria dhe Peshkimi,0.2876632890404763,0.21953514,0.23782814,0.25002348,0.2683165
2027,3,GJAKOVË,Bujqesia;Pylltaria dhe Peshkimi,0.1723666106804678,0.2351399,0.25366688,0.26601827,0.28454542
2027,4,GJAKOVË,Bujqesia;Pylltaria dhe Peshkimi,0.29384965853278705,0.26554114,0.2845242,0.29717958,0.3161627
2027,5,GJAKOVË,Bujqesia;Pylltaria dhe Peshkimi,0.38513294829187256,0.33006245,0.35001326,0.3633139,0.38326478
2027,6,GJAKOVË,Bujqesia;Pylltaria dhe Peshkimi,0.11940793320120892,0.17810203,0.19577348,0.20755458,0.22522604
2027,7,GJAKOVË,Bujqesia;Pylltaria dhe Peshkimi,0.03550120517241276,0.10841219,0.12503827,0.13612247,0.15274858
2027,8,GJAKOVË,Bujqesia;Pylltaria dhe Peshkimi,0.09228137051881685,0.15554333,0.17287648,0.18443191,0.20176506
2027,9,GJAKOVË,Bujqesia;Pylltaria dhe Peshkimi,0.26572680842439717,0.27741697,0.29657817,0.30935228,0.32851362
2027,10,GJAKOVË,Bujqesia;Pylltaria dhe Peshkimi,0.1489585216200522,0.15106453,0.16833043,0.17984104,0.19710708
2027,11,GJAKOVË,Bujqesia;Pylltaria dhe Peshkimi,0.17284854758256907,0.12126978,0.13808882,0.14930153,0.16612053
2027,12,GJAKOVË,Bujqesia;Pylltaria dhe Peshkimi,0.03928734524072965,0.13012378,0.14707553,0.15837681,0.17532861
2027,1,GJAKOVË,"Furnizimi me rryme, gaz, avull dhe ajer te kondicionuar",0.1251979134722902,-0.115914084,-0.10265285,-0.09381199,-0.08055073
2027,2,GJAKOVË,"Furnizimi me rryme, gaz, avull dhe ajer te kondicionuar",0.10187719035465093,0.01052409,0.025681853,0.035787106,0.050944924
2027,3,GJAKOVË,"Furnizimi me rryme, gaz, avull dhe ajer te kondicionuar",0.03763019268130021,0.018780692,0.034062386,0.04425025,0.059531927
2027,4,GJAKOVË,"Furnizimi me rryme, gaz, avull dhe ajer te kondicionuar",1.8792851078214157,1.398866,1.434849,1.4588377,1.4948208
2027,5,GJAKOVË,"Furnizimi me rryme, gaz, avull dhe ajer te kondicionuar",1.6310126617367517,0.8676739,0.895689,0.91436565,0.9423808
2027,6,GJAKOVË,"Furnizimi me rryme, gaz, avull dhe ajer te kondicionuar",0.3142904814001637,0.4115133,0.43268597,0.4468012,0.46797383
2027,7,GJAKOVË,"Furnizimi me rryme, gaz, avull dhe ajer te kondicionuar",0.20854030102594567,0.25374633,0.2725525,0.28508985,0.30389607
2027,8,GJAKOVË,"Furnizimi me rryme, gaz, avull dhe ajer te kondicionuar",0.3041860839516032,0.26566863,0.28465366,0.29731035,0.3162954
2027,9,GJAKOVË,"Furnizimi me rryme, gaz, avull dhe ajer te kondicionuar",1.2056834384565402,1.1469477,1.179152,1.2006216,1.2328258
2027,10,GJAKOVË,"Furnizimi me rryme, gaz, avull dhe ajer te kondicionuar",-0.02445263836207706,-0.01101269,0.0038220882,0.013711929,0.02854681
2027,11,GJAKOVË,"Furnizimi me rryme, gaz, avull dhe ajer te kondicionuar",-0.2562311307536334,-0.21434695,-0.20256215,-0.19470567,-0.18292087
2027,12,GJAKOVË,"Furnizimi me rryme, gaz, avull dhe ajer te kondicionuar",-0.02263870460767637,0.017686345,0.032951593,0.04312849,0.058393836
2027,1,GJAKOVË,Furnizimi me uje; Kanalizimi; Aktivitetet e menaxhimit dhe te trajtimit te mbeturinave,0.10374378647451686,0.050510067,0.06626773,0.07677281,0.09253037
2027,2,GJAKOVË,Furnizimi me uje; Kanalizimi; Aktivitetet e menaxhimit dhe te trajtimit te mbeturinave,0.13121239126750053,0.012400642,0.02758658,0.037710667,0.05289662
2027,3,GJAKOVË,Furnizimi me uje; Kanalizimi; Aktivitetet e menaxhimit dhe te trajtimit te mbeturinave,0.13629085455543724,0.121388696,0.13820946,0.14942336,0.16624415
2027,4,GJAKOVË,Furnizimi me uje; Kanalizimi; Aktivitetet e menaxhimit dhe te trajtimit te mbeturinave,0.12178706910838967,0.042450342,0.05808699,0.068511486,0.08414829
2027,5,GJAKOVË,Furnizimi me uje; Kanalizimi; Aktivitetet e menaxhimit dhe te trajtimit te mbeturinave,0.06598367501577829,0.05044413,0.06620073,0.07670522,0.092461824
2027,6,GJAKOVË,Furnizimi me uje; Kanalizimi; Aktivitetet e menaxhimit dhe te trajtimit te mbeturinave,-0.11439894706539375,-0.06270287,-0.04864347,-0.03927046,-0.025211036
2027,7,GJAKOVË,Furnizimi me uje; Kanalizimi; Aktivitetet e menaxhimit dhe te trajtimit te mbeturinave,0.24052423605704462,0.1518958,0.1691742,0.18069315,0.19797158
2027,8,GJAKOVË,Furnizimi me uje; Kanalizimi; Aktivitetet e menaxhimit dhe te trajtimit te mbeturinave,0.12110478120725801,0.035566896,0.051100373,0.061456084,0.07698953
2027,9,GJAKOVË,Furnizimi me uje; Kanalizimi; Aktivitetet e menaxhimit dhe te trajtimit te mbeturinave,0.08463912544522242,0.046640445,0.06234002,0.07280636,0.08850598
2027,10,GJAKOVË,Furnizimi me uje; Kanalizimi; Aktivitetet e menaxhimit dhe te trajtimit te mbeturinave,0.14179050868754436,0.08837705,0.10470259,0.1155864,0.131912
2027,11,GJAKOVË,Furnizimi me uje; Kanalizimi; Aktivitetet e menaxhimit dhe te trajtimit te mbeturinave,0.18990166697218241,0.121427365,0.1382488,0.14946306,0.16628444
2027,12,GJAKOVË,Furnizimi me uje; Kanalizimi; Aktivitetet e menaxhimit dhe te trajtimit te mbeturinave,0.16375781745742776,0.21300195,0.231197,0.24332702,0.26152205
2027,1,GJAKOVË,Industria nxjerrese,1.0527631306665066,0.81531024,0.8425399,0.860693,0.8879225
2027,2,GJAKOVË,Industria nxjerrese,0.032592096352210935,0.14789782,0.16511631,0.17659521,0.19381368
2027,3,GJAKOVË,Industria nxjerrese,-0.025067069126566182,0.08773637,0.104052424,0.114929795,0.13124573
2027,4,GJAKOVË,Industria nxjerrese,-0.2707346628684498,-0.24784845,-0.23656619,-0.22904468,-0.21776241
2027,5,GJAKOVË,Industria nxjerrese,-0.5551276910974464,-0.36830527,-0.35882986,-0.3525129,-0.3430375
2027,6,GJAKOVË,Industria nxjerrese,-0.05058488297374175,-0.018264731,-0.0035386682,0.006278634,0.021004677
2027,7,GJAKOVË,Industria nxjerrese,-0.19964622917323066,-0.16769595,-0.15521139,-0.14688838,-0.13440382
2027,8,GJAKOVË,Industria nxjerrese,-0.1852070319312077,-0.05605729,-0.04189813,-0.032458723,-0.01829958
2027,9,GJAKOVË,Industria nxjerrese,0.05989254146479295,0.074713625,0.09083426,0.101581454,0.11770213
2027,10,GJAKOVË,Industria nxjerrese,-0.25582517326475746,-0.28972167,-0.27906752,-0.27196473,-0.26131058
2027,11,GJAKOVË,Industria nxjerrese,-0.11086388820841545,-0.029355839,-0.014796197,-0.00508976,0.009469867
2027,12,GJAKOVË,Industria nxjerrese,-0.26089880498173557,-0.090157,-0.076509416,-0.067411005,-0.05376333
2027,1,GJAKOVË,Industria perpunuese,0.07247347577746004,0.14937022,0.16661072,0.1781044,0.19534492
2027,2,GJAKOVË,Industria perpunuese,0.06789328706416138,0.10221896,0.11875224,0.12977445,0.1463077
2027,3,GJAKOVË,Industria perpunuese,0.06789328706416138,0.1069849,0.123589635,0.13465941,0.15126419
2027,4,GJAKOVË,Industria perpunuese,0.06789328706416138,0.09746594,0.11392796,0.124902606,0.14136457
2027,5,GJAKOVË,Industria perpunuese,0.06789328706416138,0.105354466,0.12193477,0.13298821,0.14956856
2027,6,GJAKOVË,Industria perpunuese,0.06789328706416138,0.10841005,0.12503612,0.1361202,0.15274632
2027,7,GJAKOVË,Industria perpunuese,0.06789328706416138,0.10213732,0.11866939,0.12969077,0.14622283
2027,8,GJAKOVË,Industria perpunuese,0.06789328706416138,0.09998687,0.11648667,0.12748659,0.14398634
2027,9,GJAKOVË,Industria perpunuese,0.06789328706416138,0.09522503,0.11165333,0.12260556,0.13903391
2027,10,GJAKOVË,Industria perpunuese,0.06789328706416138,0.09619656,0.11263943,0.12360144,0.14004433
2027,11,GJAKOVË,Industria perpunuese,0.06789328706416138,0.10452129,0.1210891,0.13213432,0.14870203
2027,12,GJAKOVË,Industria perpunuese,0.06789328706416138,0.17040084,0.18795681,0.1996609,0.21721685
2027,1,GJAKOVË,Informimi dhe komunikimi,0.6075668633399973,0.36579043,0.3862772,0.39993513,0.42042196
2027,2,GJAKOVË,Informimi dhe komunikimi,0.19244560334920588,0.20348758,0.22153997,0.23357475,0.2516271
2027,3,GJAKOVË,Informimi dhe komunikimi,0.11697047054439208,0.17239721,0.18998325,0.20170712,0.21929312
2027,4,GJAKOVË,Informimi dhe komunikimi,0.18605772669670007,0.24730878,0.2660184,0.27849138,0.29720104
2027,5,GJAKOVË,Informimi dhe komunikimi,0.13799753657530606,0.19183712,0.20971465,0.22163296,0.23951054
2027,6,GJAKOVË,Informimi dhe komunikimi,0.03407929882150828,0.08738037,0.1036911,0.114564896,0.13087559
2027,7,GJAKOVË,Informimi dhe komunikimi,0.16054884573941708,0.1565251,0.17387295,0.18543828,0.20278609
2027,8,GJAKOVË,Informimi dhe komunikimi,0.23378026059081372,0.36789256,0.38841093,0.40208983,0.42260814
2027,9,GJAKOVË,Informimi dhe komunikimi,0.10890572043203557,0.14460973,0.16177881,0.17322493,0.19039404
2027,10,GJAKOVË,Informimi dhe komunikimi,0.01699209721450586,0.009451508,0.024593234,0.034687757,0.049829483
2027,11,GJAKOVË,Informimi dhe komunikimi,0.20722045631595376,0.22984374,0.24829137,0.26058984,0.27903748
2027,12,GJAKOVË,Informimi dhe komunikimi,-0.0011086497142346803,0.08736707,0.10367751,0.11455119,0.13086164
2027,9,GJAKOVË,Mungon aktiviteti,0.22232458512592715,0.05465426,0.07047403,0.08102059,0.09684038
2027,12,GJAKOVË,Mungon aktiviteti,-0.3486338972529859,-0.27497727,-0.26410192,-0.25685173,-0.24597639
2027,1,GJAKOVË,Ndertimtaria,0.0842575793723409,0.12798028,0.14489996,0.15617967,0.1730994
2027,2,GJAKOVË,Ndertimtaria,0.08792772319563416,0.1635914,0.1810453,0.1926812,0.21013498
2027,3,GJAKOVË,Ndertimtaria,0.07253600809526428,0.16141295,0.17883408,0.19044828,0.20786941
2027,4,GJAKOVË,Ndertimtaria,0.06629506295739529,0.002657623,0.017697453,0.027724028,0.04276395
2027,5,GJAKOVË,Ndertimtaria,0.07143254105031428,0.13038613,0.14734185,0.15864575,0.17560148
2027,6,GJAKOVË,Ndertimtaria,0.07106708095551595,0.15936291,0.17675328,0.18834698,0.20573735
2027,7,GJAKOVË,Ndertimtaria,0.08133762346922863,0.16657065,0.18406916,0.19573486,0.21323347
2027,8,GJAKOVË,Ndertimtaria,0.06769342222566326,0.07411651,0.0902282,0.100969315,0.117081046
2027,9,GJAKOVË,Ndertimtaria,0.07496452763185094,0.16501987,0.18249512,0.19414532,0.21162057
2027,10,GJAKOVË,Ndertimtaria,0.07353072949255064,0.19756602,0.21552956,0.2275052,0.24546862
2027,11,GJAKOVË,Ndertimtaria,0.06844113842095496,0.09141016,0.10778129,0.11869538,0.13506651
2027,12,GJAKOVË,Ndertimtaria,0.06557725633557603,0.06489711,0.08087051,0.091519475,0.107492924
2027,1,GJAKOVË,Person Fizik,0.18060345058388858,-0.731919,-0.72789776,-0.725217,-0.72119576
2027,2,GJAKOVË,Person Fizik,-0.310408511557723,-0.73976254,-0.735859,-0.7332566,-0.7293531
2027,3,GJAKOVË,Person Fizik,-0.4914521413834682,-0.4591593,-0.4510467,-0.4456383,-0.4375257
2027,4,GJAKOVË,Person Fizik,-0.32123500288585144,-0.52411276,-0.51697445,-0.5122156,-0.5050773
2027,5,GJAKOVË,Person Fizik,-0.21139988692398298,-0.41649368,-0.40774107,-0.401906,-0.39315343
2027,6,GJAKOVË,Person Fizik,0.019574978647501386,-0.17953375,-0.16722673,-0.1590221,-0.1467151
2027,7,GJAKOVË,Person Fizik,0.5367651446798489,0.19985588,0.21785378,0.22985232,0.24785006
2027,8,GJAKOVË,Person Fizik,-0.4928678041513232,-0.9231935,-0.9220414,-0.92127335,-0.92012125
2027,9,GJAKOVË,Person Fizik,-0.47092594859965725,-0.92297184,-0.9218164,-0.92104614,-0.9198907
2027,12,GJAKOVË,Person Fizik,0.5331824885308789,-0.014882513,-0.00010573864,0.009745359,0.024522185
2027,1,GJAKOVË,Sherbimet administrative dhe mbeshtetese,0.02368122181272799,-0.050845824,-0.036608517,-0.027116954,-0.01287967
2027,2,GJAKOVË,Sherbimet administrative dhe mbeshtetese,0.31922740636388997,0.38242272,0.40315902,0.41698325,0.43771958
2027,3,GJAKOVË,Sherbimet administrative dhe mbeshtetese,0.28775829919719625,0.2936735,0.31307864,0.32601535,0.34542036
2027,4,GJAKOVË,Sherbimet administrative dhe mbeshtetese,0.5531925830683272,0.49239042,0.51477623,0.52970016,0.552086
2027,5,GJAKOVË,Sherbimet administrative dhe mbeshtetese,0.34231746244549677,0.3683156,0.38884032,0.4025234,0.42304814
2027,6,GJAKOVË,Sherbimet administrative dhe mbeshtetese,0.6824151343767828,0.6409467,0.66556084,0.68197024,0.70658445
2027,7,GJAKOVË,Sherbimet administrative dhe mbeshtetese,0.16144918692464041,0.15039116,0.167647,0.17915082,0.19640672
2027,8,GJAKOVË,Sherbimet administrative dhe mbeshtetese,0.25298419830661045,0.27643302,0.29557943,0.30834377,0.3274902
2027,9,GJAKOVË,Sherbimet administrative dhe mbeshtetese,0.9425966703687155,0.8723516,0.9004369,0.91916037,0.9472456
2027,10,GJAKOVË,Sherbimet administrative dhe mbeshtetese,1.004609644070163,0.59955245,0.62354565,0.63954115,0.6635344
2027,11,GJAKOVË,Sherbimet administrative dhe mbeshtetese,0.6441840638899983,0.28974986,0.3090961,0.3219936,0.34133983
2027,12,GJAKOVË,Sherbimet administrative dhe mbeshtetese,0.06596667115699918,0.15342161,0.17072296,0.18225718,0.1995585
2027,1,GJAKOVË,Transporti dhe magazinimi,1.1010556561859626,0.9212031,0.95002115,0.96923316,0.99805117
2027,2,GJAKOVË,Transporti dhe magazinimi,0.17970128402165833,0.29330343,0.312703,0.32563603,0.34503555
2027,3,GJAKOVË,Transporti dhe magazinimi,0.14208440592894386,0.031555977,0.047029376,0.057344913,0.07281816
2027,4,GJAKOVË,Transporti dhe magazinimi,0.14827164602383397,0.08257152,0.09881008,0.10963571,0.12587428
2027,5,GJAKOVË,Transporti dhe magazinimi,-0.028054055020267307,-0.0027840363,0.012174249,0.022146344,0.037104607
2027,6,GJAKOVË,Transporti dhe magazinimi,0.036170654067713075,0.087551996,0.103865266,0.11474073,0.13105404
2027,7,GJAKOVË,Transporti dhe magazinimi,0.1817870330642036,0.19149543,0.20936787,0.22128272,0.23915517
2027,8,GJAKOVË,Transporti dhe magazinimi,0.5212852165474487,0.5585731,0.58195174,0.5975374,0.620916
2027,9,GJAKOVË,Transporti dhe magazinimi,-0.011493216954541198,-0.017156048,-0.002413392,0.007415056,0.022157669
2027,10,GJAKOVË,Transporti dhe magazinimi,0.41140622025173085,0.47060412,0.49266326,0.5073693,0.52942824
2027,11,GJAKOVË,Transporti dhe magazinimi,-0.1940457961583847,-0.11254916,-0.09923744,-0.090362966,-0.07705116
2027,12,GJAKOVË,Transporti dhe magazinimi,-0.06922598698935613,0.0705671,0.086625576,0.097331285,0.11338973
2027,1,GJAKOVË,Tregtia me shumice dhe pakice; Riparimi i mjeteve motorike dhe motoeikletave,0.07098846413584058,0.08910741,0.105443954,0.116335034,0.1326716
2027,2,GJAKOVË,Tregtia me shumice dhe pakice; Riparimi i mjeteve motorike dhe motoeikletave,0.06789328706416138,0.06794269,0.083961844,0.09464133,0.110660434
2027,3,GJAKOVË,Tregtia me shumice dhe pakice; Riparimi i mjeteve motorike dhe motoeikletave,0.06789328706416138,0.0661468,0.082139015,0.0928005,0.10879266
2027,4,GJAKOVË,Tregtia me shumice dhe pakice; Riparimi i mjeteve motorike dhe motoeikletave,0.06789328706416138,0.05662786,0.07247722,0.083043575,0.09889293
2027,5,GJAKOVË,Tregtia me shumice dhe pakice; Riparimi i mjeteve motorike dhe motoeikletave,0.06789328706416138,0.06451634,0.08048403,0.091129184,0.10709691
2027,6,GJAKOVË,Tregtia me shumice dhe pakice; Riparimi i mjeteve motorike dhe motoeikletave,0.06789328706416138,0.06757193,0.0835855,0.09426117,0.11027467
2027,7,GJAKOVË,Tregtia me shumice dhe pakice; Riparimi i mjeteve motorike dhe motoeikletave,0.06789328706416138,0.061299205,0.07721865,0.08783162,0.10375118
2027,8,GJAKOVË,Tregtia me shumice dhe pakice; Riparimi i mjeteve motorike dhe motoeikletave,0.06789328706416138,0.061299205,0.07721865,0.08783162,0.10375118
2027,9,GJAKOVË,Tregtia me shumice dhe pakice; Riparimi i mjeteve motorike dhe motoeikletave,0.06789328706416138,0.061872806,0.07780087,0.088419676,0.104347706
2027,10,GJAKOVË,Tregtia me shumice dhe pakice; Riparimi i mjeteve motorike dhe motoeikletave,0.06789328706416138,0.06407072,0.08003175,0.09067249,0.106633544
2027,11,GJAKOVË,Tregtia me shumice dhe pakice; Riparimi i mjeteve motorike dhe motoeikletave,0.06789328706416138,0.06706,0.08306587,0.09373641,0.1097424
2027,12,GJAKOVË,Tregtia me shumice dhe pakice; Riparimi i mjeteve motorike dhe motoeikletave,0.06789328706416138,0.12472694,0.14159775,0.15284503,0.16971588
2027,1,GJILAN,Administrimi publik dhe mbrojtja; Sigurimi social i detyrueshem,0.18820330996493306,-0.039277043,-0.024866164,-0.015258968,-0.0008481145
2027,2,GJILAN,Administrimi publik dhe mbrojtja; Sigurimi social i detyrueshem,-0.22335115214725496,-0.2478687,-0.23658675,-0.22906548,-0.21778351
2027,3,GJILAN,Administrimi publik dhe mbrojtja; Sigurimi social i detyrueshem,-0.08702410871895935,-0.23342203,-0.22192341,-0.2142576,-0.20275897
2027,4,GJILAN,Administrimi publik dhe mbrojtja; Sigurimi social i detyrueshem,-0.2681223322650428,-0.24587971,-0.23456794,-0.2270267,-0.21571493
2027,5,GJILAN,Administrimi publik dhe mbrojtja; Sigurimi social i detyrueshem,-0.10779746437970018,-0.118861265,-0.10564417,-0.09683281,-0.08361572
2027,6,GJILAN,Administrimi publik dhe mbrojtja; Sigurimi social i detyrueshem,0.3475437549841999,0.18186714,0.1995951,0.21141374,0.22914171
2027,7,GJILAN,Administrimi publik dhe mbrojtja; Sigurimi social i detyrueshem,-0.08179398635700065,-0.088265605,-0.07458961,-0.065472245,-0.051796257
2027,8,GJILAN,Administrimi publik dhe mbrojtja; Sigurimi social i detyrueshem,0.4692012766918426,0.3417664,0.36189282,0.37531054,0.395437
2027,9,GJILAN,Administrimi publik dhe mbrojtja; Sigurimi social i detyrueshem,1.2568118739730108,0.58726627,0.61107516,0.6269479,0.65075684
2027,10,GJILAN,Administrimi publik dhe mbrojtja; Sigurimi social i detyrueshem,0.5010384369956258,0.15317227,0.17046988,0.18200159,0.1992991
2027,11,GJILAN,Administrimi publik dhe mbrojtja; Sigurimi social i detyrueshem,0.6530100838484703,0.28897622,0.30831087,0.3212006,0.34053516
2027,12,GJILAN,Administrimi publik dhe mbrojtja; Sigurimi social i detyrueshem,0.23628428799368326,0.31214812,0.33183026,0.34495175,0.36463392
2027,1,GJILAN,Akomodimi dhe sherbimi ushqimor,0.25645686715666244,0.20819522,0.22631812,0.2384001,0.256523
2027,2,GJILAN,Akomodimi dhe sherbimi ushqimor,0.26715141926242414,0.25421193,0.27302504,0.28556716,0.3043803
2027,3,GJILAN,Akomodimi dhe sherbimi ushqimor,0.2046056745616073,0.20831229,0.22643697,0.23852003,0.25664473
2027,4,GJILAN,Akomodimi dhe sherbimi ushqimor,0.23972070611893012,0.25066,0.2694198,0.2819264,0.30068624
2027,5,GJILAN,Akomodimi dhe sherbimi ushqimor,0.25523848313292397,0.2888674,0.30820048,0.32108915,0.34042215
2027,6,GJILAN,Akomodimi dhe sherbimi ushqimor,0.16063065596554302,0.17395253,0.19156182,0.20330131,0.22091067
2027,7,GJILAN,Akomodimi dhe sherbimi ushqimor,0.050376238760714294,-2.7002388e-05,0.014972568,0.02497232,0.03997183
2027,8,GJILAN,Akomodimi dhe sherbimi ushqimor,0.0889630332282361,0.10368735,0.120242715,0.13127959,0.1478349
2027,9,GJILAN,Akomodimi dhe sherbimi ushqimor,0.11231183706377895,0.20263533,0.22067475,0.23270118,0.25074065
2027,10,GJILAN,Akomodimi dhe sherbimi ushqimor,0.31629149280049457,0.37939,0.4000808,0.41387475,0.43456554
2027,11,GJILAN,Akomodimi dhe sherbimi ushqimor,0.30698042004855863,0.3646782,0.3851483,0.398795,0.41926527
2027,12,GJILAN,Akomodimi dhe sherbimi ushqimor,4.9415148442371276e-05,0.06781629,0.083833456,0.09451163,0.11052883
2027,3,GJILAN,"Aktivitetet e ekonomive familjare si punedhenes; Mallrat dhe sherbimet e padiferencuara, Aktivitetet e ekonomive familjare per perdorim vetanak",1.2162090051467265,1.2897065,1.3240521,1.3469491,1.3812947
2027,6,GJILAN,"Aktivitetet e ekonomive familjare si punedhenes; Mallrat dhe sherbimet e padiferencuara, Aktivitetet e ekonomive familjare per perdorim vetanak",1.1789001388944138,1.1834972,1.2162497,1.2380846,1.2708371
2027,9,GJILAN,"Aktivitetet e ekonomive familjare si punedhenes; Mallrat dhe sherbimet e padiferencuara, Aktivitetet e ekonomive familjare per perdorim vetanak",1.3594114316487127,1.1528352,1.185128,1.2066562,1.2389486
2027,12,GJILAN,"Aktivitetet e ekonomive familjare si punedhenes; Mallrat dhe sherbimet e padiferencuara, Aktivitetet e ekonomive familjare per perdorim vetanak",1.6527837791414879,2.0,2.045,2.0749998,2.12
2027,1,GJILAN,Aktivitetet e patundshmerise,0.23920665776433472,0.24093886,0.25955296,0.2719624,0.29057646
2027,2,GJILAN,Aktivitetet e patundshmerise,0.2426159032192488,0.10422938,0.12079275,0.13183498,0.14839852
2027,3,GJILAN,Aktivitetet e patundshmerise,0.001891288740271375,0.07432337,0.09043825,0.10118151,0.11729634
2027,4,GJILAN,Aktivitetet e patundshmerise,-0.3829186176974737,-0.26286986,-0.25181288,-0.24444157,-0.23338467
2027,5,GJILAN,Aktivitetet e patundshmerise,0.3193983510151884,0.2441597,0.26282203,0.27526367,0.293926
2027,6,GJILAN,Aktivitetet e patundshmerise,0.606597432928099,0.59711534,0.62107193,0.6370431,0.6609998
2027,7,GJILAN,Aktivitetet e patundshmerise,0.3314961403142704,0.3419122,0.36204088,0.37546003,0.39558876
2027,8,GJILAN,Aktivitetet e patundshmerise,0.052315178274708204,0.0892294,0.10556781,0.116460085,0.13279843
2027,9,GJILAN,Aktivitetet e patundshmerise,0.29605921804169844,0.23242731,0.25091374,0.26323807,0.28172445
2027,10,GJILAN,Aktivitetet e patundshmerise,0.16205463742104223,0.2066946,0.22479498,0.23686194,0.25496233
2027,11,GJILAN,Aktivitetet e patundshmerise,0.6883558688935947,0.52099967,0.54381466,0.5590246,0.58183956
2027,12,GJILAN,Aktivitetet e patundshmerise,0.11940025000090515,0.22010076,0.23840225,0.2506032,0.2689047
2027,1,GJILAN,Aktivitetet e shendetit te njeriut dhe te punes sociale,0.34572039478300415,0.5762503,0.59989405,0.6156565,0.6393002
2027,2,GJILAN,Aktivitetet e shendetit te njeriut dhe te punes sociale,0.4312073069739132,0.72011447,0.7459161,0.7631173,0.788919
2027,3,GJILAN,Aktivitetet e shendetit te njeriut dhe te punes sociale,0.18078452667477274,0.15353155,0.17083454,0.18236983,0.19967282
2027,4,GJILAN,Aktivitetet e shendetit te njeriut dhe te punes sociale,0.445988544648558,0.31878456,0.3385663,0.3517542,0.3715359
2027,5,GJILAN,Aktivitetet e shendetit te njeriut dhe te punes sociale,0.2547212042706154,0.25924346,0.27813208,0.29072452,0.30961323
2027,6,GJILAN,Aktivitetet e shendetit te njeriut dhe te punes sociale,0.09006526944124989,0.21658966,0.23483849,0.24700439,0.2652532
2027,7,GJILAN,Aktivitetet e shendetit te njeriut dhe te punes sociale,0.292523507288833,0.24794303,0.26666212,0.27914155,0.29786074
2027,8,GJILAN,Aktivitetet e shendetit te njeriut dhe te punes sociale,0.12218519461409694,0.1282675,0.14519155,0.15647423,0.17339814
2027,9,GJILAN,Aktivitetet e shendetit te njeriut dhe te punes sociale,0.09419492972285211,0.14766042,0.16487527,0.1763519,0.1935668
2027,10,GJILAN,Aktivitetet e shendetit te njeriut dhe te punes sociale,0.42714655054604417,0.4385612,0.46013963,0.4745252,0.49610364
2027,11,GJILAN,Aktivitetet e shendetit te njeriut dhe te punes sociale,0.09522158097377673,0.05196295,0.06774235,0.07826197,0.09404147
2027,12,GJILAN,Aktivitetet e shendetit te njeriut dhe te punes sociale,-0.0631552253501858,0.07299839,0.08909333,0.099823356,0.11591828
2027,1,GJILAN,Aktivitetet e tjera sherbyese,0.546388276397157,0.41458791,0.43580675,0.4499526,0.4711715
2027,2,GJILAN,Aktivitetet e tjera sherbyese,-0.0862225700538119,-0.26526845,-0.2542475,-0.2469002,-0.23587918
2027,3,GJILAN,Aktivitetet e tjera sherbyese,0.4681812999826015,0.11531271,0.13204241,0.14319551,0.1599251
2027,4,GJILAN,Aktivitetet e tjera sherbyese,0.6652024098146079,0.3224445,0.3422811,0.35550547,0.37534213
2027,5,GJILAN,Aktivitetet e tjera sherbyese,-0.03225191220510783,0.03851975,0.054097533,0.06448269,0.08006048
2027,6,GJILAN,Aktivitetet e tjera sherbyese,0.07905018658045332,-0.09112269,-0.077489555,-0.0684008,-0.05476761
2027,7,GJILAN,Aktivitetet e tjera sherbyese,0.26106456369077585,0.1852374,0.20301592,0.2148683,0.23264682
2027,8,GJILAN,Aktivitetet e tjera sherbyese,0.6195672713712908,0.24384356,0.26250124,0.27493966,0.29359722
2027,9,GJILAN,Aktivitetet e tjera sherbyese,0.06692672754675534,-0.08749609,-0.07380855,-0.0646835,-0.050996006
2027,10,GJILAN,Aktivitetet e tjera sherbyese,1.2351194707623285,1.2748085,1.3089304,1.3316786,1.3658006
2027,11,GJILAN,Aktivitetet e tjera sherbyese,1.0205320263494135,1.1959461,1.2288854,1.2508447,1.2837839
2027,12,GJILAN,Aktivitetet e tjera sherbyese,0.0316962046890383,0.028641004,0.0440706,0.054356933,0.06978655
2027,1,GJILAN,Aktivitetet financiare dhe te sigurimit,0.2855261622325447,0.14397323,0.16113281,0.1725725,0.18973207
2027,2,GJILAN,Aktivitetet financiare dhe te sigurimit,1.4921988782579472,1.1961044,1.2290461,1.2510071,1.2839487
2027,3,GJILAN,Aktivitetet financiare dhe te sigurimit,2.0,2.0,2.045,2.0749998,2.12
2027,4,GJILAN,Aktivitetet financiare dhe te sigurimit,2.0,2.0,2.045,2.0749998,2.12
2027,5,GJILAN,Aktivitetet financiare dhe te sigurimit,2.0,2.0,2.045,2.0749998,2.12
2027,6,GJILAN,Aktivitetet financiare dhe te sigurimit,2.0,2.0,2.045,2.0749998,2.12
2027,7,GJILAN,Aktivitetet financiare dhe te sigurimit,2.0,2.0,2.045,2.0749998,2.12
2027,8,GJILAN,Aktivitetet financiare dhe te sigurimit,2.0,2.0,2.045,2.0749998,2.12
2027,9,GJILAN,Aktivitetet financiare dhe te sigurimit,2.0,2.0,2.045,2.0749998,2.12
2027,10,GJILAN,Aktivitetet financiare dhe te sigurimit,2.0,2.0,2.045,2.0749998,2.12
2027,11,GJILAN,Aktivitetet financiare dhe te sigurimit,2.0,2.0,2.045,2.0749998,2.12
2027,12,GJILAN,Aktivitetet financiare dhe te sigurimit,2.0,2.0,2.045,2.0749998,2.12
2027,1,GJILAN,"Aktivitetet profesionale, shkencore dhe teknike",0.28831530299204045,0.24371006,0.2623657,0.2748028,0.29345834
2027,2,GJILAN,"Aktivitetet profesionale, shkencore dhe teknike",0.20827880830746584,0.21634515,0.23459029,0.24675381,0.2649989
2027,3,GJILAN,"Aktivitetet profesionale, shkencore dhe teknike",0.03781166802704503,0.07674051,0.092891574,0.103659034,0.119810104
2027,4,GJILAN,"Aktivitetet profesionale, shkencore dhe teknike",0.23958377120032678,0.20408311,0.22214437,0.2341851,0.25224638
2027,5,GJILAN,"Aktivitetet profesionale, shkencore dhe teknike",0.15744006028378946,0.10176302,0.11828947,0.12930703,0.14583349
2027,6,GJILAN,"Aktivitetet profesionale, shkencore dhe teknike",0.01692063373739972,0.021390853,0.036711693,0.046925545,0.06224644
2027,7,GJILAN,"Aktivitetet profesionale, shkencore dhe teknike",0.09539921453112929,0.09540251,0.11183345,0.122787476,0.13921857
2027,8,GJILAN,"Aktivitetet profesionale, shkencore dhe teknike",0.09731122461360772,0.15091336,0.16817701,0.17968619,0.19694984
2027,9,GJILAN,"Aktivitetet profesionale, shkencore dhe teknike",0.055287233947807705,0.08676746,0.10306895,0.11393654,0.13023806
2027,10,GJILAN,"Aktivitetet profesionale, shkencore dhe teknike",0.09642497637515975,0.12488787,0.14176118,0.15301001,0.16988325
2027,11,GJILAN,"Aktivitetet profesionale, shkencore dhe teknike",0.08762245338833327,0.12153427,0.13835728,0.14957261,0.16639555
2027,12,GJILAN,"Aktivitetet profesionale, shkencore dhe teknike",0.006072730704343705,0.08466129,0.10093117,0.11177778,0.1280477
2027,1,GJILAN,Arsimi,0.5156952722783731,-0.025751587,-0.011137903,-0.0013954043,0.013218284
2027,2,GJILAN,Arsimi,0.5018906415705587,0.062028535,0.07795894,0.08857918,0.10450959
2027,3,GJILAN,Arsimi,0.515183951841496,0.13051622,0.14747393,0.15877903,0.17573678
2027,4,GJILAN,Arsimi,0.404707774769426,0.22069347,0.2390039,0.2512108,0.26952112
2027,5,GJILAN,Arsimi,0.40926307527760647,0.208884,0.22701728,0.23910606,0.25723934
2027,6,GJILAN,Arsimi,0.49626849015786245,0.3147996,0.33452153,0.34766948,0.36739147
2027,7,GJILAN,Arsimi,0.6857350535555685,0.6513024,0.6760719,0.6925849,0.7173544
2027,8,GJILAN,Arsimi,0.4089403955753196,0.39920378,0.42019176,0.43418384,0.45517182
2027,9,GJILAN,Arsimi,-0.0039125799886038475,-0.10102147,-0.08753681,-0.078547,-0.065062344
2027,10,GJILAN,Arsimi,0.37562873934697266,0.20258811,0.22062683,0.23265278,0.25069153
2027,11,GJILAN,Arsimi,0.5893461564073839,0.2827524,0.3019936,0.31482112,0.33406246
2027,12,GJILAN,Arsimi,-0.03174823063983717,0.030855505,0.04631841,0.056626916,0.07208967
2027,1,GJILAN,"Artet, Argetimi dhe rekreacioni",-0.03739660390217784,-0.24745767,-0.23616958,-0.22864413,-0.21735603
2027,2,GJILAN,"Artet, Argetimi dhe rekreacioni",0.6070920859541161,0.3342233,0.3542366,0.36757886,0.3875922
2027,3,GJILAN,"Artet, Argetimi dhe rekreacioni",0.8590743017856497,0.5901368,0.61398876,0.6298902,0.6537422
2027,4,GJILAN,"Artet, Argetimi dhe rekreacioni",0.5155843016576511,0.42501184,0.44638705,0.4606371,0.48201227
2027,5,GJILAN,"Artet, Argetimi dhe rekreacioni",0.9435856210829161,0.48065165,0.5028614,0.5176679,0.53987765
2027,6,GJILAN,"Artet, Argetimi dhe rekreacioni",-0.08926298939907161,-0.055686913,-0.041522205,-0.0320791,-0.017914414
2027,7,GJILAN,"Artet, Argetimi dhe rekreacioni",-0.2711421380601657,-0.12633602,-0.11323106,-0.10449445,-0.09138954
2027,8,GJILAN,"Artet, Argetimi dhe rekreacioni",-0.10280745528796512,-0.098781176,-0.085262895,-0.07625073,-0.06273246
2027,9,GJILAN,"Artet, Argetimi dhe rekreacioni",-0.44152554481095196,-0.19092143,-0.17878526,-0.17069447,-0.15855831
2027,10,GJILAN,"Artet, Argetimi dhe rekreacioni",1.4226918225913108,1.1639489,1.1964083,1.2180476,1.2505069
2027,11,GJILAN,"Artet, Argetimi dhe rekreacioni",1.8026271445895963,1.701499,1.7420213,1.7690363,1.8095589
2027,12,GJILAN,"Artet, Argetimi dhe rekreacioni",0.8933318191468822,0.7667151,0.79321575,0.8108829,0.8373836
2027,1,GJILAN,Bujqesia;Pylltaria dhe Peshkimi,0.6263479846277183,0.1915525,0.2094258,0.22134125,0.23921454
2027,2,GJILAN,Bujqesia;Pylltaria dhe Peshkimi,0.21717535049012318,0.17609681,0.19373822,0.20549917,0.2231406
2027,3,GJILAN,Bujqesia;Pylltaria dhe Peshkimi,0.2624575313141182,0.08282296,0.099065304,0.10989344,0.12613583
2027,4,GJILAN,Bujqesia;Pylltaria dhe Peshkimi,1.4848935607480918,1.5143683,1.5520837,1.5772274,1.614943
2027,5,GJILAN,Bujqesia;Pylltaria dhe Peshkimi,1.2065501757328523,0.6155091,0.63974166,0.65589666,0.6801293
2027,6,GJILAN,Bujqesia;Pylltaria dhe Peshkimi,1.3671849308401915,0.88483834,0.91311085,0.9319593,0.9602318
2027,7,GJILAN,Bujqesia;Pylltaria dhe Peshkimi,1.2158608729700218,1.2609118,1.2948256,1.3174348,1.3513484
2027,8,GJILAN,Bujqesia;Pylltaria dhe Peshkimi,0.9565949575400271,0.98739976,1.0172107,1.0370848,1.0668957
2027,9,GJILAN,Bujqesia;Pylltaria dhe Peshkimi,0.8324243528078004,0.6768773,0.7020304,0.7187991,0.7439523
2027,10,GJILAN,Bujqesia;Pylltaria dhe Peshkimi,1.1254839524972733,0.8680619,0.89608276,0.91476345,0.9427843
2027,11,GJILAN,Bujqesia;Pylltaria dhe Peshkimi,0.409939685705009,0.29137778,0.31074846,0.32366216,0.34303284
2027,12,GJILAN,Bujqesia;Pylltaria dhe Peshkimi,-0.025542856593893236,0.10176428,0.11829078,0.12930846,0.1458348
2027,1,GJILAN,"Furnizimi me rryme, gaz, avull dhe ajer te kondicionuar",0.09174562159553058,-0.12708038,-0.11398661,-0.10525739,-0.09216362
2027,2,GJILAN,"Furnizimi me rryme, gaz, avull dhe ajer te kondicionuar",0.13697995318005007,-0.013459576,0.0013384819,0.011203885,0.02600205
2027,3,GJILAN,"Furnizimi me rryme, gaz, avull dhe ajer te kondicionuar",-0.05327588884312826,-0.038975056,-0.024559677,-0.014949441,-0.0005341172
2027,4,GJILAN,"Furnizimi me rryme, gaz, avull dhe ajer te kondicionuar",0.1728712088078714,0.041630935,0.057255387,0.067671776,0.08329618
2027,5,GJILAN,"Furnizimi me rryme, gaz, avull dhe ajer te kondicionuar",0.19009670272147566,0.09338125,0.10978198,0.12071574,0.13711655
2027,6,GJILAN,"Furnizimi me rryme, gaz, avull dhe ajer te kondicionuar",0.45623235017222896,0.80161625,0.82864046,0.84665656,0.87368083
2027,7,GJILAN,"Furnizimi me rryme, gaz, avull dhe ajer te kondicionuar",0.17098064078106287,0.13940723,0.15649831,0.16789246,0.18498349
2027,8,GJILAN,"Furnizimi me rryme, gaz, avull dhe ajer te kondicionuar",0.16392992284623975,0.13360181,0.1506058,0.16194177,0.17894578
2027,9,GJILAN,"Furnizimi me rryme, gaz, avull dhe ajer te kondicionuar",0.20962405002562887,0.2119431,0.23012233,0.24224174,0.2604208
2027,10,GJILAN,"Furnizimi me rryme, gaz, avull dhe ajer te kondicionuar",-0.00021772060262303993,-0.04036456,-0.025970042,-0.016373694,-0.0019791722
2027,11,GJILAN,"Furnizimi me rryme, gaz, avull dhe ajer te kondicionuar",0.0513037752371723,-0.07144099,-0.05751264,-0.048227012,-0.03429866
2027,12,GJILAN,"Furnizimi me rryme, gaz, avull dhe ajer te kondicionuar",0.15148078007874646,0.1440081,0.16116822,0.17260838,0.18976843
2027,1,GJILAN,Furnizimi me uje; Kanalizimi; Aktivitetet e menaxhimit dhe te trajtimit te mbeturinave,0.08226320388664632,0.050660506,0.066420436,0.07692695,0.09268689
2027,2,GJILAN,Furnizimi me uje; Kanalizimi; Aktivitetet e menaxhimit dhe te trajtimit te mbeturinave,0.09051494241161805,0.0968472,0.11329985,0.12426829,0.14072096
2027,3,GJILAN,Furnizimi me uje; Kanalizimi; Aktivitetet e menaxhimit dhe te trajtimit te mbeturinave,0.08817515826232922,0.054113932,0.069925666,0.08046687,0.09627855
2027,4,GJILAN,Furnizimi me uje; Kanalizimi; Aktivitetet e menaxhimit dhe te trajtimit te mbeturinave,0.06224292131735653,0.055297673,0.07112706,0.08168006,0.0975095
2027,5,GJILAN,Furnizimi me uje; Kanalizimi; Aktivitetet e menaxhimit dhe te trajtimit te mbeturinave,0.07622859254415738,0.07704628,0.093201995,0.103972435,0.120128036
2027,6,GJILAN,Furnizimi me uje; Kanalizimi; Aktivitetet e menaxhimit dhe te trajtimit te mbeturinave,-0.10661096816049351,-0.04986129,-0.035609245,-0.026107848,-0.011855781
2027,7,GJILAN,Furnizimi me uje; Kanalizimi; Aktivitetet e menaxhimit dhe te trajtimit te mbeturinave,0.11657646762368769,0.14702122,0.16422653,0.17569673,0.19290197
2027,8,GJILAN,Furnizimi me uje; Kanalizimi; Aktivitetet e menaxhimit dhe te trajtimit te mbeturinave,0.20467804871659195,0.1304853,0.14744258,0.15874743,0.17570472
2027,9,GJILAN,Furnizimi me uje; Kanalizimi; Aktivitetet e menaxhimit dhe te trajtimit te mbeturinave,0.29138627887494156,0.22449148,0.24285889,0.2551037,0.27347112
2027,10,GJILAN,Furnizimi me uje; Kanalizimi; Aktivitetet e menaxhimit dhe te trajtimit te mbeturinave,0.2612182292372122,0.1288053,0.14573729,0.15702534,0.17395747
2027,11,GJILAN,Furnizimi me uje; Kanalizimi; Aktivitetet e menaxhimit dhe te trajtimit te mbeturinave,0.44718856529284956,0.15643454,0.17378104,0.18534541,0.20269191
2027,12,GJILAN,Furnizimi me uje; Kanalizimi; Aktivitetet e menaxhimit dhe te trajtimit te mbeturinave,0.2417804945653154,0.24857831,0.26730692,0.2797928,0.2985214
2027,1,GJILAN,Industria nxjerrese,0.20117168914322517,-0.007633579,0.0072518587,0.017175555,0.0320611
2027,2,GJILAN,Industria nxjerrese,0.1713824941773993,-0.24694592,-0.23565012,-0.22811961,-0.21682376
2027,3,GJILAN,Industria nxjerrese,-0.23339336875957054,-0.32849485,-0.31842226,-0.31170726,-0.30163467
2027,4,GJILAN,Industria nxjerrese,-0.6423440357870828,-0.58693194,-0.5807359,-0.57660526,-0.57040924
2027,5,GJILAN,Industria nxjerrese,-0.6155258751552636,-0.633555,-0.6280583,-0.6243939,-0.6188972
2027,6,GJILAN,Industria nxjerrese,-0.3876016011854075,-0.6148118,-0.60903394,-0.60518205,-0.5994043
2027,7,GJILAN,Industria nxjerrese,-0.5326401335070411,-0.8428984,-0.8405419,-0.8389709,-0.8366144
2027,8,GJILAN,Industria nxjerrese,-0.5382195504474706,-0.7204897,-0.71629703,-0.71350193,-0.7093093
2027,9,GJILAN,Industria nxjerrese,-0.6466328136589672,-0.88013536,-0.8783374,-0.87713873,-0.87534076
2027,10,GJILAN,Industria nxjerrese,-0.4706104152581321,-0.84318733,-0.84083515,-0.839267,-0.83691484
2027,11,GJILAN,Industria nxjerrese,-0.7178958809693238,-0.8782612,-0.87643516,-0.87521774,-0.8733916
2027,12,GJILAN,Industria nxjerrese,-0.44612374350235473,-0.4459368,-0.43762589,-0.43208522,-0.4237743
2027,1,GJILAN,Industria perpunuese,0.07098846413584058,0.12461679,0.14148593,0.15273213,0.16960132
2027,2,GJILAN,Industria perpunuese,0.06789328706416138,0.10269952,0.119240046,0.13026702,0.14680743
2027,3,GJILAN,Industria perpunuese,0.06789328706416138,0.09907442,0.11556041,0.12655115,0.14303732
2027,4,GJILAN,Industria perpunuese,0.06789328706416138,0.097946495,0.114415765,0.12539518,0.1418643
2027,5,GJILAN,Industria perpunuese,0.06789328706416138,0.10049958,0.11700714,0.12801206,0.14451957
2027,6,GJILAN,Industria perpunuese,0.06789328706416138,0.10583502,0.12242246,0.13348079,0.15006828
2027,7,GJILAN,Industria perpunuese,0.06789328706416138,0.09728243,0.11374164,0.124714494,0.14117372
2027,8,GJILAN,Industria perpunuese,0.06789328706416138,0.09728243,0.11374164,0.124714494,0.14117372
2027,9,GJILAN,Industria perpunuese,0.06789328706416138,0.09480044,0.111222506,0.12217045,0.13859248
2027,10,GJILAN,Industria perpunuese,0.06789328706416138,0.09577197,0.112208605,0.12316632,0.1396029
2027,11,GJILAN,Industria perpunuese,0.06789328706416138,0.10181684,0.11834419,0.12936234,0.14588952
2027,12,GJILAN,Industria perpunuese,0.06789328706416138,0.1572159,0.17457402,0.18614626,0.20350444
2027,1,GJILAN,Informimi dhe komunikimi,0.23634152366901315,0.115660384,0.13239527,0.14355195,0.16028678
2027,2,GJILAN,Informimi dhe komunikimi,0.2650347464408477,0.2867629,0.30606437,0.31893194,0.33823347
2027,3,GJILAN,Informimi dhe komunikimi,0.1363235045119091,0.14398797,0.16114783,0.17258763,0.18974745
2027,4,GJILAN,Informimi dhe komunikimi,0.2385592608805258,0.32896802,0.34890258,0.36219227,0.3821267
2027,5,GJILAN,Informimi dhe komunikimi,0.21939971595000193,0.2654098,0.28439093,0.297045,0.3160262
2027,6,GJILAN,Informimi dhe komunikimi,0.21838352219605403,0.28848252,0.3078097,0.32069457,0.34002185
2027,7,GJILAN,Informimi dhe komunikimi,0.14373659920582155,0.14626858,0.16346264,0.17492533,0.19211936
2027,8,GJILAN,Informimi dhe komunikimi,0.2534689632313576,0.23676418,0.25531566,0.26768327,0.28623474
2027,9,GJILAN,Informimi dhe komunikimi,0.17657423780058631,0.21191305,0.23009181,0.24221087,0.26038957
2027,10,GJILAN,Informimi dhe komunikimi,0.04685658626306935,0.059938725,0.07583773,0.086437106,0.10233617
2027,11,GJILAN,Informimi dhe komunikimi,0.24945772994701598,0.2540587,0.2728696,0.28541017,0.30422103
2027,12,GJILAN,Informimi dhe komunikimi,0.02702563582092753,0.1208809,0.137694,0.1489029,0.16571605
2027,12,GJILAN,Mungon aktiviteti,-0.37118609458716456,-0.27671733,-0.26586807,-0.25863528,-0.24778605
2027,1,GJILAN,Ndertimtaria,0.09264762067551763,0.19547062,0.21340263,0.2253573,0.24328935
2027,2,GJILAN,Ndertimtaria,0.06844113842095496,0.09507094,0.111497045,0.12244773,0.1388737
2027,3,GJILAN,Ndertimtaria,0.07081036041248985,0.14157745,0.15870118,0.1701169,0.18724048
2027,4,GJILAN,Ndertimtaria,0.06912157816275476,0.11915074,0.13593805,0.14712954,0.1639167
2027,5,GJILAN,Ndertimtaria,0.06912157816275476,0.1360148,0.15305507,0.16441512,0.18145537
2027,6,GJILAN,Ndertimtaria,0.07217295071184435,0.17543773,0.19306922,0.20482361,0.22245514
2027,7,GJILAN,Ndertimtaria,0.06844113842095496,0.10266877,0.11920881,0.13023543,0.14677548
2027,8,GJILAN,Ndertimtaria,0.06789328706416138,0.09052748,0.10688543,0.1177907,0.1341486
2027,9,GJILAN,Ndertimtaria,0.06828689348876345,0.14932987,0.16656983,0.17806315,0.19530308
2027,10,GJILAN,Ndertimtaria,0.06789328706416138,0.10038031,0.11688602,0.12788975,0.14439547
2027,11,GJILAN,Ndertimtaria,0.06863058251048915,0.12850662,0.14543426,0.15671933,0.17364693
2027,12,GJILAN,Ndertimtaria,0.06723222324222118,0.17035033,0.18790555,0.19960904,0.21716428
2027,1,GJILAN,Person Fizik,0.2560866954779391,-0.38522667,-0.37600505,-0.36985737,-0.36063576
2027,2,GJILAN,Person Fizik,1.634883650880054,0.2952501,0.3146788,0.32763124,0.34705997
2027,3,GJILAN,Person Fizik,0.6531477779954459,0.31064895,0.33030868,0.34341514,0.36307478
2027,4,GJILAN,Person Fizik,0.0866306591394638,-0.17747965,-0.16514182,-0.15691662,-0.14457881
2027,5,GJILAN,Person Fizik,0.17246063537838682,-0.12255036,-0.10938865,-0.10061413,-0.08745241
2027,6,GJILAN,Person Fizik,0.35239586505632964,-0.21229817,-0.20048267,-0.19260561,-0.18079013
2027,7,GJILAN,Person Fizik,-0.5707842195191554,-0.6419743,-0.6366039,-0.6330236,-0.62765324
2027,8,GJILAN,Person Fizik,-0.565341838291647,-0.7641878,-0.76065063,-0.7582925,-0.7547553
2027,9,GJILAN,Person Fizik,-0.7417539698551431,-0.72484475,-0.72071743,-0.71796584,-0.7138386
2027,10,GJILAN,Person Fizik,1.3325125967931963,1.3155547,1.3502879,1.3734434,1.4081767
2027,11,GJILAN,Person Fizik,1.3993607402890054,0.8773241,0.90548396,0.92425716,0.952417
2027,12,GJILAN,Person Fizik,-0.3185782570892968,-0.38143033,-0.3721518,-0.36596608,-0.35668755
2027,1,GJILAN,Sherbimet administrative dhe mbeshtetese,0.5226037784957458,0.5032222,0.52577055,0.5408027,0.56335104
2027,2,GJILAN,Sherbimet administrative dhe mbeshtetese,0.5869208624067467,0.68132126,0.70654106,0.7233542,0.748574
2027,3,GJILAN,Sherbimet administrative dhe mbeshtetese,0.10770200250405028,0.07736441,0.09352493,0.10429847,0.12045896
2027,4,GJILAN,Sherbimet administrative dhe mbeshtetese,0.1268382772332168,0.034713995,0.050234675,0.060581803,0.076102495
2027,5,GJILAN,Sherbimet administrative dhe mbeshtetese,0.13718675188769763,0.12686907,0.14377213,0.15504074,0.17194378
2027,6,GJILAN,Sherbimet administrative dhe mbeshtetese,0.150033931256762,0.16481318,0.18228531,0.19393349,0.21140563
2027,7,GJILAN,Sherbimet administrative dhe mbeshtetese,0.1448430950358328,0.104326166,0.120890975,0.13193429,0.14849913
2027,8,GJILAN,Sherbimet administrative dhe mbeshtetese,0.25422242070364803,0.21480392,0.23302603,0.24517405,0.26339602
2027,9,GJILAN,Sherbimet administrative dhe mbeshtetese,0.946961634906691,0.7079264,0.7335453,0.75062454,0.7762433
2027,10,GJILAN,Sherbimet administrative dhe mbeshtetese,1.470074904173321,0.9299679,0.9589174,0.978217,1.0071666
2027,11,GJILAN,Sherbimet administrative dhe mbeshtetese,1.2028533525778295,0.65363127,0.6784357,0.6949719,0.7197764
2027,12,GJILAN,Sherbimet administrative dhe mbeshtetese,0.026932580512171806,0.11790884,0.13467741,0.1458565,0.1626252
2027,1,GJILAN,Transporti dhe magazinimi,0.07941174731835957,0.0038734926,0.018931508,0.028970242,0.0440284
2027,2,GJILAN,Transporti dhe magazinimi,0.10413623270743812,0.08812626,0.1044482,0.115329385,0.13165128
2027,3,GJILAN,Transporti dhe magazinimi,0.3135963500656564,0.43126938,0.4527384,0.46705115,0.48852015
2027,4,GJILAN,Transporti dhe magazinimi,1.0792818411344554,0.8495192,0.877262,0.8957572,0.92349994
2027,5,GJILAN,Transporti dhe magazinimi,1.037351205402535,0.85890645,0.88679004,0.9053792,0.9332627
2027,6,GJILAN,Transporti dhe magazinimi,0.8567740874584221,0.73977226,0.7658689,0.78326654,0.8093631
2027,7,GJILAN,Transporti dhe magazinimi,0.05947129519762682,-0.0056917607,0.009222865,0.019165874,0.034080505
2027,8,GJILAN,Transporti dhe magazinimi,0.0877862447335543,0.064912245,0.08088589,0.09153497,0.10750866
2027,9,GJILAN,Transporti dhe magazinimi,1.3125114287718114,1.5174022,1.5551631,1.580337,1.6180983
2027,10,GJILAN,Transporti dhe magazinimi,0.38932256083150757,0.65014887,0.6749011,0.69140255,0.7161548
2027,11,GJILAN,Transporti dhe magazinimi,0.14212161605472196,0.44675115,0.46845233,0.4829198,0.50462115
2027,12,GJILAN,Transporti dhe magazinimi,-0.01892229113727038,0.03036869,0.04582417,0.056127906,0.07158339
2027,1,GJILAN,Tregtia me shumice dhe pakice; Riparimi i mjeteve motorike dhe motoeikletave,0.07098846413584058,0.08640297,0.10269904,0.11356306,0.12985909
2027,2,GJILAN,Tregtia me shumice dhe pakice; Riparimi i mjeteve motorike dhe motoeikletave,0.06789328706416138,0.06523825,0.08121681,0.091869116,0.10784769
2027,3,GJILAN,Tregtia me shumice dhe pakice; Riparimi i mjeteve motorike dhe motoeikletave,0.06789328706416138,0.06572222,0.08170807,0.092365265,0.10835111
2027,4,GJILAN,Tregtia me shumice dhe pakice; Riparimi i mjeteve motorike dhe motoeikletave,0.06789328706416138,0.059258852,0.07514763,0.08574021,0.10162914
2027,5,GJILAN,Tregtia me shumice dhe pakice; Riparimi i mjeteve motorike dhe motoeikletave,0.06789328706416138,0.06714735,0.08315456,0.093826056,0.10983324
2027,6,GJILAN,Tregtia me shumice dhe pakice; Riparimi i mjeteve motorike dhe motoeikletave,0.06789328706416138,0.06714735,0.08315456,0.093826056,0.10983324
2027,7,GJILAN,Tregtia me shumice dhe pakice; Riparimi i mjeteve motorike dhe motoeikletave,0.06789328706416138,0.063930206,0.07988906,0.09052837,0.106487274
2027,8,GJILAN,Tregtia me shumice dhe pakice; Riparimi i mjeteve motorike dhe motoeikletave,0.06789328706416138,0.063930206,0.07988906,0.09052837,0.106487274
2027,9,GJILAN,Tregtia me shumice dhe pakice; Riparimi i mjeteve motorike dhe motoeikletave,0.06789328706416138,0.061448228,0.07736993,0.08798444,0.103906155
2027,10,GJILAN,Tregtia me shumice dhe pakice; Riparimi i mjeteve motorike dhe motoeikletave,0.06789328706416138,0.06364614,0.07960081,0.09023726,0.10619187
2027,11,GJILAN,Tregtia me shumice dhe pakice; Riparimi i mjeteve motorike dhe motoeikletave,0.06789328706416138,0.06969101,0.085736394,0.09643328,0.112478614
2027,12,GJILAN,Tregtia me shumice dhe pakice; Riparimi i mjeteve motorike dhe motoeikletave,0.06789328706416138,0.12430232,0.1411668,0.15240979,0.16927433
2027,1,GLLOGOC,Akomodimi dhe sherbimi ushqimor,0.2271101652550956,0.1387541,0.15583539,0.16722298,0.18430424
2027,2,GLLOGOC,Akomodimi dhe sherbimi ushqimor,0.758599190461962,0.31435308,0.33406842,0.34721196,0.36692715
2027,3,GLLOGOC,Akomodimi dhe sherbimi ushqimor,0.07190944061520045,0.0768781,0.09303117,0.10379994,0.119953156
2027,4,GLLOGOC,Akomodimi dhe sherbimi ushqimor,0.48174460514794065,0.6942154,0.7196286,0.7365707,0.761984
2027,5,GLLOGOC,Akomodimi dhe sherbimi ushqimor,0.5697269462484472,0.48719645,0.5095043,0.5243763,0.54668427
2027,6,GLLOGOC,Akomodimi dhe sherbimi ushqimor,0.07229732349855418,0.14790352,0.16512215,0.17660117,0.19381964
2027,7,GLLOGOC,Akomodimi dhe sherbimi ushqimor,0.34888016557256724,0.407221,0.42832923,0.4424014,0.4635098
2027,8,GLLOGOC,Akomodimi dhe sherbimi ushqimor,0.1920818887956871,0.2324978,0.25098526,0.2633102,0.28179765
2027,9,GLLOGOC,Akomodimi dhe sherbimi ushqimor,0.599543771257412,0.5376998,0.56076527,0.5761423,0.59920776
2027,10,GLLOGOC,Akomodimi dhe sherbimi ushqimor,1.5572199535070865,1.1416359,1.1737604,1.1951768,1.2273014
2027,11,GLLOGOC,Akomodimi dhe sherbimi ushqimor,1.0813555749605603,0.8004641,0.82747114,0.8454757,0.87248266
2027,12,GLLOGOC,Akomodimi dhe sherbimi ushqimor,0.12138700506203648,0.18465476,0.20242453,0.21427107,0.23204088
2027,3,GLLOGOC,Aktivitetet e patundshmerise,0.5308592044136807,0.6010168,0.62503195,0.6410421,0.6650574
2027,6,GLLOGOC,Aktivitetet e patundshmerise,-0.01174439308169074,-0.24902414,-0.23775953,-0.23024976,-0.21898514
2027,9,GLLOGOC,Aktivitetet e patundshmerise,-0.042253926844852456,-0.3821265,-0.3728584,-0.36667967,-0.35741162
2027,12,GLLOGOC,Aktivitetet e patundshmerise,0.23919876321366948,0.19740307,0.2153641,0.22733808,0.2452991
2027,1,GLLOGOC,Aktivitetet e shendetit te njeriut dhe te punes sociale,0.16484969531234026,-0.02137126,-0.0066918135,0.0030944347,0.017773867
2027,2,GLLOGOC,Aktivitetet e shendetit te njeriut dhe te punes sociale,0.7638294642958187,0.18723644,0.20504498,0.21691728,0.23472583
2027,3,GLLOGOC,Aktivitetet e shendetit te njeriut dhe te punes sociale,0.2656412029543408,0.07104545,0.087111115,0.097821474,0.11388719
2027,4,GLLOGOC,Aktivitetet e shendetit te njeriut dhe te punes sociale,0.11422179798079758,0.11961614,0.13641036,0.14760649,0.1644007
2027,5,GLLOGOC,Aktivitetet e shendetit te njeriut dhe te punes sociale,0.03186413375082575,0.02378132,0.03913796,0.049375772,0.06473255
2027,6,GLLOGOC,Aktivitetet e shendetit te njeriut dhe te punes sociale,0.12393263383259966,0.08573382,0.10201979,0.11287713,0.12916303
2027,7,GLLOGOC,Aktivitetet e shendetit te njeriut dhe te punes sociale,0.0515556406694718,0.1083828,0.12500858,0.13609242,0.15271807
2027,8,GLLOGOC,Aktivitetet e shendetit te njeriut dhe te punes sociale,-0.17851632295638184,-0.16331288,-0.15076262,-0.14239573,-0.12984544
2027,9,GLLOGOC,Aktivitetet e shendetit te njeriut dhe te punes sociale,0.3112401806322381,0.22893415,0.24736822,0.2596575,0.27809143
2027,10,GLLOGOC,Aktivitetet e shendetit te njeriut dhe te punes sociale,0.5579687071780635,0.2463825,0.2650782,0.277542,0.2962377
2027,11,GLLOGOC,Aktivitetet e shendetit te njeriut dhe te punes sociale,0.7533852276503343,0.41303384,0.43422937,0.4483596,0.46955514
2027,12,GLLOGOC,Aktivitetet e shendetit te njeriut dhe te punes sociale,-0.21899219458613647,-0.0020835535,0.012885213,0.022864342,0.037833095
2027,1,GLLOGOC,Aktivitetet e tjera sherbyese,2.0,2.0,2.045,2.0749998,2.12
2027,2,GLLOGOC,Aktivitetet e tjera sherbyese,0.9102590556580195,0.479877,0.5020751,0.51687384,0.53907204
2027,3,GLLOGOC,Aktivitetet e tjera sherbyese,0.1849024020885772,0.020293131,0.035597444,0.045800447,0.061104774
2027,4,GLLOGOC,Aktivitetet e tjera sherbyese,0.40226452003601393,0.35000774,0.37025785,0.38375795,0.40400803
2027,5,GLLOGOC,Aktivitetet e tjera sherbyese,0.20679566194220364,0.4534436,0.47524512,0.4897796,0.5115812
2027,6,GLLOGOC,Aktivitetet e tjera sherbyese,0.07544612188491809,0.04421351,0.05987668,0.07031882,0.085982084
2027,7,GLLOGOC,Aktivitetet e tjera sherbyese,0.43222233479881966,0.63962454,0.6642189,0.6806152,0.7052095
2027,8,GLLOGOC,Aktivitetet e tjera sherbyese,0.4712507790199346,0.6854733,0.71075535,0.7276101,0.75289214
2027,9,GLLOGOC,Aktivitetet e tjera sherbyese,-0.034935979423059024,-0.11417227,-0.100884855,-0.09202659,-0.078739226
2027,10,GLLOGOC,Aktivitetet e tjera sherbyese,0.6693528913062532,0.868434,0.8964604,0.9151448,0.94317126
2027,11,GLLOGOC,Aktivitetet e tjera sherbyese,0.2713301406687746,0.127229,0.14413738,0.1554097,0.1723181
2027,12,GLLOGOC,Aktivitetet e tjera sherbyese,0.024003166523844557,0.16565236,0.18313718,0.1947937,0.21227849
2027,3,GLLOGOC,Aktivitetet financiare dhe te sigurimit,0.5819575916696826,0.7380933,0.7641648,0.78154564,0.80761707
2027,6,GLLOGOC,Aktivitetet financiare dhe te sigurimit,0.4256193170279395,0.34471357,0.36488426,0.37833142,0.3985021
2027,9,GLLOGOC,Aktivitetet financiare dhe te sigurimit,0.6110376656674845,0.48669058,0.5089909,0.5238577,0.5461581
2027,12,GLLOGOC,Aktivitetet financiare dhe te sigurimit,0.15160391853092806,0.19074887,0.20861018,0.22051764,0.23837888
2027,1,GLLOGOC,"Aktivitetet profesionale, shkencore dhe teknike",1.1276025911002214,0.7688478,0.7953805,0.813069,0.83960164
2027,2,GLLOGOC,"Aktivitetet profesionale, shkencore dhe teknike",1.0443879683121533,0.72694236,0.75284636,0.77011585,0.7960199
2027,3,GLLOGOC,"Aktivitetet profesionale, shkencore dhe teknike",1.2736258332164916,0.99226177,1.0221457,1.0420682,1.0719521
2027,4,GLLOGOC,"Aktivitetet profesionale, shkencore dhe teknike",1.4118512830634307,1.0973479,1.128808,1.1497815,1.1812415
2027,5,GLLOGOC,"Aktivitetet profesionale, shkencore dhe teknike",1.1719854310827011,1.0487337,1.0794647,1.099952,1.130683
2027,6,GLLOGOC,"Aktivitetet profesionale, shkencore dhe teknike",0.6964000311660615,0.7248817,0.75075483,0.7680037,0.7938769
2027,7,GLLOGOC,"Aktivitetet profesionale, shkencore dhe teknike",0.335000804725898,0.36767402,0.38818908,0.40186584,0.42238092
2027,8,GLLOGOC,"Aktivitetet profesionale, shkencore dhe teknike",0.3947610856987139,0.3776304,0.39829493,0.41207123,0.43273568
2027,9,GLLOGOC,"Aktivitetet profesionale, shkencore dhe teknike",-0.04804600454724295,-0.075423226,-0.06155461,-0.052308857,-0.038440228
2027,10,GLLOGOC,"Aktivitetet profesionale, shkencore dhe teknike",0.2638633204151191,0.22461104,0.24298024,0.25522625,0.27359545
2027,11,GLLOGOC,"Aktivitetet profesionale, shkencore dhe teknike",0.960940222713115,0.45734763,0.47920787,0.49378133,0.51564145
2027,12,GLLOGOC,"Aktivitetet profesionale, shkencore dhe teknike",-0.11406029534806737,0.04107802,0.05669415,0.067104936,0.082720995
2027,1,GLLOGOC,Arsimi,0.5500387706166059,0.36956695,0.39011037,0.4038061,0.42434955
2027,2,GLLOGOC,Arsimi,1.5466857352615981,1.2935822,1.327986,1.3509216,1.3853254
2027,3,GLLOGOC,Arsimi,0.3257954507539982,0.20888919,0.22702253,0.23911142,0.25724483
2027,4,GLLOGOC,Arsimi,0.7803966169619461,0.9763177,1.0059624,1.0257256,1.0553703
2027,5,GLLOGOC,Arsimi,2.0,2.0,2.045,2.0749998,2.12
2027,6,GLLOGOC,Arsimi,1.1569302518357885,0.8878234,0.9161407,0.9350189,0.9633362
2027,7,GLLOGOC,Arsimi,1.7518780545034387,1.8873528,1.9306631,1.9595368,2.002847
2027,8,GLLOGOC,Arsimi,0.9321460573904607,1.1331066,1.1651032,1.1864343,1.218431
2027,9,GLLOGOC,Arsimi,0.25587457823828746,0.19287112,0.21076417,0.22269285,0.24058592
2027,10,GLLOGOC,Arsimi,0.9821372574534525,1.1467317,1.1789329,1.2004001,1.2326009
2027,11,GLLOGOC,Arsimi,0.3126610080401919,0.22113049,0.23944747,0.25165868,0.26997566
2027,12,GLLOGOC,Arsimi,-0.2900240867786074,-0.16826627,-0.15579033,-0.14747298,-0.13499695
2027,1,GLLOGOC,"Artet, Argetimi dhe rekreacioni",2.0,1.529588,1.5675318,1.5928276,1.6307714
2027,2,GLLOGOC,"Artet, Argetimi dhe rekreacioni",0.2545545690189787,0.16457611,0.18204463,0.19369042,0.21115911
2027,3,GLLOGOC,"Artet, Argetimi dhe rekreacioni",1.9611064323392686,1.6468692,1.6865721,1.7130408,1.752744
2027,4,GLLOGOC,"Artet, Argetimi dhe rekreacioni",-0.1492461265911765,-0.2828781,-0.2721213,-0.2649501,-0.25419325
2027,5,GLLOGOC,"Artet, Argetimi dhe rekreacioni",2.0,2.0,2.045,2.0749998,2.12
2027,6,GLLOGOC,"Artet, Argetimi dhe rekreacioni",2.0,2.0,2.045,2.0749998,2.12
2027,7,GLLOGOC,"Artet, Argetimi dhe rekreacioni",-0.20612769280819465,-0.043356173,-0.02900654,-0.019440114,-0.005090475
2027,8,GLLOGOC,"Artet, Argetimi dhe rekreacioni",-0.12569135768458015,-0.05294882,-0.03874308,-0.029272556,-0.0150668025
2027,9,GLLOGOC,"Artet, Argetimi dhe rekreacioni",1.5035948777916073,1.3780354,1.4137061,1.4374864,1.4731569
2027,10,GLLOGOC,"Artet, Argetimi dhe rekreacioni",2.0,2.0,2.045,2.0749998,2.12
2027,11,GLLOGOC,"Artet, Argetimi dhe rekreacioni",-0.15667895045514796,-0.5797984,-0.5734954,-0.5692934,-0.5629903
2027,12,GLLOGOC,"Artet, Argetimi dhe rekreacioni",0.03427324560331887,0.09460944,0.11102867,0.12197471,0.13839388
2027,1,GLLOGOC,Bujqesia;Pylltaria dhe Peshkimi,0.4248454134899074,0.114837535,0.13156009,0.14270842,0.15943098
2027,2,GLLOGOC,Bujqesia;Pylltaria dhe Peshkimi,0.4213643886918284,0.4006191,0.42162824,0.4356345,0.4566437
2027,3,GLLOGOC,Bujqesia;Pylltaria dhe Peshkimi,0.6419320824749372,0.7455541,0.77173734,0.7891929,0.81537616
2027,4,GLLOGOC,Bujqesia;Pylltaria dhe Peshkimi,0.3219952759588327,0.42347032,0.4448223,0.45905697,0.48040903
2027,5,GLLOGOC,Bujqesia;Pylltaria dhe Peshkimi,1.080064237711619,1.0512261,1.0819945,1.1025066,1.133275
2027,6,GLLOGOC,Bujqesia;Pylltaria dhe Peshkimi,-0.0015431612643696808,-0.015367396,-0.0005978942,0.009248376,0.02401793
2027,7,GLLOGOC,Bujqesia;Pylltaria dhe Peshkimi,0.33372853849406314,0.22329521,0.24164462,0.25387752,0.27222693
2027,8,GLLOGOC,Bujqesia;Pylltaria dhe Peshkimi,-0.44994986392122494,-0.42615977,-0.41755217,-0.41181374,-0.40320617
2027,9,GLLOGOC,Bujqesia;Pylltaria dhe Peshkimi,0.2978693794524553,0.16945644,0.18699837,0.19869292,0.21623468
2027,10,GLLOGOC,Bujqesia;Pylltaria dhe Peshkimi,1.3428011487858067,0.70947593,0.73511815,0.7522129,0.7778549
2027,11,GLLOGOC,Bujqesia;Pylltaria dhe Peshkimi,0.6011988825127675,0.7247249,0.7505957,0.767843,0.7937138
2027,12,GLLOGOC,Bujqesia;Pylltaria dhe Peshkimi,0.3246520944661086,0.53273183,0.5557227,0.57105005,0.594041
2027,1,GLLOGOC,Furnizimi me uje; Kanalizimi; Aktivitetet e menaxhimit dhe te trajtimit te mbeturinave,0.036821377256957596,-0.20567092,-0.19375604,-0.18581277,-0.1738978
2027,2,GLLOGOC,Furnizimi me uje; Kanalizimi; Aktivitetet e menaxhimit dhe te trajtimit te mbeturinave,0.16894151353135228,0.07449151,0.090608835,0.101353765,0.1174711
2027,3,GLLOGOC,Furnizimi me uje; Kanalizimi; Aktivitetet e menaxhimit dhe te trajtimit te mbeturinave,0.4462622460634018,0.366238,0.3867315,0.40039396,0.42088747
2027,4,GLLOGOC,Furnizimi me uje; Kanalizimi; Aktivitetet e menaxhimit dhe te trajtimit te mbeturinave,0.24541950896575065,0.2855089,0.30479145,0.3176465,0.3369292
2027,5,GLLOGOC,Furnizimi me uje; Kanalizimi; Aktivitetet e menaxhimit dhe te trajtimit te mbeturinave,0.13498967022631672,0.10557096,0.122154474,0.13321018,0.14979374
2027,6,GLLOGOC,Furnizimi me uje; Kanalizimi; Aktivitetet e menaxhimit dhe te trajtimit te mbeturinave,0.14955211887615633,0.13136739,0.14833796,0.15965164,0.17662215
2027,7,GLLOGOC,Furnizimi me uje; Kanalizimi; Aktivitetet e menaxhimit dhe te trajtimit te mbeturinave,0.1243422682669916,0.1187269,0.1355077,0.14669502,0.16347587
2027,8,GLLOGOC,Furnizimi me uje; Kanalizimi; Aktivitetet e menaxhimit dhe te trajtimit te mbeturinave,0.5999825096096105,0.3423638,0.36249924,0.37592292,0.39605832
2027,9,GLLOGOC,Furnizimi me uje; Kanalizimi; Aktivitetet e menaxhimit dhe te trajtimit te mbeturinave,-0.023818014866222304,-0.056942534,-0.04279667,-0.033366084,-0.019220233
2027,10,GLLOGOC,Furnizimi me uje; Kanalizimi; Aktivitetet e menaxhimit dhe te trajtimit te mbeturinave,0.5630592887106309,0.25940174,0.27829278,0.29088676,0.30977786
2027,11,GLLOGOC,Furnizimi me uje; Kanalizimi; Aktivitetet e menaxhimit dhe te trajtimit te mbeturinave,-0.4858415502500077,-0.39094412,-0.38180828,-0.37571776,-0.36658192
2027,12,GLLOGOC,Furnizimi me uje; Kanalizimi; Aktivitetet e menaxhimit dhe te trajtimit te mbeturinave,-0.5818998313324184,-0.2988869,-0.2883702,-0.28135908,-0.27084237
2027,1,GLLOGOC,Industria nxjerrese,0.9344531272601203,0.24552853,0.26421154,0.27666676,0.29534972
2027,2,GLLOGOC,Industria nxjerrese,2.0,2.0,2.045,2.0749998,2.12
2027,3,GLLOGOC,Industria nxjerrese,2.0,1.6557318,1.6955676,1.7221248,1.7619607
2027,4,GLLOGOC,Industria nxjerrese,1.301485625084679,0.8691787,0.89721644,0.9159082,0.9439459
2027,5,GLLOGOC,Industria nxjerrese,1.1156625629147792,1.00402,1.0340803,1.0541205,1.0841806
2027,6,GLLOGOC,Industria nxjerrese,2.0,2.0,2.045,2.0749998,2.12
2027,7,GLLOGOC,Industria nxjerrese,2.0,2.0,2.045,2.0749998,2.12
2027,8,GLLOGOC,Industria nxjerrese,2.0,2.0,2.045,2.0749998,2.12
2027,9,GLLOGOC,Industria nxjerrese,0.9457103047558061,0.8904214,0.9187777,0.9376819,0.9660382
2027,10,GLLOGOC,Industria nxjerrese,1.7352470184533197,1.4562818,1.4931259,1.5176888,1.5545328
2027,11,GLLOGOC,Industria nxjerrese,1.259131858079547,0.91187906,0.94055724,0.959676,0.9883542
2027,12,GLLOGOC,Industria nxjerrese,0.8956626316369354,0.6954603,0.7208922,0.73784673,0.7632787
2027,1,GLLOGOC,Industria perpunuese,0.09312707224023153,0.15509902,0.17242551,0.18397653,0.201303
2027,2,GLLOGOC,Industria perpunuese,0.08792772319563416,0.09961069,0.11610484,0.12710094,0.1435951
2027,3,GLLOGOC,Industria perpunuese,0.08017901632606465,0.09690434,0.11335778,0.124326825,0.14078045
2027,4,GLLOGOC,Industria perpunuese,0.0795376818924574,0.08326412,0.099513054,0.11034572,0.12659466
2027,5,GLLOGOC,Industria perpunuese,0.06844113842095496,0.036008216,0.05154836,0.061908364,0.07744849
2027,6,GLLOGOC,Industria perpunuese,0.08017901632606465,0.09832948,0.11480439,0.12578762,0.14226258
2027,7,GLLOGOC,Industria perpunuese,0.0795376818924574,0.0879355,0.104254484,0.11513376,0.1314528
2027,8,GLLOGOC,Industria perpunuese,0.08133762346922863,0.0879355,0.104254484,0.11513376,0.1314528
2027,9,GLLOGOC,Industria perpunuese,0.08792772319563416,0.10816497,0.12478745,0.13586915,0.15249157
2027,10,GLLOGOC,Industria perpunuese,0.07123579042701846,0.023868077,0.039226055,0.049464703,0.06482279
2027,11,GLLOGOC,Industria perpunuese,0.07123579042701846,0.03889858,0.054482102,0.06487107,0.08045447
2027,12,GLLOGOC,Industria perpunuese,0.06844113842095496,0.12620193,0.1430949,0.15435684,0.17124987
2027,1,GLLOGOC,Informimi dhe komunikimi,0.8776729131139874,0.30465776,0.32422757,0.33727407,0.35684395
2027,2,GLLOGOC,Informimi dhe komunikimi,0.02428468105068733,0.05634117,0.07218623,0.082749724,0.098594785
2027,3,GLLOGOC,Informimi dhe komunikimi,0.40557661934908,0.37291646,0.39351022,0.40723932,0.42783308
2027,4,GLLOGOC,Informimi dhe komunikimi,-0.4508593274058846,-0.37223783,-0.3628214,-0.35654378,-0.34712732
2027,5,GLLOGOC,Informimi dhe komunikimi,-0.35003717873518414,-0.2987507,-0.28823197,-0.28121948,-0.27070075
2027,6,GLLOGOC,Informimi dhe komunikimi,0.18207827731899728,0.1961775,0.21412015,0.22608185,0.24402452
2027,7,GLLOGOC,Informimi dhe komunikimi,0.3872794861883214,0.36958203,0.39012575,0.4038216,0.42436528
2027,8,GLLOGOC,Informimi dhe komunikimi,0.6047438169843982,0.5819045,0.6056329,0.621452,0.6451806
2027,9,GLLOGOC,Informimi dhe komunikimi,0.29913009238304117,0.16362235,0.18107665,0.1927129,0.21016729
2027,10,GLLOGOC,Informimi dhe komunikimi,-0.05539097699730013,-0.13793465,-0.1250037,-0.116383076,-0.10345209
2027,11,GLLOGOC,Informimi dhe komunikimi,0.026916973968004913,0.10957236,0.12621593,0.1373117,0.15395522
2027,12,GLLOGOC,Informimi dhe komunikimi,0.35027369529031016,0.38132668,0.40204656,0.41585982,0.4365797
2027,1,GLLOGOC,Ndertimtaria,0.29082399301521755,0.48767585,0.50999105,0.5248678,0.5471829
2027,2,GLLOGOC,Ndertimtaria,0.40920304341211977,0.8263767,0.8537723,0.8720361,0.8994317
2027,3,GLLOGOC,Ndertimtaria,0.11013858108384011,0.3529927,0.37328768,0.38681757,0.40711248
2027,4,GLLOGOC,Ndertimtaria,0.1184525471125186,0.36290112,0.38334453,0.3969736,0.41741705
2027,5,GLLOGOC,Ndertimtaria,0.10364719922248428,0.3395142,0.35960698,0.37300205,0.39309478
2027,6,GLLOGOC,Ndertimtaria,0.1000664855048719,0.27404526,0.2931559,0.30589628,0.32500696
2027,7,GLLOGOC,Ndertimtaria,0.09253903617608888,0.22861809,0.24704742,0.2593336,0.27776277
2027,8,GLLOGOC,Ndertimtaria,0.10144582079273942,0.30825442,0.32787824,0.34096086,0.36058462
2027,9,GLLOGOC,Ndertimtaria,0.0897865100482156,0.2083464,0.22647154,0.23855495,0.25668013
2027,10,GLLOGOC,Ndertimtaria,0.0897865100482156,0.24382713,0.26248455,0.27492273,0.29358017
2027,11,GLLOGOC,Ndertimtaria,0.08918963465544581,0.22721621,0.24562442,0.25789666,0.27630484
2027,12,GLLOGOC,Ndertimtaria,0.06844113842095496,0.13192666,0.14890552,0.1602248,0.17720366
2027,1,GLLOGOC,Person Fizik,-0.7718065407042793,-1.0,-1.0,-1.0,-1.0
2027,2,GLLOGOC,Person Fizik,-0.7555543657140862,-1.0,-1.0,-1.0,-1.0
2027,3,GLLOGOC,Person Fizik,-0.8184373426356626,-0.9662713,-0.96576536,-0.96542805,-0.96492213
2027,4,GLLOGOC,Person Fizik,-0.8450772856578184,-1.0,-1.0,-1.0,-1.0
2027,5,GLLOGOC,Person Fizik,-0.7864927875695145,-1.0,-1.0,-1.0,-1.0
2027,6,GLLOGOC,Person Fizik,-0.776675851783217,-0.8700237,-0.86807406,-0.8667743,-0.86482465
2027,7,GLLOGOC,Person Fizik,-0.8585318910460616,-1.0,-1.0,-1.0,-1.0
2027,8,GLLOGOC,Person Fizik,-0.8906358843501615,-1.0,-1.0,-1.0,-1.0
2027,9,GLLOGOC,Person Fizik,-0.853639839624153,-1.0,-1.0,-1.0,-1.0
2027,10,GLLOGOC,Person Fizik,-0.7879605106817168,-1.0,-1.0,-1.0,-1.0
2027,11,GLLOGOC,Person Fizik,0.7046719680753558,-0.079669125,-0.065864146,-0.05666089,-0.04285592
2027,12,GLLOGOC,Person Fizik,0.7840550295578349,0.11407768,0.1307888,0.14192963,0.15864074
2027,1,GLLOGOC,Sherbimet administrative dhe mbeshtetese,0.20888699512564646,0.055019356,0.07084465,0.08139479,0.09722006
2027,2,GLLOGOC,Sherbimet administrative dhe mbeshtetese,0.11623685854434382,-0.028783433,-0.014215231,-0.0045030713,0.010065198
2027,3,GLLOGOC,Sherbimet administrative dhe mbeshtetese,0.09060587616042438,0.060810737,0.07672286,0.08733094,0.10324311
2027,4,GLLOGOC,Sherbimet administrative dhe mbeshtetese,0.10725965842944628,-0.0033123586,0.011637926,0.021604776,0.03655517
2027,5,GLLOGOC,Sherbimet administrative dhe mbeshtetese,-0.13133072977139354,-0.1179945,-0.1047644,-0.095944345,-0.08271432
2027,6,GLLOGOC,Sherbimet administrative dhe mbeshtetese,0.14361294579280207,0.1511584,0.1684258,0.17993736,0.19720471
2027,7,GLLOGOC,Sherbimet administrative dhe mbeshtetese,0.14138469764841613,0.11006675,0.1267178,0.13781846,0.15446937
2027,8,GLLOGOC,Sherbimet administrative dhe mbeshtetese,0.19524302597435245,0.19338682,0.21128762,0.22322142,0.24112225
2027,9,GLLOGOC,Sherbimet administrative dhe mbeshtetese,0.092262024462735,0.06289916,0.07884264,0.08947158,0.10541499
2027,10,GLLOGOC,Sherbimet administrative dhe mbeshtetese,0.09860383275814431,-0.11714108,-0.10389817,-0.09506959,-0.08182675
2027,11,GLLOGOC,Sherbimet administrative dhe mbeshtetese,0.14674447020989453,-0.033799104,-0.019306123,-0.009644091,0.004848838
2027,12,GLLOGOC,Sherbimet administrative dhe mbeshtetese,-0.026081937615883493,0.08603736,0.10232794,0.11318827,0.12947881
2027,1,GLLOGOC,Transporti dhe magazinimi,0.903572982361073,0.54280764,0.5659497,0.58137774,0.60451984
2027,2,GLLOGOC,Transporti dhe magazinimi,1.0075989745216087,0.52274066,0.5455817,0.56080914,0.5836501
2027,3,GLLOGOC,Transporti dhe magazinimi,2.0,1.3383495,1.3734245,1.3968079,1.4318833
2027,4,GLLOGOC,Transporti dhe magazinimi,1.4784583874736095,1.2786946,1.312875,1.3356619,1.3698423
2027,5,GLLOGOC,Transporti dhe magazinimi,1.4270561596096374,1.1028023,1.1343443,1.1553724,1.1869142
2027,6,GLLOGOC,Transporti dhe magazinimi,2.0,1.8593554,1.9022458,1.9308393,1.9737296
2027,7,GLLOGOC,Transporti dhe magazinimi,2.0,1.9909543,2.0358186,2.0657282,2.1105924
2027,8,GLLOGOC,Transporti dhe magazinimi,2.0,2.0,2.045,2.0749998,2.12
2027,9,GLLOGOC,Transporti dhe magazinimi,1.7242030219290718,1.3864969,1.4222944,1.4461594,1.4819567
2027,10,GLLOGOC,Transporti dhe magazinimi,1.6620483054970576,1.5983164,1.6372912,1.6632743,1.702249
2027,11,GLLOGOC,Transporti dhe magazinimi,1.3778534586596458,1.3835533,1.4193065,1.4431419,1.4788952
2027,12,GLLOGOC,Transporti dhe magazinimi,0.26505713320037655,0.43011773,0.45156944,0.46587062,0.48732233
2027,1,GLLOGOC,Tregtia me shumice dhe pakice; Riparimi i mjeteve motorike dhe motoeikletave,0.07172575958216833,0.08870099,0.10503149,0.11591852,0.132249
2027,2,GLLOGOC,Tregtia me shumice dhe pakice; Riparimi i mjeteve motorike dhe motoeikletave,0.06863058251048915,0.079770744,0.09596729,0.10676503,0.12296164
2027,3,GLLOGOC,Tregtia me shumice dhe pakice; Riparimi i mjeteve motorike dhe motoeikletave,0.06789328706416138,0.06695096,0.08295512,0.09362471,0.109628916
2027,4,GLLOGOC,Tregtia me shumice dhe pakice; Riparimi i mjeteve motorike dhe motoeikletave,0.06789328706416138,0.058612216,0.07449138,0.085077524,0.10095668
2027,5,GLLOGOC,Tregtia me shumice dhe pakice; Riparimi i mjeteve motorike dhe motoeikletave,0.06789328706416138,0.066500716,0.08249819,0.09316313,0.10916066
2027,6,GLLOGOC,Tregtia me shumice dhe pakice; Riparimi i mjeteve motorike dhe motoeikletave,0.06789328706416138,0.068376094,0.08440173,0.09508538,0.111111045
2027,7,GLLOGOC,Tregtia me shumice dhe pakice; Riparimi i mjeteve motorike dhe motoeikletave,0.06789328706416138,0.06328357,0.07923281,0.089865685,0.105814815
2027,8,GLLOGOC,Tregtia me shumice dhe pakice; Riparimi i mjeteve motorike dhe motoeikletave,0.06789328706416138,0.06890825,0.084941864,0.095630884,0.11166453
2027,9,GLLOGOC,Tregtia me shumice dhe pakice; Riparimi i mjeteve motorike dhe motoeikletave,0.06789328706416138,0.06830164,0.08432615,0.09500921,0.11103368
2027,10,GLLOGOC,Tregtia me shumice dhe pakice; Riparimi i mjeteve motorike dhe motoeikletave,0.06789328706416138,0.06121166,0.07712984,0.08774197,0.10366011
2027,11,GLLOGOC,Tregtia me shumice dhe pakice; Riparimi i mjeteve motorike dhe motoeikletave,0.06789328706416138,0.06418773,0.080150604,0.09079242,0.10675526
2027,12,GLLOGOC,Tregtia me shumice dhe pakice; Riparimi i mjeteve motorike dhe motoeikletave,0.06789328706416138,0.11904789,0.13583362,0.14702404,0.16380978
2027,1,GRAÇANICË,Akomodimi dhe sherbimi ushqimor,0.111809251629526,0.24238785,0.26102364,0.2734475,0.29208338
2027,2,GRAÇANICË,Akomodimi dhe sherbimi ushqimor,0.2697524998653895,0.27674425,0.29589534,0.30866277,0.32781398
2027,3,GRAÇANICË,Akomodimi dhe sherbimi ushqimor,0.09063268431168948,0.18522017,0.2029984,0.21485054,0.23262894
2027,4,GRAÇANICË,Akomodimi dhe sherbimi ushqimor,0.06642965249305674,0.06267064,0.07861066,0.08923733,0.1051774
2027,5,GRAÇANICË,Akomodimi dhe sherbimi ushqimor,0.08451560147457779,0.15260117,0.16989017,0.18141615,0.19870508
2027,6,GRAÇANICË,Akomodimi dhe sherbimi ushqimor,0.07645446437794738,0.15392749,0.1712364,0.18277562,0.20008445
2027,7,GRAÇANICË,Akomodimi dhe sherbimi ushqimor,0.07742935352609517,0.07353597,0.08963895,0.10037434,0.11647737
2027,8,GRAÇANICË,Akomodimi dhe sherbimi ushqimor,0.08409411520285351,0.09881104,0.115293145,0.12628126,0.14276338
2027,9,GRAÇANICË,Akomodimi dhe sherbimi ushqimor,0.10894542338733947,0.32583097,0.34571838,0.35897672,0.37886417
2027,10,GRAÇANICË,Akomodimi dhe sherbimi ushqimor,0.10771273597878855,0.12018474,0.13698757,0.14818943,0.1649921
2027,11,GRAÇANICË,Akomodimi dhe sherbimi ushqimor,0.10023998660812247,0.11775208,0.13451838,0.1456958,0.16246212
2027,12,GRAÇANICË,Akomodimi dhe sherbimi ushqimor,0.07715250603193866,0.15324163,0.17054021,0.18207264,0.19937122
2027,1,GRAÇANICË,Aktivitetet e patundshmerise,-0.31451951684402285,-0.37722522,-0.36788362,-0.3616559,-0.35231423
2027,2,GRAÇANICË,Aktivitetet e patundshmerise,0.5102707222132501,0.93494576,0.96396995,0.9833194,1.0123436
2027,3,GRAÇANICË,Aktivitetet e patundshmerise,1.3499870824803635,1.3603486,1.3957539,1.4193573,1.4547625
2027,4,GRAÇANICË,Aktivitetet e patundshmerise,2.0,2.0,2.045,2.0749998,2.12
2027,5,GRAÇANICË,Aktivitetet e patundshmerise,2.0,2.0,2.045,2.0749998,2.12
2027,6,GRAÇANICË,Aktivitetet e patundshmerise,2.0,2.0,2.045,2.0749998,2.12
2027,7,GRAÇANICË,Aktivitetet e patundshmerise,2.0,2.0,2.045,2.0749998,2.12
2027,8,GRAÇANICË,Aktivitetet e patundshmerise,2.0,2.0,2.045,2.0749998,2.12
2027,9,GRAÇANICË,Aktivitetet e patundshmerise,2.0,2.0,2.045,2.0749998,2.12
2027,10,GRAÇANICË,Aktivitetet e patundshmerise,2.0,2.0,2.045,2.0749998,2.12
2027,11,GRAÇANICË,Aktivitetet e patundshmerise,2.0,2.0,2.045,2.0749998,2.12
2027,12,GRAÇANICË,Aktivitetet e patundshmerise,2.0,2.0,2.045,2.0749998,2.12
2027,1,GRAÇANICË,Aktivitetet e shendetit te njeriut dhe te punes sociale,0.17319771888819485,0.112277515,0.12896168,0.14008439,0.15676856
2027,2,GRAÇANICË,Aktivitetet e shendetit te njeriut dhe te punes sociale,0.1035170292746934,0.050560538,0.06631899,0.076824546,0.09258294
2027,3,GRAÇANICË,Aktivitetet e shendetit te njeriut dhe te punes sociale,0.10697857567838225,0.07963146,0.09582591,0.10662222,0.12281668
2027,4,GRAÇANICË,Aktivitetet e shendetit te njeriut dhe te punes sociale,0.12425327754268738,0.041081473,0.056697607,0.06710839,0.08272469
2027,5,GRAÇANICË,Aktivitetet e shendetit te njeriut dhe te punes sociale,0.12354524675948421,0.11183847,0.12851608,0.13963437,0.15631199
2027,6,GRAÇANICË,Aktivitetet e shendetit te njeriut dhe te punes sociale,0.18388494382794987,0.20690544,0.22500908,0.23707807,0.25518167
2027,7,GRAÇANICË,Aktivitetet e shendetit te njeriut dhe te punes sociale,0.17918694418644768,0.29163805,0.31101263,0.32392895,0.34330344
2027,8,GRAÇANICË,Aktivitetet e shendetit te njeriut dhe te punes sociale,0.17917239800263993,0.1417265,0.15885234,0.17026961,0.18739545
2027,9,GRAÇANICË,Aktivitetet e shendetit te njeriut dhe te punes sociale,0.16983321762261,0.15636005,0.17370546,0.185269,0.20261443
2027,10,GRAÇANICË,Aktivitetet e shendetit te njeriut dhe te punes sociale,0.1221473174838562,0.07482255,0.090944886,0.101693034,0.117815375
2027,11,GRAÇANICË,Aktivitetet e shendetit te njeriut dhe te punes sociale,-0.03574336233092591,-0.0056895087,0.00922513,0.019168258,0.03408289
2027,12,GRAÇANICË,Aktivitetet e shendetit te njeriut dhe te punes sociale,-0.1457304232026781,0.05263956,0.06842923,0.07895553,0.09474516
2027,1,GRAÇANICË,Aktivitetet e tjera sherbyese,0.7379778510528472,0.6216385,0.6459631,0.66217947,0.686504
2027,2,GRAÇANICË,Aktivitetet e tjera sherbyese,0.7409753858661055,0.26241812,0.28135443,0.29397857,0.31291485
2027,3,GRAÇANICË,Aktivitetet e tjera sherbyese,0.2270253593882868,0.36322528,0.38367355,0.39730585,0.41775417
2027,4,GRAÇANICË,Aktivitetet e tjera sherbyese,0.0015520248534931734,0.03504955,0.050575256,0.060925722,0.07645154
2027,5,GRAÇANICË,Aktivitetet e tjera sherbyese,0.06932439669549194,0.09012845,0.10648036,0.11738157,0.13373351
2027,6,GRAÇANICË,Aktivitetet e tjera sherbyese,0.7052829853100165,0.7206278,0.7464372,0.7636434,0.7894528
2027,7,GRAÇANICË,Aktivitetet e tjera sherbyese,-0.42273421992879806,-0.4120531,-0.4032339,-0.39735442,-0.38853526
2027,8,GRAÇANICË,Aktivitetet e tjera sherbyese,-0.3726928055941304,-0.28071997,-0.26993078,-0.262738,-0.25194883
2027,9,GRAÇANICË,Aktivitetet e tjera sherbyese,0.9901315943857086,0.8240012,0.85136116,0.86960113,0.8969612
2027,10,GRAÇANICË,Aktivitetet e tjera sherbyese,0.9619158506065192,0.5168306,0.5395831,0.5547514,0.5775038
2027,11,GRAÇANICË,Aktivitetet e tjera sherbyese,0.21761871721220746,0.30305636,0.32260215,0.33563268,0.3551786
2027,12,GRAÇANICË,Aktivitetet e tjera sherbyese,-0.31791023483528,-0.19115397,-0.1790213,-0.17093289,-0.15880018
2027,1,GRAÇANICË,Aktivitetet financiare dhe te sigurimit,-0.012667650939742361,-0.208391,-0.19651687,-0.18860078,-0.1767267
2027,2,GRAÇANICË,Aktivitetet financiare dhe te sigurimit,0.07850283293985094,-0.035443988,-0.02097565,-0.011330068,0.0031381845
2027,3,GRAÇANICË,Aktivitetet financiare dhe te sigurimit,0.06536820020864549,0.14608651,0.16327775,0.17473865,0.19192982
2027,4,GRAÇANICË,Aktivitetet financiare dhe te sigurimit,-0.4224282901852356,-0.2760397,-0.26518035,-0.2579407,-0.24708134
2027,5,GRAÇANICË,Aktivitetet financiare dhe te sigurimit,-0.11767195024453983,-0.120057486,-0.10685831,-0.09805894,-0.08485979
2027,6,GRAÇANICË,Aktivitetet financiare dhe te sigurimit,-0.048501247479693844,-0.06261585,-0.048555136,-0.039181292,-0.025120556
2027,7,GRAÇANICË,Aktivitetet financiare dhe te sigurimit,-0.34324694569044617,-0.4063636,-0.3974591,-0.3915227,-0.3826182
2027,8,GRAÇANICË,Aktivitetet financiare dhe te sigurimit,-0.7765023335345584,-0.59740233,-0.5913634,-0.5873374,-0.5812985
2027,9,GRAÇANICË,Aktivitetet financiare dhe te sigurimit,-0.37910598524194783,-0.43628436,-0.4278286,-0.4221915,-0.41373575
2027,10,GRAÇANICË,Aktivitetet financiare dhe te sigurimit,-0.8229713902316669,-0.90076166,-0.8992731,-0.89828074,-0.8967921
2027,11,GRAÇANICË,Aktivitetet financiare dhe te sigurimit,-0.5177557311888799,-0.40447614,-0.39554334,-0.38958806,-0.38065523
2027,12,GRAÇANICË,Aktivitetet financiare dhe te sigurimit,-0.16077547777429554,-0.33250502,-0.3224926,-0.31581765,-0.3058052
2027,1,GRAÇANICË,"Aktivitetet profesionale, shkencore dhe teknike",0.3425437185936518,0.37085855,0.39142144,0.40513003,0.4256928
2027,2,GRAÇANICË,"Aktivitetet profesionale, shkencore dhe teknike",0.2660145351067961,0.2993053,0.31879485,0.33178794,0.35127747
2027,3,GRAÇANICË,"Aktivitetet profesionale, shkencore dhe teknike",0.5791821392345365,0.6698037,0.6948507,0.7115487,0.73659575
2027,4,GRAÇANICË,"Aktivitetet profesionale, shkencore dhe teknike",0.6312633387281124,0.7524861,0.7787734,0.79629827,0.82258546
2027,5,GRAÇANICË,"Aktivitetet profesionale, shkencore dhe teknike",1.1522262282396627,1.0989218,1.1304057,1.1513948,1.1828785
2027,6,GRAÇANICË,"Aktivitetet profesionale, shkencore dhe teknike",0.915566091617561,0.7389601,0.76504445,0.782434,0.8085184
2027,7,GRAÇANICË,"Aktivitetet profesionale, shkencore dhe teknike",0.5227092596461879,0.8038709,0.8309289,0.8489677,0.8760257
2027,8,GRAÇANICË,"Aktivitetet profesionale, shkencore dhe teknike",0.589832451361725,0.9096637,0.9383086,0.9574052,0.9860501
2027,9,GRAÇANICË,"Aktivitetet profesionale, shkencore dhe teknike",0.27698180823572316,0.38034245,0.4010476,0.41485107,0.43555617
2027,10,GRAÇANICË,"Aktivitetet profesionale, shkencore dhe teknike",0.779657397965594,0.67465156,0.6997714,0.7165179,0.7416376
2027,11,GRAÇANICË,"Aktivitetet profesionale, shkencore dhe teknike",0.3127216420470198,0.3534681,0.37377012,0.38730478,0.40760672
2027,12,GRAÇANICË,"Aktivitetet profesionale, shkencore dhe teknike",0.18137304475830998,0.28410524,0.3033669,0.3162079,0.33546948
2027,3,GRAÇANICË,Arsimi,0.0207060933450509,0.086912915,0.10321653,0.114085674,0.13038933
2027,6,GRAÇANICË,Arsimi,-0.12302749832715631,-0.07357877,-0.05968249,-0.050418258,-0.03652197
2027,9,GRAÇANICË,Arsimi,-0.27863354329873025,-0.340547,-0.33065516,-0.32406068,-0.31416887
2027,12,GRAÇANICË,Arsimi,-0.36455415408235,-0.1808193,-0.1685316,-0.16033977,-0.1480521
2027,1,GRAÇANICË,"Artet, Argetimi dhe rekreacioni",0.5002438372118646,0.48320717,0.50545526,0.5202874,0.5425354
2027,2,GRAÇANICË,"Artet, Argetimi dhe rekreacioni",1.8541768832108387,1.4183066,1.4545813,1.4787643,1.5150387
2027,3,GRAÇANICË,"Artet, Argetimi dhe rekreacioni",0.8517156371234995,1.3163007,1.3510454,1.3742085,1.4089527
2027,4,GRAÇANICË,"Artet, Argetimi dhe rekreacioni",1.126205856172033,1.5103091,1.5479639,1.573067,1.6107216
2027,5,GRAÇANICË,"Artet, Argetimi dhe rekreacioni",0.6888192340849499,0.98281115,1.0125535,1.0323815,1.0621235
2027,6,GRAÇANICË,"Artet, Argetimi dhe rekreacioni",0.11787885724682323,0.11027708,0.12693119,0.13803399,0.15468812
2027,7,GRAÇANICË,"Artet, Argetimi dhe rekreacioni",1.014147190444591,1.0795227,1.1107154,1.1315107,1.1627035
2027,8,GRAÇANICË,"Artet, Argetimi dhe rekreacioni",1.9616082147657805,1.7014046,1.7419257,1.7689397,1.8094606
2027,9,GRAÇANICË,"Artet, Argetimi dhe rekreacioni",2.0,2.0,2.045,2.0749998,2.12
2027,10,GRAÇANICË,"Artet, Argetimi dhe rekreacioni",2.0,2.0,2.045,2.0749998,2.12
2027,11,GRAÇANICË,"Artet, Argetimi dhe rekreacioni",2.0,2.0,2.045,2.0749998,2.12
2027,12,GRAÇANICË,"Artet, Argetimi dhe rekreacioni",1.2027025127235706,0.83227897,0.85976315,0.87808585,0.90557003
2027,1,GRAÇANICË,Bujqesia;Pylltaria dhe Peshkimi,0.26174656884651876,0.15803066,0.17540109,0.18698132,0.20435178
2027,2,GRAÇANICË,Bujqesia;Pylltaria dhe Peshkimi,0.14764668205243012,0.15197778,0.1692574,0.18077719,0.19805682
2027,3,GRAÇANICË,Bujqesia;Pylltaria dhe Peshkimi,-0.0683085530080493,-0.063674815,-0.049629927,-0.040266693,-0.026221812
2027,4,GRAÇANICË,Bujqesia;Pylltaria dhe Peshkimi,0.06675472728306996,0.13664035,0.15368986,0.16505635,0.1821059
2027,5,GRAÇANICË,Bujqesia;Pylltaria dhe Peshkimi,1.7109826836337092,1.5808637,1.6195767,1.6453853,1.6840982
2027,6,GRAÇANICË,Bujqesia;Pylltaria dhe Peshkimi,2.0,2.0,2.045,2.0749998,2.12
2027,7,GRAÇANICË,Bujqesia;Pylltaria dhe Peshkimi,2.0,2.0,2.045,2.0749998,2.12
2027,8,GRAÇANICË,Bujqesia;Pylltaria dhe Peshkimi,2.0,1.7324349,1.7734213,1.8007455,1.841732
2027,9,GRAÇANICË,Bujqesia;Pylltaria dhe Peshkimi,0.15314452430922018,0.18793078,0.20574975,0.21762908,0.235448
2027,10,GRAÇANICË,Bujqesia;Pylltaria dhe Peshkimi,0.7728094281382482,0.57391167,0.59752035,0.61325943,0.6368681
2027,11,GRAÇANICË,Bujqesia;Pylltaria dhe Peshkimi,1.5407494137801439,1.2025553,1.2355936,1.2576189,1.2906573
2027,12,GRAÇANICË,Bujqesia;Pylltaria dhe Peshkimi,0.24016971586240649,0.42514348,0.44652057,0.46077204,0.48214912
2027,1,GRAÇANICË,Furnizimi me uje; Kanalizimi; Aktivitetet e menaxhimit dhe te trajtimit te mbeturinave,0.3399771745167685,-0.00031240436,0.014682889,0.02467978,0.039675117
2027,2,GRAÇANICË,Furnizimi me uje; Kanalizimi; Aktivitetet e menaxhimit dhe te trajtimit te mbeturinave,2.0,2.0,2.045,2.0749998,2.12
2027,3,GRAÇANICË,Furnizimi me uje; Kanalizimi; Aktivitetet e menaxhimit dhe te trajtimit te mbeturinave,2.0,2.0,2.045,2.0749998,2.12
2027,4,GRAÇANICË,Furnizimi me uje; Kanalizimi; Aktivitetet e menaxhimit dhe te trajtimit te mbeturinave,2.0,2.0,2.045,2.0749998,2.12
2027,5,GRAÇANICË,Furnizimi me uje; Kanalizimi; Aktivitetet e menaxhimit dhe te trajtimit te mbeturinave,2.0,2.0,2.045,2.0749998,2.12
2027,6,GRAÇANICË,Furnizimi me uje; Kanalizimi; Aktivitetet e menaxhimit dhe te trajtimit te mbeturinave,-0.017715112499760932,0.10026463,0.1167686,0.12777126,0.14427519
2027,7,GRAÇANICË,Furnizimi me uje; Kanalizimi; Aktivitetet e menaxhimit dhe te trajtimit te mbeturinave,2.0,2.0,2.045,2.0749998,2.12
2027,8,GRAÇANICË,Furnizimi me uje; Kanalizimi; Aktivitetet e menaxhimit dhe te trajtimit te mbeturinave,2.0,2.0,2.045,2.0749998,2.12
2027,9,GRAÇANICË,Furnizimi me uje; Kanalizimi; Aktivitetet e menaxhimit dhe te trajtimit te mbeturinave,2.0,2.0,2.045,2.0749998,2.12
2027,10,GRAÇANICË,Furnizimi me uje; Kanalizimi; Aktivitetet e menaxhimit dhe te trajtimit te mbeturinave,2.0,2.0,2.045,2.0749998,2.12
2027,11,GRAÇANICË,Furnizimi me uje; Kanalizimi; Aktivitetet e menaxhimit dhe te trajtimit te mbeturinave,0.1678541493115114,0.17923746,0.196926,0.20871842,0.22640693
2027,12,GRAÇANICË,Furnizimi me uje; Kanalizimi; Aktivitetet e menaxhimit dhe te trajtimit te mbeturinave,0.10310487691044162,0.20190887,0.21993744,0.23195648,0.2499851
2027,1,GRAÇANICË,Industria perpunuese,0.08541618651550487,0.23290552,0.25139904,0.26372814,0.28222167
2027,2,GRAÇANICË,Industria perpunuese,0.06937829870578086,0.16861866,0.18614793,0.19783413,0.21536338
2027,3,GRAÇANICË,Industria perpunuese,0.06937829870578086,0.16730489,0.18481445,0.19648743,0.213997
2027,4,GRAÇANICË,Industria perpunuese,0.06937829870578086,0.19877131,0.21675289,0.22874057,0.24672222
2027,5,GRAÇANICË,Industria perpunuese,0.06789328706416138,0.14559582,0.16277969,0.1742357,0.1914196
2027,6,GRAÇANICË,Industria perpunuese,0.06863058251048915,0.15820853,0.17558157,0.18716371,0.2045368
2027,7,GRAÇANICË,Industria perpunuese,0.06789328706416138,0.14557186,0.16275537,0.17421114,0.19139469
2027,8,GRAÇANICË,Industria perpunuese,0.06789328706416138,0.14927237,0.16651142,0.17800415,0.19524312
2027,9,GRAÇANICË,Industria perpunuese,0.06789328706416138,0.14195065,0.15907991,0.17049932,0.18762863
2027,10,GRAÇANICË,Industria perpunuese,0.06789328706416138,0.14713676,0.16434383,0.17581522,0.19302225
2027,11,GRAÇANICË,Industria perpunuese,0.06789328706416138,0.14641231,0.16360855,0.17507267,0.19226885
2027,12,GRAÇANICË,Industria perpunuese,0.06789328706416138,0.19476199,0.21268344,0.22463107,0.2425524
2027,1,GRAÇANICË,Informimi dhe komunikimi,0.27437749514943416,0.10905021,0.12568593,0.13677633,0.1534121
2027,2,GRAÇANICË,Informimi dhe komunikimi,0.6822134818316908,0.74843967,0.7746662,0.7921506,0.81837714
2027,3,GRAÇANICË,Informimi dhe komunikimi,0.3621574708047931,0.19567916,0.21361434,0.22557116,0.24350631
2027,4,GRAÇANICË,Informimi dhe komunikimi,0.11204324378971603,0.14133555,0.15845549,0.16986883,0.18698883
2027,5,GRAÇANICË,Informimi dhe komunikimi,-0.07657730427491562,0.0032001368,0.0182482,0.028280139,0.043328166
2027,6,GRAÇANICË,Informimi dhe komunikimi,0.2184813125651563,0.35501042,0.37533557,0.38888562,0.4092108
2027,7,GRAÇANICË,Informimi dhe komunikimi,0.20145968045828305,0.33911368,0.35920036,0.3725915,0.39267826
2027,8,GRAÇANICË,Informimi dhe komunikimi,0.19568031386391121,0.30420253,0.32376564,0.3368076,0.35637057
2027,9,GRAÇANICË,Informimi dhe komunikimi,0.1951595623890627,0.23834775,0.25692296,0.26930642,0.2878816
2027,10,GRAÇANICË,Informimi dhe komunikimi,-0.06571464545593599,0.024859315,0.04023218,0.050480723,0.065853596
2027,11,GRAÇANICË,Informimi dhe komunikimi,0.2465855168638323,0.25257602,0.27136457,0.28389037,0.30267894
2027,12,GRAÇANICË,Informimi dhe komunikimi,-0.39390214896089154,-0.057598144,-0.043462098,-0.034038067,-0.01990205
2027,1,GRAÇANICË,Ndertimtaria,0.09440588347922207,0.3067395,0.32634068,0.33940804,0.35900915
2027,2,GRAÇANICË,Ndertimtaria,0.06629506295739529,0.12839784,0.14532375,0.15660775,0.17353368
2027,3,GRAÇANICË,Ndertimtaria,-0.04621929523732341,0.011103337,0.026269913,0.036381006,0.051547527
2027,4,GRAÇANICË,Ndertimtaria,0.06597447291769759,0.12357738,0.14043105,0.15166676,0.16852045
2027,5,GRAÇANICË,Ndertimtaria,0.06406884496457223,0.051070217,0.06683624,0.07734692,0.093112946
2027,6,GRAÇANICË,Ndertimtaria,-0.04027634939221397,-0.04914775,-0.03488493,-0.02537644,-0.011113644
2027,7,GRAÇANICË,Ndertimtaria,0.05617858277229963,0.15042542,0.16768181,0.17918599,0.19644237
2027,8,GRAÇANICË,Ndertimtaria,-0.09924126705933024,-0.087454975,-0.07376683,-0.06464136,-0.05095321
2027,9,GRAÇANICË,Ndertimtaria,0.060074113328538715,0.16772489,0.18524075,0.19691789,0.21443379
2027,10,GRAÇANICË,Ndertimtaria,-0.02406777967503456,-0.06651546,-0.052513182,-0.04317838,-0.029176116
2027,11,GRAÇANICË,Ndertimtaria,0.06154152012029145,-0.011564442,0.003262043,0.0131464,0.027972937
2027,12,GRAÇANICË,Ndertimtaria,0.06488325717903964,0.046345767,0.062040925,0.07250428,0.088199496
2027,1,GRAÇANICË,Person Fizik,0.28287402826153074,-0.3961624,-0.3871048,-0.38106644,-0.37200892
2027,2,GRAÇANICË,Person Fizik,1.3912125261985608,1.5802158,1.6189191,1.6447213,1.6834245
2027,3,GRAÇANICË,Person Fizik,2.0,2.0,2.045,2.0749998,2.12
2027,4,GRAÇANICË,Person Fizik,2.0,2.0,2.045,2.0749998,2.12
2027,5,GRAÇANICË,Person Fizik,2.0,2.0,2.045,2.0749998,2.12
2027,6,GRAÇANICË,Person Fizik,2.0,2.0,2.045,2.0749998,2.12
2027,7,GRAÇANICË,Person Fizik,2.0,2.0,2.045,2.0749998,2.12
2027,8,GRAÇANICË,Person Fizik,2.0,2.0,2.045,2.0749998,2.12
2027,9,GRAÇANICË,Person Fizik,2.0,2.0,2.045,2.0749998,2.12
2027,10,GRAÇANICË,Person Fizik,2.0,2.0,2.045,2.0749998,2.12
2027,11,GRAÇANICË,Person Fizik,2.0,2.0,2.045,2.0749998,2.12
2027,12,GRAÇANICË,Person Fizik,-0.5924069650225556,-0.701115,-0.6966317,-0.69364285,-0.68915963
2027,1,GRAÇANICË,Sherbimet administrative dhe mbeshtetese,0.30972752200309955,0.22047597,0.238783,0.25098777,0.26929486
2027,2,GRAÇANICË,Sherbimet administrative dhe mbeshtetese,0.42550092222075725,0.53600174,0.55904174,0.57440174,0.5974417
2027,3,GRAÇANICË,Sherbimet administrative dhe mbeshtetese,0.1373496399142244,0.19326825,0.21116734,0.22309995,0.24099898
2027,4,GRAÇANICË,Sherbimet administrative dhe mbeshtetese,0.1102812934484879,0.057893496,0.07376194,0.08434081,0.100209236
2027,5,GRAÇANICË,Sherbimet administrative dhe mbeshtetese,0.027284304055379575,0.11309586,0.12979233,0.14092326,0.15761971
2027,6,GRAÇANICË,Sherbimet administrative dhe mbeshtetese,-0.026928825083415972,0.06688708,0.08289039,0.093559265,0.109562635
2027,7,GRAÇANICË,Sherbimet administrative dhe mbeshtetese,0.09313826547543765,0.1324088,0.14939499,0.16071904,0.17770517
2027,8,GRAÇANICË,Sherbimet administrative dhe mbeshtetese,0.22413379008297132,0.31069434,0.3303547,0.34346163,0.3631221
2027,9,GRAÇANICË,Sherbimet administrative dhe mbeshtetese,0.13400007903302769,0.19033843,0.20819342,0.22009683,0.23795187
2027,10,GRAÇANICË,Sherbimet administrative dhe mbeshtetese,0.053728582494055564,-0.067639105,-0.053653717,-0.04433012,-0.030344725
2027,11,GRAÇANICË,Sherbimet administrative dhe mbeshtetese,0.07152855216748684,0.031807303,0.047284365,0.057602406,0.073079586
2027,12,GRAÇANICË,Sherbimet administrative dhe mbeshtetese,0.10200394956935896,0.23279282,0.25128472,0.26361263,0.2821045
2027,1,GRAÇANICË,Transporti dhe magazinimi,0.3810500134445855,0.25037318,0.26912868,0.28163242,0.30038798
2027,2,GRAÇANICË,Transporti dhe magazinimi,0.0025975797315238754,0.05105251,0.06681836,0.0773288,0.09309459
2027,3,GRAÇANICË,Transporti dhe magazinimi,0.31531648820275304,0.3046561,0.3242259,0.3372724,0.35684228
2027,4,GRAÇANICË,Transporti dhe magazinimi,0.3486584790968179,0.36420706,0.38467014,0.3983122,0.4187752
2027,5,GRAÇANICË,Transporti dhe magazinimi,0.05437335782605783,0.17635503,0.19400036,0.20576382,0.22340918
2027,6,GRAÇANICË,Transporti dhe magazinimi,0.3719055710398782,0.35845438,0.37883115,0.39241564,0.41279244
2027,7,GRAÇANICË,Transporti dhe magazinimi,1.3772976383562379,1.1237359,1.155592,1.1768293,1.2086852
2027,8,GRAÇANICË,Transporti dhe magazinimi,0.36963702389970365,0.23472187,0.25324273,0.26558995,0.28411078
2027,9,GRAÇANICË,Transporti dhe magazinimi,0.30302419380888257,0.14865652,0.16588628,0.17737281,0.19460273
2027,10,GRAÇANICË,Transporti dhe magazinimi,0.4191402663456689,0.32041788,0.34022415,0.35342824,0.3732345
2027,11,GRAÇANICË,Transporti dhe magazinimi,-0.1350773720457936,-0.061973833,-0.04790342,-0.038523197,-0.024452806
2027,12,GRAÇANICË,Transporti dhe magazinimi,0.2029069069840544,0.40113246,0.42214942,0.43616068,0.45717776
2027,1,GRAÇANICË,Tregtia me shumice dhe pakice; Riparimi i mjeteve motorike dhe motoeikletave,0.07098846413584058,0.12500836,0.14188349,0.15313351,0.17000866
2027,2,GRAÇANICË,Tregtia me shumice dhe pakice; Riparimi i mjeteve motorike dhe motoeikletave,0.06789328706416138,0.11607798,0.13281918,0.1439799,0.16072106
2027,3,GRAÇANICË,Tregtia me shumice dhe pakice; Riparimi i mjeteve motorike dhe motoeikletave,0.06789328706416138,0.114985205,0.13170993,0.14285982,0.15958464
2027,4,GRAÇANICË,Tregtia me shumice dhe pakice; Riparimi i mjeteve motorike dhe motoeikletave,0.06789328706416138,0.108822204,0.12545455,0.1365428,0.15317512
2027,5,GRAÇANICË,Tregtia me shumice dhe pakice; Riparimi i mjeteve motorike dhe motoeikletave,0.06789328706416138,0.118987024,0.13577187,0.14696169,0.16374648
2027,6,GRAÇANICË,Tregtia me shumice dhe pakice; Riparimi i mjeteve motorike dhe motoeikletave,0.06789328706416138,0.11571412,0.13244975,0.1436069,0.16034257
2027,7,GRAÇANICË,Tregtia me shumice dhe pakice; Riparimi i mjeteve motorike dhe motoeikletave,0.06789328706416138,0.115769826,0.13250637,0.14366412,0.16040063
2027,8,GRAÇANICË,Tregtia me shumice dhe pakice; Riparimi i mjeteve motorike dhe motoeikletave,0.06789328706416138,0.115769826,0.13250637,0.14366412,0.16040063
2027,9,GRAÇANICË,Tregtia me shumice dhe pakice; Riparimi i mjeteve motorike dhe motoeikletave,0.06789328706416138,0.11001495,0.12666512,0.13776529,0.15441549
2027,10,GRAÇANICË,Tregtia me shumice dhe pakice; Riparimi i mjeteve motorike dhe motoeikletave,0.06789328706416138,0.11127949,0.12794864,0.13906145,0.1557306
2027,11,GRAÇANICË,Tregtia me shumice dhe pakice; Riparimi i mjeteve motorike dhe motoeikletave,0.06789328706416138,0.1142556,0.1309694,0.1421119,0.15882576
2027,12,GRAÇANICË,Tregtia me shumice dhe pakice; Riparimi i mjeteve motorike dhe motoeikletave,0.06789328706416138,0.159684,0.1770792,0.188676,0.20607126
2027,1,HANI I ELEZIT,Administrimi publik dhe mbrojtja; Sigurimi social i detyrueshem,-0.837472106361015,-0.9573308,-0.9566908,-0.9562641,-0.95562404
2027,1,HANI I ELEZIT,Akomodimi dhe sherbimi ushqimor,0.42361383403318875,0.35827595,0.37864995,0.39223278,0.41260684
2027,2,HANI I ELEZIT,Akomodimi dhe sherbimi ushqimor,0.5802555426597018,0.57486326,0.59848607,0.6142347,0.6378577
2027,3,HANI I ELEZIT,Akomodimi dhe sherbimi ushqimor,0.1433494658027669,0.15919515,0.17658305,0.18817508,0.20556295
2027,4,HANI I ELEZIT,Akomodimi dhe sherbimi ushqimor,0.4325396895262868,0.6366722,0.66122234,0.67758906,0.70213914
2027,5,HANI I ELEZIT,Akomodimi dhe sherbimi ushqimor,0.23138277575043362,0.25901434,0.27789962,0.29048967,0.30937493
2027,6,HANI I ELEZIT,Akomodimi dhe sherbimi ushqimor,0.13431232219098216,0.09723013,0.11368847,0.12466085,0.14111924
2027,7,HANI I ELEZIT,Akomodimi dhe sherbimi ushqimor,0.49758473536427367,0.77554965,0.8021829,0.8199383,0.84657156
2027,8,HANI I ELEZIT,Akomodimi dhe sherbimi ushqimor,-0.1781973431983365,-0.054247227,-0.040060937,-0.030603409,-0.016417146
2027,9,HANI I ELEZIT,Akomodimi dhe sherbimi ushqimor,0.01861263193623934,-0.12966149,-0.116606414,-0.10790306,-0.09484798
2027,10,HANI I ELEZIT,Akomodimi dhe sherbimi ushqimor,0.5228270392032137,0.30149767,0.32102013,0.33403516,0.3535576
2027,11,HANI I ELEZIT,Akomodimi dhe sherbimi ushqimor,0.4601359211774882,0.1051572,0.1217345,0.13278604,0.1493634
2027,12,HANI I ELEZIT,Akomodimi dhe sherbimi ushqimor,0.12301291897449898,0.0798853,0.09608352,0.106882334,0.12308061
2027,3,HANI I ELEZIT,Aktivitetet e shendetit te njeriut dhe te punes sociale,0.5934541038127279,0.16460648,0.1820755,0.19372153,0.2111907
2027,6,HANI I ELEZIT,Aktivitetet e shendetit te njeriut dhe te punes sociale,0.980143087602145,0.27658314,0.2957319,0.3084978,0.3276465
2027,9,HANI I ELEZIT,Aktivitetet e shendetit te njeriut dhe te punes sociale,0.482507872031545,0.07384972,0.08995736,0.10069585,0.116803646
2027,12,HANI I ELEZIT,Aktivitetet e shendetit te njeriut dhe te punes sociale,-0.027684290894173492,-0.14447916,-0.13164634,-0.12309116,-0.11025834
2027,1,HANI I ELEZIT,Aktivitetet e tjera sherbyese,0.7266378988840707,0.043813817,0.05947101,0.069909096,0.08556628
2027,2,HANI I ELEZIT,Aktivitetet e tjera sherbyese,0.21285380653613217,-0.20528384,-0.19336307,-0.18541592,-0.17349523
2027,3,HANI I ELEZIT,Aktivitetet e tjera sherbyese,0.36937404771587445,0.13491143,0.1519351,0.16328418,0.18030787
2027,4,HANI I ELEZIT,Aktivitetet e tjera sherbyese,-0.7427254127167188,-0.88388234,-0.8821406,-0.8809794,-0.87923765
2027,5,HANI I ELEZIT,Aktivitetet e tjera sherbyese,-0.2621368889411116,-0.6514384,-0.64620996,-0.6427244,-0.637496
2027,6,HANI I ELEZIT,Aktivitetet e tjera sherbyese,0.6685567832856618,0.26200145,0.28093147,0.29355156,0.31248152
2027,7,HANI I ELEZIT,Aktivitetet e tjera sherbyese,-0.6786896659332589,-0.78691816,-0.7837219,-0.7815911,-0.7783949
2027,8,HANI I ELEZIT,Aktivitetet e tjera sherbyese,-0.8132674493330987,-1.0,-1.0,-1.0,-1.0
2027,9,HANI I ELEZIT,Aktivitetet e tjera sherbyese,0.891943677441884,0.5633402,0.5867903,0.60242367,0.6258737
2027,10,HANI I ELEZIT,Aktivitetet e tjera sherbyese,-0.44360819676739527,-0.2426141,-0.23125333,-0.22367948,-0.21231866
2027,11,HANI I ELEZIT,Aktivitetet e tjera sherbyese,-0.8005374440473021,-1.0,-1.0,-1.0,-1.0
2027,12,HANI I ELEZIT,Aktivitetet e tjera sherbyese,0.01956091827596883,0.14482345,0.16199577,0.17344403,0.19061637
2027,2,HANI I ELEZIT,"Aktivitetet profesionale, shkencore dhe teknike",0.3241319966203432,0.22704911,0.24545479,0.25772536,0.27613103
2027,3,HANI I ELEZIT,"Aktivitetet profesionale, shkencore dhe teknike",-0.008488647351891943,0.12659612,0.14349496,0.15476096,0.17165995
2027,4,HANI I ELEZIT,"Aktivitetet profesionale, shkencore dhe teknike",0.5295770507622124,0.34264892,0.36278868,0.37621522,0.3963549
2027,5,HANI I ELEZIT,"Aktivitetet profesionale, shkencore dhe teknike",0.3568645601821416,0.62087363,0.6451868,0.66139555,0.6857085
2027,6,HANI I ELEZIT,"Aktivitetet profesionale, shkencore dhe teknike",0.0731898194691336,0.28126648,0.30048537,0.3132981,0.33251703
2027,7,HANI I ELEZIT,"Aktivitetet profesionale, shkencore dhe teknike",2.0,2.0,2.045,2.0749998,2.12
2027,8,HANI I ELEZIT,"Aktivitetet profesionale, shkencore dhe teknike",0.41088328302325094,0.68026745,0.7054714,0.72227407,0.7474781
2027,9,HANI I ELEZIT,"Aktivitetet profesionale, shkencore dhe teknike",0.35292782492569236,0.4988386,0.5213212,0.5363096,0.5587921
2027,10,HANI I ELEZIT,"Aktivitetet profesionale, shkencore dhe teknike",2.0,2.0,2.045,2.0749998,2.12
2027,11,HANI I ELEZIT,"Aktivitetet profesionale, shkencore dhe teknike",2.0,2.0,2.045,2.0749998,2.12
2027,12,HANI I ELEZIT,"Aktivitetet profesionale, shkencore dhe teknike",0.30618507050251625,0.49683845,0.51929104,0.5342593,0.5567119
2027,3,HANI I ELEZIT,"Artet, Argetimi dhe rekreacioni",0.7670620111527675,0.8437527,0.87140894,0.88984644,0.91750264
2027,6,HANI I ELEZIT,"Artet, Argetimi dhe rekreacioni",-0.41807176569341453,-0.45438653,-0.44620234,-0.4407462,-0.432562
2027,9,HANI I ELEZIT,"Artet, Argetimi dhe rekreacioni",1.0759222734356009,0.26260215,0.2815411,0.29416716,0.31310618
2027,12,HANI I ELEZIT,"Artet, Argetimi dhe rekreacioni",-0.4098098160668954,-0.51428413,-0.5069984,-0.50214124,-0.49485552
2027,1,HANI I ELEZIT,Bujqesia;Pylltaria dhe Peshkimi,0.23553427935183058,0.110233836,0.12688732,0.13798964,0.15464306
2027,3,HANI I ELEZIT,Bujqesia;Pylltaria dhe Peshkimi,0.461935638989141,0.47280362,0.49489558,0.50962365,0.53171563
2027,4,HANI I ELEZIT,Bujqesia;Pylltaria dhe Peshkimi,0.19396047357717272,0.25300583,0.27180088,0.28433096,0.3031261
2027,6,HANI I ELEZIT,Bujqesia;Pylltaria dhe Peshkimi,2.0,2.0,2.045,2.0749998,2.12
2027,7,HANI I ELEZIT,Bujqesia;Pylltaria dhe Peshkimi,-0.24037437422842345,-0.33630303,-0.32634753,-0.3197106,-0.30975515
2027,8,HANI I ELEZIT,Bujqesia;Pylltaria dhe Peshkimi,1.4534262927944468,0.812932,0.8401259,0.85825527,0.8854492
2027,9,HANI I ELEZIT,Bujqesia;Pylltaria dhe Peshkimi,-0.2741028784713901,-0.22095928,-0.2092737,-0.20148331,-0.1897977
2027,10,HANI I ELEZIT,Bujqesia;Pylltaria dhe Peshkimi,-0.30421990625669365,-0.36241376,-0.35284996,-0.3464741,-0.33691037
2027,11,HANI I ELEZIT,Bujqesia;Pylltaria dhe Peshkimi,-0.46818530148112103,-0.54982084,-0.5430682,-0.53856635,-0.5318137
2027,12,HANI I ELEZIT,Bujqesia;Pylltaria dhe Peshkimi,2.0,2.0,2.045,2.0749998,2.12
2027,1,HANI I ELEZIT,Furnizimi me uje; Kanalizimi; Aktivitetet e menaxhimit dhe te trajtimit te mbeturinave,-0.053709091641174024,-0.18146868,-0.1691907,-0.16100538,-0.14872742
2027,2,HANI I ELEZIT,Furnizimi me uje; Kanalizimi; Aktivitetet e menaxhimit dhe te trajtimit te mbeturinave,-0.18815565297224238,-0.19448984,-0.1824072,-0.17435211,-0.16226947
2027,3,HANI I ELEZIT,Furnizimi me uje; Kanalizimi; Aktivitetet e menaxhimit dhe te trajtimit te mbeturinave,0.02637469444677823,0.23186873,0.25034678,0.2626654,0.28114343
2027,4,HANI I ELEZIT,Furnizimi me uje; Kanalizimi; Aktivitetet e menaxhimit dhe te trajtimit te mbeturinave,0.32813188195444093,0.60336936,0.6274198,0.6434536,0.6675041
2027,5,HANI I ELEZIT,Furnizimi me uje; Kanalizimi; Aktivitetet e menaxhimit dhe te trajtimit te mbeturinave,0.4604884426193804,0.6092271,0.6333655,0.6494578,0.67359626
2027,6,HANI I ELEZIT,Furnizimi me uje; Kanalizimi; Aktivitetet e menaxhimit dhe te trajtimit te mbeturinave,0.4887757623548237,0.494036,0.5164465,0.53138685,0.55379736
2027,7,HANI I ELEZIT,Furnizimi me uje; Kanalizimi; Aktivitetet e menaxhimit dhe te trajtimit te mbeturinave,0.053506044424565254,0.20137143,0.21939194,0.23140574,0.24942625
2027,8,HANI I ELEZIT,Furnizimi me uje; Kanalizimi; Aktivitetet e menaxhimit dhe te trajtimit te mbeturinave,0.04645548286021065,0.17268465,0.19027495,0.20200181,0.21959198
2027,9,HANI I ELEZIT,Furnizimi me uje; Kanalizimi; Aktivitetet e menaxhimit dhe te trajtimit te mbeturinave,0.013590738905094213,0.19435744,0.21227276,0.22421634,0.24213159
2027,10,HANI I ELEZIT,Furnizimi me uje; Kanalizimi; Aktivitetet e menaxhimit dhe te trajtimit te mbeturinave,-0.15565113000308234,-0.1155989,-0.10233289,-0.09348893,-0.080222905
2027,11,HANI I ELEZIT,Furnizimi me uje; Kanalizimi; Aktivitetet e menaxhimit dhe te trajtimit te mbeturinave,-0.01564229040231579,0.059551448,0.0754447,0.08604026,0.10193348
2027,12,HANI I ELEZIT,Furnizimi me uje; Kanalizimi; Aktivitetet e menaxhimit dhe te trajtimit te mbeturinave,0.35722613460456537,0.52620757,0.54910064,0.56436276,0.58725584
2027,1,HANI I ELEZIT,Industria nxjerrese,0.26204038675382935,-0.1392665,-0.12635553,-0.1177482,-0.10483718
2027,2,HANI I ELEZIT,Industria nxjerrese,-0.5463369249104001,-0.53936994,-0.5324605,-0.5278542,-0.5209447
2027,3,HANI I ELEZIT,Industria nxjerrese,-0.6070129926992689,-0.63492924,-0.6294532,-0.6258025,-0.6203264
2027,4,HANI I ELEZIT,Industria nxjerrese,-0.7102003838836499,-0.7623962,-0.75883216,-0.75645614,-0.7528921
2027,5,HANI I ELEZIT,Industria nxjerrese,-0.33921550203937906,-0.6191161,-0.61340284,-0.60959405,-0.60388076
2027,6,HANI I ELEZIT,Industria nxjerrese,-0.7816709189407852,-0.8628352,-0.86077774,-0.8594061,-0.8573486
2027,7,HANI I ELEZIT,Industria nxjerrese,-0.8421994377628262,-1.0,-1.0,-1.0,-1.0
2027,8,HANI I ELEZIT,Industria nxjerrese,-0.8864157926953597,-0.97582084,-0.97545815,-0.9752164,-0.9748537
2027,9,HANI I ELEZIT,Industria nxjerrese,-0.908647512084149,-1.0,-1.0,-1.0,-1.0
2027,10,HANI I ELEZIT,Industria nxjerrese,-0.9076206500814866,-1.0,-1.0,-1.0,-1.0
2027,11,HANI I ELEZIT,Industria nxjerrese,-0.8920888794595289,-1.0,-1.0,-1.0,-1.0
2027,12,HANI I ELEZIT,Industria nxjerrese,-0.7968563065493846,-0.9661344,-0.9656264,-0.9652878,-0.9647798
2027,1,HANI I ELEZIT,Industria perpunuese,0.09642607429125861,0.530688,0.55364835,0.5689552,0.5919155
2027,2,HANI I ELEZIT,Industria perpunuese,0.06363499523096977,0.060888574,0.076801896,0.08741069,0.103324056
2027,3,HANI I ELEZIT,Industria perpunuese,0.06723222324222118,0.14849076,0.16571808,0.17720306,0.19443035
2027,4,HANI I ELEZIT,Industria perpunuese,0.06846608551546389,0.11598162,0.1327213,0.14388108,0.16062081
2027,5,HANI I ELEZIT,Industria perpunuese,0.06846608551546389,0.13455825,0.15157652,0.16292214,0.17994046
2027,6,HANI I ELEZIT,Industria perpunuese,0.06789328706416138,0.13140284,0.14837384,0.15968788,0.17665887
2027,7,HANI I ELEZIT,Industria perpunuese,0.06846608551546389,0.1269078,0.14381146,0.15508044,0.17198408
2027,8,HANI I ELEZIT,Industria perpunuese,0.06846608551546389,0.13686511,0.15391815,0.16528678,0.18233967
2027,9,HANI I ELEZIT,Industria perpunuese,0.06789328706416138,0.12830879,0.1452334,0.15651643,0.17344105
2027,10,HANI I ELEZIT,Industria perpunuese,0.06846608551546389,0.1378646,0.1549325,0.16631114,0.18337917
2027,11,HANI I ELEZIT,Industria perpunuese,0.06846608551546389,0.14077103,0.15788257,0.1692903,0.18640184
2027,12,HANI I ELEZIT,Industria perpunuese,0.06863058251048915,0.23927268,0.25786173,0.2702545,0.28884363
2027,1,HANI I ELEZIT,Informimi dhe komunikimi,-0.6221127907872017,-1.0,-1.0,-1.0,-1.0
2027,2,HANI I ELEZIT,Informimi dhe komunikimi,-0.7700494306133054,-1.0,-1.0,-1.0,-1.0
2027,3,HANI I ELEZIT,Informimi dhe komunikimi,-0.7122297979294242,-0.81800026,-0.81527025,-0.8134503,-0.81072026
2027,4,HANI I ELEZIT,Informimi dhe komunikimi,-0.7725463590782523,-0.95851034,-0.957888,-0.9574731,-0.95685077
2027,5,HANI I ELEZIT,Informimi dhe komunikimi,-0.7629537304362536,-0.789043,-0.78587866,-0.7837691,-0.7806047
2027,6,HANI I ELEZIT,Informimi dhe komunikimi,-0.5540660365064731,-0.5955384,-0.58947146,-0.5854268,-0.5793599
2027,7,HANI I ELEZIT,Informimi dhe komunikimi,-0.7751626466429562,-0.6752662,-0.6703952,-0.6671479,-0.66227686
2027,8,HANI I ELEZIT,Informimi dhe komunikimi,0.7696088693257593,1.0447657,1.0754371,1.0958848,1.1265562
2027,10,HANI I ELEZIT,Informimi dhe komunikimi,-0.5224098307818696,-0.69195586,-0.6873352,-0.68425477,-0.6796341
2027,1,HANI I ELEZIT,Ndertimtaria,0.9732992928514484,0.581794,0.60552096,0.62133884,0.64506567
2027,2,HANI I ELEZIT,Ndertimtaria,-0.3874706128710468,-0.2662951,-0.2552895,-0.24795246,-0.23694688
2027,3,HANI I ELEZIT,Ndertimtaria,0.9373675096125215,0.6804523,0.70565915,0.7224636,0.7476704
2027,4,HANI I ELEZIT,Ndertimtaria,-0.4966550260000644,-0.32352334,-0.3133762,-0.30661142,-0.29646432
2027,5,HANI I ELEZIT,Ndertimtaria,0.6134498666739152,0.41476303,0.43598437,0.450132,0.4713534
2027,6,HANI I ELEZIT,Ndertimtaria,0.7201693100340345,0.5231106,0.5459572,0.56118834,0.58403504
2027,7,HANI I ELEZIT,Ndertimtaria,-0.5979323064028875,-0.5047806,-0.4973523,-0.4924001,-0.48497182
2027,8,HANI I ELEZIT,Ndertimtaria,-0.484978517738835,-0.3256756,-0.31556076,-0.3088175,-0.29870266
2027,9,HANI I ELEZIT,Ndertimtaria,-0.4361362844787888,-0.38178042,-0.3725071,-0.3663249,-0.3570516
2027,10,HANI I ELEZIT,Ndertimtaria,0.15704905908405187,0.16010392,0.1775055,0.18910646,0.20650804
2027,11,HANI I ELEZIT,Ndertimtaria,-0.30704388026494667,-0.2998798,-0.289378,-0.28237683,-0.27187502
2027,12,HANI I ELEZIT,Ndertimtaria,-0.0011006873591623341,0.101813205,0.11834037,0.12935853,0.1458857
2027,3,HANI I ELEZIT,Person Fizik,-0.5627992167297639,-0.5581208,-0.5514926,-0.54707384,-0.5404456
2027,6,HANI I ELEZIT,Person Fizik,-0.485026129549138,-0.99725085,-0.9972096,-0.99718213,-0.9971409
2027,9,HANI I ELEZIT,Person Fizik,-0.43587979918390574,-0.9479096,-0.94712824,-0.94660735,-0.945826
2027,1,HANI I ELEZIT,Sherbimet administrative dhe mbeshtetese,0.3348431758345814,0.043960657,0.059620142,0.07005966,0.08571911
2027,2,HANI I ELEZIT,Sherbimet administrative dhe mbeshtetese,0.28510409196425984,-0.14350386,-0.13065642,-0.12209147,-0.10924405
2027,3,HANI I ELEZIT,Sherbimet administrative dhe mbeshtetese,1.7414824375565725,2.0,2.045,2.0749998,2.12
2027,4,HANI I ELEZIT,Sherbimet administrative dhe mbeshtetese,1.3333809379641166,1.129481,1.161423,1.1827178,1.2146599
2027,5,HANI I ELEZIT,Sherbimet administrative dhe mbeshtetese,1.5009062386112983,1.0041575,1.03422,1.0542614,1.0843239
2027,6,HANI I ELEZIT,Sherbimet administrative dhe mbeshtetese,2.0,2.0,2.045,2.0749998,2.12
2027,7,HANI I ELEZIT,Sherbimet administrative dhe mbeshtetese,2.0,2.0,2.045,2.0749998,2.12
2027,8,HANI I ELEZIT,Sherbimet administrative dhe mbeshtetese,1.8673218753195693,2.0,2.045,2.0749998,2.12
2027,9,HANI I ELEZIT,Sherbimet administrative dhe mbeshtetese,1.8801864693168886,1.6415943,1.6812184,1.7076342,1.7472582
2027,10,HANI I ELEZIT,Sherbimet administrative dhe mbeshtetese,1.2164842942721976,1.0345873,1.0651062,1.0854521,1.1159708
2027,11,HANI I ELEZIT,Sherbimet administrative dhe mbeshtetese,1.0436838476426427,1.000176,1.0301785,1.0501802,1.080183
2027,12,HANI I ELEZIT,Sherbimet administrative dhe mbeshtetese,0.5444473002373067,0.8700925,0.8981439,0.9168447,0.9448961
2027,1,HANI I ELEZIT,Transporti dhe magazinimi,0.6692037287535642,0.40706617,0.4281721,0.44224274,0.46334875
2027,2,HANI I ELEZIT,Transporti dhe magazinimi,0.18636241750619573,0.1695142,0.1870569,0.19875205,0.21629465
2027,3,HANI I ELEZIT,Transporti dhe magazinimi,0.14118658887873362,0.14953211,0.16677499,0.17827034,0.19551337
2027,4,HANI I ELEZIT,Transporti dhe magazinimi,0.20034108234870637,0.25473365,0.27355468,0.28610194,0.30492294
2027,5,HANI I ELEZIT,Transporti dhe magazinimi,0.022774542796025702,0.037978213,0.05354786,0.06392765,0.07949722
2027,6,HANI I ELEZIT,Transporti dhe magazinimi,0.18870101907318565,0.18436572,0.20213127,0.21397483,0.23174036
2027,7,HANI I ELEZIT,Transporti dhe magazinimi,0.19578141243909108,0.18708344,0.20488977,0.21676052,0.23456681
2027,8,HANI I ELEZIT,Transporti dhe magazinimi,0.11539657559427757,0.15307085,0.17036688,0.18189752,0.1991936
2027,9,HANI I ELEZIT,Transporti dhe magazinimi,0.10846392177645882,0.13905779,0.15614355,0.16753411,0.18462002
2027,10,HANI I ELEZIT,Transporti dhe magazinimi,0.1756724365117592,0.12571687,0.14260268,0.15385985,0.17074561
2027,11,HANI I ELEZIT,Transporti dhe magazinimi,0.1791747894471752,0.15812856,0.1755004,0.1870817,0.20445359
2027,12,HANI I ELEZIT,Transporti dhe magazinimi,0.06678504985511151,0.2299574,0.24840665,0.2607063,0.2791556
2027,1,HANI I ELEZIT,Tregtia me shumice dhe pakice; Riparimi i mjeteve motorike dhe motoeikletave,0.623641379408295,0.32718426,0.3470919,0.36036372,0.38027155
2027,2,HANI I ELEZIT,Tregtia me shumice dhe pakice; Riparimi i mjeteve motorike dhe motoeikletave,0.23387468969835443,0.21106453,0.22923052,0.24134111,0.25950706
2027,3,HANI I ELEZIT,Tregtia me shumice dhe pakice; Riparimi i mjeteve motorike dhe motoeikletave,-0.1406885993746398,-0.051344253,-0.03711444,-0.027627885,-0.013398111
2027,4,HANI I ELEZIT,Tregtia me shumice dhe pakice; Riparimi i mjeteve motorike dhe motoeikletave,0.14949033574081186,0.036492713,0.0520401,0.06240499,0.077952385
2027,5,HANI I ELEZIT,Tregtia me shumice dhe pakice; Riparimi i mjeteve motorike dhe motoeikletave,0.10552307612522159,0.014602372,0.029821396,0.039967418,0.05518651
2027,6,HANI I ELEZIT,Tregtia me shumice dhe pakice; Riparimi i mjeteve motorike dhe motoeikletave,0.15584673522357215,0.112992235,0.12968719,0.14081705,0.15751195
2027,7,HANI I ELEZIT,Tregtia me shumice dhe pakice; Riparimi i mjeteve motorike dhe motoeikletave,0.1517375814587306,0.07171418,0.08778989,0.09850705,0.11458266
2027,8,HANI I ELEZIT,Tregtia me shumice dhe pakice; Riparimi i mjeteve motorike dhe motoeikletave,0.18286553073614747,0.07171418,0.08778989,0.09850705,0.11458266
2027,9,HANI I ELEZIT,Tregtia me shumice dhe pakice; Riparimi i mjeteve motorike dhe motoeikletave,0.14583802330579837,0.111315995,0.12798572,0.13909888,0.15576851
2027,10,HANI I ELEZIT,Tregtia me shumice dhe pakice; Riparimi i mjeteve motorike dhe motoeikletave,0.17676546901106208,0.07664098,0.0927906,0.10355699,0.11970651
2027,11,HANI I ELEZIT,Tregtia me shumice dhe pakice; Riparimi i mjeteve motorike dhe motoeikletave,0.13836825171612524,0.083481066,0.09973323,0.11056805,0.12682033
2027,12,HANI I ELEZIT,Tregtia me shumice dhe pakice; Riparimi i mjeteve motorike dhe motoeikletave,0.0849762947327894,0.077016436,0.093171716,0.10394192,0.12009704
2027,1,ISTOG,Administrimi publik dhe mbrojtja; Sigurimi social i detyrueshem,0.2967901224756278,0.17035165,0.18790686,0.19961035,0.21716559
2027,2,ISTOG,Administrimi publik dhe mbrojtja; Sigurimi social i detyrueshem,0.25983035666846976,0.18172245,0.19944823,0.21126544,0.22899127
2027,3,ISTOG,Administrimi publik dhe mbrojtja; Sigurimi social i detyrueshem,0.2564832698665651,0.35534397,0.37567413,0.3892275,0.4095577
2027,4,ISTOG,Administrimi publik dhe mbrojtja; Sigurimi social i detyrueshem,0.1312427886885555,0.14942971,0.16667116,0.17816544,0.1954068
2027,5,ISTOG,Administrimi publik dhe mbrojtja; Sigurimi social i detyrueshem,-0.06796777153872209,-0.15858215,-0.14596087,-0.13754672,-0.124925494
2027,6,ISTOG,Administrimi publik dhe mbrojtja; Sigurimi social i detyrueshem,0.2512465078636945,0.1171462,0.13390338,0.14507484,0.1618321
2027,7,ISTOG,Administrimi publik dhe mbrojtja; Sigurimi social i detyrueshem,-0.40499503240652945,-0.41590336,-0.40714186,-0.4013009,-0.3925395
2027,8,ISTOG,Administrimi publik dhe mbrojtja; Sigurimi social i detyrueshem,0.2038936491744665,0.0894241,0.10576546,0.11665976,0.13300109
2027,9,ISTOG,Administrimi publik dhe mbrojtja; Sigurimi social i detyrueshem,0.4451179960908425,0.1738347,0.19144213,0.20318055,0.220788
2027,10,ISTOG,Administrimi publik dhe mbrojtja; Sigurimi social i detyrueshem,0.3658663807018665,-0.08294571,-0.069189906,-0.060019374,-0.046263576
2027,11,ISTOG,Administrimi publik dhe mbrojtja; Sigurimi social i detyrueshem,0.34474038297135284,0.13258407,0.14957285,0.16089869,0.17788744
2027,12,ISTOG,Administrimi publik dhe mbrojtja; Sigurimi social i detyrueshem,0.5770680327703919,0.21947011,0.23776221,0.24995685,0.26824892
2027,1,ISTOG,Akomodimi dhe sherbimi ushqimor,0.3901439947135663,0.33037302,0.35032868,0.36363232,0.38358796
2027,2,ISTOG,Akomodimi dhe sherbimi ushqimor,1.0104243927133307,0.54360294,0.56675696,0.582193,0.60534704
2027,3,ISTOG,Akomodimi dhe sherbimi ushqimor,0.08479542054620424,0.12780604,0.14472318,0.15600121,0.17291832
2027,4,ISTOG,Akomodimi dhe sherbimi ushqimor,0.4183182280273106,0.41775605,0.43902242,0.45319998,0.47446632
2027,5,ISTOG,Akomodimi dhe sherbimi ushqimor,0.36213808501097655,0.34156856,0.36169207,0.37510777,0.39523125
2027,6,ISTOG,Akomodimi dhe sherbimi ushqimor,0.06796334210798496,0.11707129,0.13382733,0.14499807,0.16175413
2027,7,ISTOG,Akomodimi dhe sherbimi ushqimor,-0.08590160005000418,-0.041670796,-0.027295887,-0.017712593,-0.0033376813
2027,8,ISTOG,Akomodimi dhe sherbimi ushqimor,-0.11204152260313509,-0.045079418,-0.03075564,-0.021206439,-0.006882608
2027,9,ISTOG,Akomodimi dhe sherbimi ushqimor,0.1724171371681241,0.27147758,0.29054976,0.3032645,0.32233667
2027,10,ISTOG,Akomodimi dhe sherbimi ushqimor,0.6596616955270176,0.5481291,0.57135105,0.5868323,0.61005414
2027,11,ISTOG,Akomodimi dhe sherbimi ushqimor,0.896870056200948,0.3869068,0.40771043,0.42157948,0.44238305
2027,12,ISTOG,Akomodimi dhe sherbimi ushqimor,0.030923724869940685,0.1302637,0.14721763,0.15852022,0.17547417
2027,1,ISTOG,Aktivitetet e patundshmerise,1.56648607493229,0.27676186,0.29591334,0.3086809,0.32783234
2027,2,ISTOG,Aktivitetet e patundshmerise,1.7931963313984913,1.7903144,1.832169,1.8600721,1.901927
2027,3,ISTOG,Aktivitetet e patundshmerise,2.0,2.0,2.045,2.0749998,2.12
2027,4,ISTOG,Aktivitetet e patundshmerise,2.0,2.0,2.045,2.0749998,2.12
2027,5,ISTOG,Aktivitetet e patundshmerise,2.0,1.4906129,1.5279722,1.5528781,1.5902374
2027,8,ISTOG,Aktivitetet e patundshmerise,-0.45463185927918376,-0.6809708,-0.67618537,-0.6729951,-0.6682097
2027,9,ISTOG,Aktivitetet e patundshmerise,-0.34490648658839956,-0.46552116,-0.45750397,-0.45215923,-0.44414204
2027,10,ISTOG,Aktivitetet e patundshmerise,0.27340113144499756,0.12953839,0.14648151,0.15777683,0.17471993
2027,12,ISTOG,Aktivitetet e patundshmerise,-0.21146796129886722,-0.055002492,-0.040827572,-0.031377614,-0.017202675
2027,1,ISTOG,Aktivitetet e shendetit te njeriut dhe te punes sociale,0.10587286692158107,0.14926949,0.16650844,0.17800117,0.19524014
2027,2,ISTOG,Aktivitetet e shendetit te njeriut dhe te punes sociale,0.14929654784962015,0.07533988,0.09147,0.1022234,0.118353486
2027,3,ISTOG,Aktivitetet e shendetit te njeriut dhe te punes sociale,0.16626471248392977,0.1864409,0.20423758,0.21610188,0.23389852
2027,4,ISTOG,Aktivitetet e shendetit te njeriut dhe te punes sociale,0.0019945615118944354,0.0028117641,0.017853975,0.0278821,0.042924166
2027,5,ISTOG,Aktivitetet e shendetit te njeriut dhe te punes sociale,0.11557092440715555,0.053352352,0.06915259,0.079686165,0.0954864
2027,6,ISTOG,Aktivitetet e shendetit te njeriut dhe te punes sociale,0.18173253344117324,0.29058525,0.30994403,0.32284987,0.34220862
2027,7,ISTOG,Aktivitetet e shendetit te njeriut dhe te punes sociale,0.5656886214961828,0.5519098,0.5751884,0.59070754,0.61398613
2027,8,ISTOG,Aktivitetet e shendetit te njeriut dhe te punes sociale,0.034110458039922076,0.10325715,0.11980605,0.13083863,0.14738739
2027,9,ISTOG,Aktivitetet e shendetit te njeriut dhe te punes sociale,0.10614740699834353,0.09190326,0.10828173,0.11920071,0.13557935
2027,10,ISTOG,Aktivitetet e shendetit te njeriut dhe te punes sociale,0.18595973410049105,0.092348516,0.10873377,0.11965728,0.13604248
2027,11,ISTOG,Aktivitetet e shendetit te njeriut dhe te punes sociale,0.1930107027556096,0.20303097,0.22107637,0.23310673,0.25115216
2027,12,ISTOG,Aktivitetet e shendetit te njeriut dhe te punes sociale,0.2084058259085078,0.43195662,0.45343602,0.46775556,0.4892348
2027,1,ISTOG,Aktivitetet e tjera sherbyese,0.12756583375776007,0.047108356,0.06281507,0.07328606,0.088992715
2027,2,ISTOG,Aktivitetet e tjera sherbyese,-0.27263008214555,-0.4844607,-0.4767276,-0.47157222,-0.46383917
2027,3,ISTOG,Aktivitetet e tjera sherbyese,0.03728666423735404,-0.10548715,-0.09206951,-0.08312434,-0.06970668
2027,4,ISTOG,Aktivitetet e tjera sherbyese,0.1626529365579575,0.025352817,0.0407331,0.050986648,0.06636691
2027,5,ISTOG,Aktivitetet e tjera sherbyese,-0.3393942662924483,-0.3042197,-0.293783,-0.28682524,-0.27638853
2027,6,ISTOG,Aktivitetet e tjera sherbyese,-0.02099729178572614,-0.099144295,-0.08563143,-0.0766229,-0.06311011
2027,7,ISTOG,Aktivitetet e tjera sherbyese,0.23398233048465975,0.07474981,0.090871096,0.10161853,0.1177398
2027,8,ISTOG,Aktivitetet e tjera sherbyese,-0.5806200971684304,-0.47308922,-0.46518558,-0.45991647,-0.45201278
2027,9,ISTOG,Aktivitetet e tjera sherbyese,0.023870980939857626,-0.15082912,-0.13809156,-0.12959987,-0.11686236
2027,10,ISTOG,Aktivitetet e tjera sherbyese,0.3971179634271044,0.49914706,0.5216342,0.53662574,0.5591129
2027,11,ISTOG,Aktivitetet e tjera sherbyese,-0.3417615778172964,-0.4559526,-0.44779193,-0.44235146,-0.43419075
2027,12,ISTOG,Aktivitetet e tjera sherbyese,0.16019118944531135,0.323829,0.34368634,0.35692465,0.37678206
2027,1,ISTOG,Aktivitetet financiare dhe te sigurimit,0.6839385944435196,0.2990205,0.31850576,0.331496,0.35098135
2027,2,ISTOG,Aktivitetet financiare dhe te sigurimit,0.4172225671983455,0.25476953,0.27359104,0.28613877,0.30496025
2027,3,ISTOG,Aktivitetet financiare dhe te sigurimit,-0.014819940195466877,0.08661721,0.10291648,0.113782644,0.13008189
2027,4,ISTOG,Aktivitetet financiare dhe te sigurimit,0.30679696766346154,0.022052964,0.037383795,0.047604322,0.062935114
2027,5,ISTOG,Aktivitetet financiare dhe te sigurimit,0.27399222367544535,0.1288096,0.1457417,0.15702975,0.17396188
2027,6,ISTOG,Aktivitetet financiare dhe te sigurimit,0.0746504579575975,0.16624068,0.1837343,0.19539666,0.21289027
2027,7,ISTOG,Aktivitetet financiare dhe te sigurimit,0.31249782982047397,0.27453116,0.29364908,0.30639434,0.3255123
2027,8,ISTOG,Aktivitetet financiare dhe te sigurimit,0.35678270312922317,0.4160439,0.43728447,0.45144498,0.47268558
2027,9,ISTOG,Aktivitetet financiare dhe te sigurimit,-0.036883022187712576,0.09471928,0.11114001,0.12208724,0.13850796
2027,10,ISTOG,Aktivitetet financiare dhe te sigurimit,0.3875695348001848,0.3619839,0.38241363,0.3960334,0.41646326
2027,11,ISTOG,Aktivitetet financiare dhe te sigurimit,0.3032328654288475,0.15778133,0.17514801,0.18672585,0.20409262
2027,12,ISTOG,Aktivitetet financiare dhe te sigurimit,-0.008676921797974602,0.3857975,0.4065845,0.42044246,0.44122934
2027,1,ISTOG,"Aktivitetet profesionale, shkencore dhe teknike",0.6260558259408189,0.52377063,0.54662716,0.56186485,0.5847213
2027,2,ISTOG,"Aktivitetet profesionale, shkencore dhe teknike",1.1814151829254542,0.89814043,0.9266125,0.94559395,0.974066
2027,3,ISTOG,"Aktivitetet profesionale, shkencore dhe teknike",0.6146593873777759,0.2507868,0.26954854,0.28205645,0.3008182
2027,4,ISTOG,"Aktivitetet profesionale, shkencore dhe teknike",0.6351948556731997,0.5699018,0.5934503,0.60914934,0.6326978
2027,5,ISTOG,"Aktivitetet profesionale, shkencore dhe teknike",-0.15433684484936985,-0.032717325,-0.018208146,-0.0085353255,0.005973935
2027,6,ISTOG,"Aktivitetet profesionale, shkencore dhe teknike",0.462137358006095,0.5364116,0.55945766,0.5748218,0.59786797
2027,7,ISTOG,"Aktivitetet profesionale, shkencore dhe teknike",2.0,2.0,2.045,2.0749998,2.12
2027,8,ISTOG,"Aktivitetet profesionale, shkencore dhe teknike",1.1711431387891278,0.95078117,0.9800428,0.9995506,1.0288122
2027,9,ISTOG,"Aktivitetet profesionale, shkencore dhe teknike",-0.1091338243662954,-0.06488169,-0.05085492,-0.041503727,-0.027476966
2027,10,ISTOG,"Aktivitetet profesionale, shkencore dhe teknike",0.2736291020175363,0.18443766,0.20220423,0.2140485,0.2318151
2027,11,ISTOG,"Aktivitetet profesionale, shkencore dhe teknike",0.35177093535879017,0.27515006,0.2942773,0.30702877,0.32615602
2027,12,ISTOG,"Aktivitetet profesionale, shkencore dhe teknike",-0.04120639394556993,0.083088614,0.099334955,0.110165834,0.12641215
2027,1,ISTOG,Arsimi,0.9472643184557133,0.8495207,0.8772634,0.8957586,0.9235015
2027,2,ISTOG,Arsimi,1.2981244536205923,1.265053,1.2990289,1.3216794,1.355655
2027,3,ISTOG,Arsimi,0.3200960033502,0.27245292,0.29153967,0.3042642,0.32335103
2027,5,ISTOG,Arsimi,1.2883579465808144,1.4916307,1.529005,1.5539212,1.5912957
2027,6,ISTOG,Arsimi,0.3821329496468301,0.42581132,0.4471984,0.46145654,0.48284364
2027,7,ISTOG,Arsimi,1.5131032722151883,1.4679521,1.5049715,1.5296509,1.5666702
2027,8,ISTOG,Arsimi,1.3573491481192488,1.1422471,1.1743808,1.1958034,1.227937
2027,9,ISTOG,Arsimi,0.12528903894940474,0.15596919,0.17330861,0.18486834,0.20220792
2027,10,ISTOG,Arsimi,1.389499087299108,1.4131163,1.4493132,1.4734442,1.5096409
2027,11,ISTOG,Arsimi,1.4409484724817254,1.182135,1.2148671,1.2366884,1.2694204
2027,12,ISTOG,Arsimi,-0.103789179855088,-0.24232297,-0.23095787,-0.2233811,-0.21201593
2027,1,ISTOG,"Artet, Argetimi dhe rekreacioni",-0.20553053234665303,-0.44539282,-0.43707377,-0.43152767,-0.4232086
2027,3,ISTOG,"Artet, Argetimi dhe rekreacioni",0.5776209604714976,0.6434584,0.66811025,0.6845448,0.7091967
2027,4,ISTOG,"Artet, Argetimi dhe rekreacioni",1.4979267089083879,1.686886,1.7271891,1.7540579,1.7943611
2027,5,ISTOG,"Artet, Argetimi dhe rekreacioni",-0.5696319158224603,-0.637494,-0.6320565,-0.6284314,-0.6229938
2027,6,ISTOG,"Artet, Argetimi dhe rekreacioni",1.419188189732361,1.4007738,1.4367852,1.460793,1.4968047
2027,7,ISTOG,"Artet, Argetimi dhe rekreacioni",0.029011280701976894,0.16387428,0.18133235,0.19297111,0.21042919
2027,8,ISTOG,"Artet, Argetimi dhe rekreacioni",0.3864823929007959,0.47557294,0.49770653,0.51246226,0.53459585
2027,9,ISTOG,"Artet, Argetimi dhe rekreacioni",0.7173639512332174,0.98954463,1.0193877,1.0392833,1.0691264
2027,10,ISTOG,"Artet, Argetimi dhe rekreacioni",2.0,2.0,2.045,2.0749998,2.12
2027,11,ISTOG,"Artet, Argetimi dhe rekreacioni",2.0,2.0,2.045,2.0749998,2.12
2027,12,ISTOG,"Artet, Argetimi dhe rekreacioni",2.0,2.0,2.045,2.0749998,2.12
2027,1,ISTOG,Bujqesia;Pylltaria dhe Peshkimi,0.4708446712384192,0.3151047,0.33483124,0.3479823,0.3677088
2027,2,ISTOG,Bujqesia;Pylltaria dhe Peshkimi,0.3980560845973498,0.35544446,0.37577605,0.3893305,0.40966213
2027,3,ISTOG,Bujqesia;Pylltaria dhe Peshkimi,0.18368773967385912,0.35483527,0.37515783,0.3887061,0.40902865
2027,4,ISTOG,Bujqesia;Pylltaria dhe Peshkimi,0.2497037357699917,0.28253272,0.3017707,0.31459594,0.33383393
2027,5,ISTOG,Bujqesia;Pylltaria dhe Peshkimi,0.08730317123432335,0.07779517,0.09396207,0.10474002,0.12090695
2027,6,ISTOG,Bujqesia;Pylltaria dhe Peshkimi,0.252392338976737,0.4201542,0.44145656,0.45565808,0.4769603
2027,7,ISTOG,Bujqesia;Pylltaria dhe Peshkimi,0.004105446245675635,0.03622434,0.051767707,0.062129974,0.077673316
2027,8,ISTOG,Bujqesia;Pylltaria dhe Peshkimi,0.04983516491167548,0.055016045,0.07084131,0.081391454,0.097216606
2027,9,ISTOG,Bujqesia;Pylltaria dhe Peshkimi,0.19859583231951544,0.26816112,0.2871834,0.299865,0.31888747
2027,10,ISTOG,Bujqesia;Pylltaria dhe Peshkimi,0.24389103276015373,0.3344076,0.35442364,0.3677677,0.38778377
2027,11,ISTOG,Bujqesia;Pylltaria dhe Peshkimi,0.16991024507732083,0.19828753,0.21626174,0.22824466,0.24621892
2027,12,ISTOG,Bujqesia;Pylltaria dhe Peshkimi,0.13461291697397518,0.2314879,0.24996018,0.26227498,0.2807473
2027,1,ISTOG,"Furnizimi me rryme, gaz, avull dhe ajer te kondicionuar",0.11641647895613043,-1.0,-1.0,-1.0,-1.0
2027,2,ISTOG,"Furnizimi me rryme, gaz, avull dhe ajer te kondicionuar",-0.5888200703374683,-1.0,-1.0,-1.0,-1.0
2027,3,ISTOG,"Furnizimi me rryme, gaz, avull dhe ajer te kondicionuar",0.24540431843130894,-0.041858267,-0.027486145,-0.017904758,-0.003532648
2027,4,ISTOG,"Furnizimi me rryme, gaz, avull dhe ajer te kondicionuar",0.23352976942045137,-0.2583692,-0.24724478,-0.23982847,-0.22870398
2027,5,ISTOG,"Furnizimi me rryme, gaz, avull dhe ajer te kondicionuar",0.19070003931060214,0.12717865,0.14408636,0.15535808,0.17226577
2027,6,ISTOG,"Furnizimi me rryme, gaz, avull dhe ajer te kondicionuar",1.9569330787181085,2.0,2.045,2.0749998,2.12
2027,10,ISTOG,"Furnizimi me rryme, gaz, avull dhe ajer te kondicionuar",-0.4463503880790067,-0.44938546,-0.44112623,-0.43562013,-0.4273609
2027,11,ISTOG,"Furnizimi me rryme, gaz, avull dhe ajer te kondicionuar",0.6761974235180549,-0.592028,-0.5859084,-0.5818287,-0.57570916
2027,12,ISTOG,"Furnizimi me rryme, gaz, avull dhe ajer te kondicionuar",1.286616871003688,2.0,2.045,2.0749998,2.12
2027,1,ISTOG,Furnizimi me uje; Kanalizimi; Aktivitetet e menaxhimit dhe te trajtimit te mbeturinave,0.33051525761102796,0.23182742,0.25030482,0.26262307,0.2811004
2027,3,ISTOG,Furnizimi me uje; Kanalizimi; Aktivitetet e menaxhimit dhe te trajtimit te mbeturinave,0.4154083210931569,0.18105912,0.19877493,0.2105856,0.2283014
2027,6,ISTOG,Furnizimi me uje; Kanalizimi; Aktivitetet e menaxhimit dhe te trajtimit te mbeturinave,0.1359053968754209,-0.15231103,-0.13959569,-0.13111883,-0.118403494
2027,7,ISTOG,Furnizimi me uje; Kanalizimi; Aktivitetet e menaxhimit dhe te trajtimit te mbeturinave,0.4080688714726478,0.2255432,0.2439264,0.25618184,0.27456498
2027,9,ISTOG,Furnizimi me uje; Kanalizimi; Aktivitetet e menaxhimit dhe te trajtimit te mbeturinave,0.07486888057316038,0.09222739,0.10861075,0.11953294,0.13591635
2027,12,ISTOG,Furnizimi me uje; Kanalizimi; Aktivitetet e menaxhimit dhe te trajtimit te mbeturinave,0.77288096451303,0.77994365,0.8066429,0.82444227,0.85114133
2027,2,ISTOG,Industria nxjerrese,2.0,2.0,2.045,2.0749998,2.12
2027,3,ISTOG,Industria nxjerrese,0.0067799118312562075,0.080709405,0.09692013,0.10772717,0.123937845
2027,4,ISTOG,Industria nxjerrese,-0.506566379119721,-0.3814714,-0.37219346,-0.36600822,-0.35673028
2027,5,ISTOG,Industria nxjerrese,-0.06114578211034812,0.06970477,0.08575034,0.09644735,0.11249292
2027,6,ISTOG,Industria nxjerrese,-0.36239397734809337,-0.40735054,-0.3984608,-0.39253432,-0.38364458
2027,7,ISTOG,Industria nxjerrese,-0.5888743113883215,-0.45136428,-0.44313473,-0.43764842,-0.42941886
2027,8,ISTOG,Industria nxjerrese,-0.6812581737617182,-0.59000874,-0.58385885,-0.579759,-0.5736091
2027,9,ISTOG,Industria nxjerrese,-0.7606773301428448,-0.7137494,-0.7094556,-0.70659316,-0.70229936
2027,10,ISTOG,Industria nxjerrese,-0.7198589149439292,-0.9032636,-0.90181255,-0.9008452,-0.89939415
2027,11,ISTOG,Industria nxjerrese,-0.7589111954980869,-0.76691717,-0.76342094,-0.7610901,-0.75759387
2027,12,ISTOG,Industria nxjerrese,-0.6968444989825083,-1.0,-1.0,-1.0,-1.0
2027,1,ISTOG,Industria perpunuese,0.0890617491992813,0.19229086,0.21017528,0.22209811,0.23998249
2027,2,ISTOG,Industria perpunuese,0.08069628903562136,0.13835078,0.15542603,0.16680944,0.18388474
2027,3,ISTOG,Industria perpunuese,0.07197736332741936,0.13654855,0.15359676,0.16496217,0.18201041
2027,4,ISTOG,Industria perpunuese,0.08017901632606465,0.10897071,0.12560534,0.13669503,0.15332949
2027,5,ISTOG,Industria perpunuese,0.07012992067069009,0.0738983,0.09000683,0.1007458,0.11685419
2027,6,ISTOG,Industria perpunuese,0.07327400894952456,0.14981773,0.1670649,0.17856312,0.19581032
2027,7,ISTOG,Industria perpunuese,0.06912157816275476,0.116997324,0.13375235,0.14492226,0.16167724
2027,8,ISTOG,Industria perpunuese,0.06697550269919508,0.11251002,0.1291976,0.14032269,0.15701032
2027,9,ISTOG,Industria perpunuese,0.06912157816275476,0.12135405,0.13817441,0.14938796,0.16620827
2027,10,ISTOG,Industria perpunuese,0.06912157816275476,0.11610451,0.132846,0.14400709,0.1607486
2027,11,ISTOG,Industria perpunuese,0.06937829870578086,0.1219483,0.1387775,0.14999688,0.16682613
2027,12,ISTOG,Industria perpunuese,0.0662576960773758,0.15561007,0.17294419,0.18450034,0.20183444
2027,1,ISTOG,Informimi dhe komunikimi,0.2785413658279193,0.0105364425,0.02569449,0.03579986,0.0509578
2027,2,ISTOG,Informimi dhe komunikimi,0.1343525442524952,0.05898292,0.074867725,0.08545756,0.1013422
2027,3,ISTOG,Informimi dhe komunikimi,0.0963401642253467,0.16034895,0.17775416,0.18935764,0.20676279
2027,4,ISTOG,Informimi dhe komunikimi,0.34392426739685095,0.42553523,0.44691825,0.46117353,0.48255658
2027,5,ISTOG,Informimi dhe komunikimi,0.31998669612149966,0.43695506,0.45850945,0.47287893,0.49443328
2027,6,ISTOG,Informimi dhe komunikimi,0.2930837806601412,0.31656,0.33630836,0.34947395,0.3692224
2027,7,ISTOG,Informimi dhe komunikimi,0.2924253460465225,0.33027664,0.3502307,0.3635335,0.38348758
2027,8,ISTOG,Informimi dhe komunikimi,0.22967713005524126,0.27084416,0.28990686,0.30261528,0.32167792
2027,9,ISTOG,Informimi dhe komunikimi,0.10536860078111905,0.21802084,0.23629105,0.24847126,0.26674163
2027,10,ISTOG,Informimi dhe komunikimi,0.1530823502898049,0.21861765,0.23689687,0.24908304,0.26736236
2027,11,ISTOG,Informimi dhe komunikimi,0.16864802926714323,0.1781684,0.19584095,0.20762265,0.22529507
2027,12,ISTOG,Informimi dhe komunikimi,0.002307795016670649,0.16320549,0.18065357,0.19228566,0.20973372
2027,10,ISTOG,Mungon aktiviteti,-0.9337577540708457,-1.0,-1.0,-1.0,-1.0
2027,11,ISTOG,Mungon aktiviteti,-0.9292237508118039,-1.0,-1.0,-1.0,-1.0
2027,12,ISTOG,Mungon aktiviteti,-0.6400405142242439,-0.35905835,-0.34944427,-0.34303486,-0.33342075
2027,1,ISTOG,Ndertimtaria,0.2734828863636211,0.4291838,0.4506216,0.46491337,0.48635113
2027,2,ISTOG,Ndertimtaria,0.34571314071866643,0.6911805,0.7165482,0.73345995,0.75882757
2027,3,ISTOG,Ndertimtaria,0.06255419004350113,0.25019103,0.2689438,0.28144574,0.30019855
2027,4,ISTOG,Ndertimtaria,-0.012454164502593302,0.039773654,0.05537033,0.065768,0.08136463
2027,5,ISTOG,Ndertimtaria,0.01843780954725462,0.028998215,0.044433236,0.054723144,0.070158124
2027,6,ISTOG,Ndertimtaria,0.08510868209361966,0.21475455,0.23297584,0.24512339,0.26334476
2027,7,ISTOG,Ndertimtaria,0.08478799874477681,0.09226735,0.1086514,0.11957407,0.13595808
2027,8,ISTOG,Ndertimtaria,0.04560628213822745,0.071548656,0.08762193,0.09833741,0.11441064
2027,9,ISTOG,Ndertimtaria,0.06844375969865144,0.11110926,0.12777591,0.13888693,0.15555358
2027,10,ISTOG,Ndertimtaria,0.08777384446434819,0.16566949,0.18315446,0.1948111,0.21229613
2027,11,ISTOG,Ndertimtaria,0.08834919130338428,0.086298056,0.10259259,0.113455534,0.12975001
2027,12,ISTOG,Ndertimtaria,0.06273283194089671,0.0949077,0.11133134,0.12228048,0.13870406
2027,1,ISTOG,Person Fizik,0.7590884900184043,0.97822964,1.0079031,1.0276854,1.0573587
2027,2,ISTOG,Person Fizik,0.10226797158187408,0.33692947,0.3569833,0.37035263,0.3904066
2027,3,ISTOG,Person Fizik,-0.05612467646692538,-0.400127,-0.3911289,-0.38513017,-0.37613207
2027,4,ISTOG,Person Fizik,-0.2639723424719272,-0.57238746,-0.5659733,-0.5616971,-0.55528295
2027,5,ISTOG,Person Fizik,-0.38495355749485116,-0.9087412,-0.9073723,-0.9064597,-0.9050908
2027,6,ISTOG,Person Fizik,-0.20262018814028088,-0.6092645,-0.60340345,-0.5994961,-0.5936351
2027,7,ISTOG,Person Fizik,-0.7817054469945398,-0.8810785,-0.87929463,-0.87810546,-0.8763216
2027,8,ISTOG,Person Fizik,-0.9317383134170655,-1.0,-1.0,-1.0,-1.0
2027,9,ISTOG,Person Fizik,-0.652833303371048,-0.6634466,-0.6583983,-0.65503275,-0.6499845
2027,10,ISTOG,Person Fizik,-0.6431418929931167,-1.0,-1.0,-1.0,-1.0
2027,11,ISTOG,Person Fizik,-0.7631547751104302,-0.96058977,-0.9599986,-0.9596045,-0.95901334
2027,12,ISTOG,Person Fizik,-0.5394173167328968,-0.5309681,-0.5239327,-0.51924235,-0.5122069
2027,1,ISTOG,Sherbimet administrative dhe mbeshtetese,0.82008357232743,1.0626631,1.0936029,1.1142297,1.1451695
2027,2,ISTOG,Sherbimet administrative dhe mbeshtetese,1.0891092646716516,1.1600766,1.1924777,1.2140784,1.2464795
2027,3,ISTOG,Sherbimet administrative dhe mbeshtetese,0.3306240518801869,0.44217578,0.46380842,0.47823012,0.49986267
2027,4,ISTOG,Sherbimet administrative dhe mbeshtetese,1.923035238875593,2.0,2.045,2.0749998,2.12
2027,5,ISTOG,Sherbimet administrative dhe mbeshtetese,0.14663520725226833,0.5433912,0.566542,0.58197594,0.60512686
2027,6,ISTOG,Sherbimet administrative dhe mbeshtetese,0.007896519862028242,-0.043492556,-0.029144943,-0.019579887,-0.0052322745
2027,7,ISTOG,Sherbimet administrative dhe mbeshtetese,2.0,2.0,2.045,2.0749998,2.12
2027,8,ISTOG,Sherbimet administrative dhe mbeshtetese,-0.05996573799381408,0.13675189,0.15380311,0.16517067,0.18222189
2027,9,ISTOG,Sherbimet administrative dhe mbeshtetese,0.1868509869923601,0.10142259,0.11794388,0.1289581,0.14547944
2027,10,ISTOG,Sherbimet administrative dhe mbeshtetese,2.0,2.0,2.045,2.0749998,2.12
2027,11,ISTOG,Sherbimet administrative dhe mbeshtetese,1.7489796015836527,1.6838573,1.7241154,1.7509539,1.7912116
2027,12,ISTOG,Sherbimet administrative dhe mbeshtetese,0.16356952752989912,0.13853857,0.15561664,0.16700208,0.18408012
2027,1,ISTOG,Transporti dhe magazinimi,0.6252455757758913,0.5560024,0.57934237,0.5949024,0.6182424
2027,2,ISTOG,Transporti dhe magazinimi,0.5318609216168245,0.36267197,0.38311207,0.39673877,0.41717875
2027,3,ISTOG,Transporti dhe magazinimi,0.1038015721295444,0.117748715,0.13451493,0.14569247,0.16245866
2027,4,ISTOG,Transporti dhe magazinimi,0.5104506698616016,0.43025243,0.45170617,0.46600866,0.48746252
2027,5,ISTOG,Transporti dhe magazinimi,0.5133411666695169,0.37821808,0.39889133,0.41267347,0.43334675
2027,6,ISTOG,Transporti dhe magazinimi,0.09414496035780158,0.13197224,0.14895177,0.16027153,0.17725098
2027,7,ISTOG,Transporti dhe magazinimi,0.764588678258996,0.6258273,0.6502147,0.6664729,0.6908604
2027,8,ISTOG,Transporti dhe magazinimi,0.5092311043267694,0.50812596,0.5307479,0.5458292,0.56845105
2027,9,ISTOG,Transporti dhe magazinimi,0.011654601400038798,0.024855446,0.040228367,0.05047691,0.06584966
2027,10,ISTOG,Transporti dhe magazinimi,0.05325206507030196,0.24049814,0.25910568,0.2715106,0.2901181
2027,11,ISTOG,Transporti dhe magazinimi,0.17024345177719033,0.27626827,0.2954123,0.30817497,0.3273189
2027,12,ISTOG,Transporti dhe magazinimi,0.07305579055573096,0.19991699,0.21791565,0.2299149,0.2479136
2027,1,ISTOG,Tregtia me shumice dhe pakice; Riparimi i mjeteve motorike dhe motoeikletave,0.08732293725879024,0.111827485,0.12850487,0.13962317,0.15630054
2027,2,ISTOG,Tregtia me shumice dhe pakice; Riparimi i mjeteve motorike dhe motoeikletave,0.0897865100482156,0.14230253,0.15943706,0.17086005,0.1879946
2027,3,ISTOG,Tregtia me shumice dhe pakice; Riparimi i mjeteve motorike dhe motoeikletave,0.07741589413451705,0.1064524,0.12304914,0.13411367,0.15071034
2027,4,ISTOG,Tregtia me shumice dhe pakice; Riparimi i mjeteve motorike dhe motoeikletave,0.08091701718032493,0.11057124,0.12722981,0.13833547,0.15499413
2027,5,ISTOG,Tregtia me shumice dhe pakice; Riparimi i mjeteve motorike dhe motoeikletave,0.08091701718032493,0.13342229,0.15042353,0.16175783,0.1787591
2027,6,ISTOG,Tregtia me shumice dhe pakice; Riparimi i mjeteve motorike dhe motoeikletave,0.08013752584171933,0.17626318,0.19390714,0.20566976,0.22331369
2027,7,ISTOG,Tregtia me shumice dhe pakice; Riparimi i mjeteve motorike dhe motoeikletave,0.06863058251048915,0.10444272,0.12100935,0.13205373,0.14862037
2027,8,ISTOG,Tregtia me shumice dhe pakice; Riparimi i mjeteve motorike dhe motoeikletave,0.06789328706416138,0.087279394,0.10358858,0.11446142,0.13077056
2027,9,ISTOG,Tregtia me shumice dhe pakice; Riparimi i mjeteve motorike dhe motoeikletave,0.06937829870578086,0.124262385,0.14112628,0.1523689,0.16923273
2027,10,ISTOG,Tregtia me shumice dhe pakice; Riparimi i mjeteve motorike dhe motoeikletave,0.07106708095551595,0.11503121,0.13175666,0.14290702,0.15963244
2027,11,ISTOG,Tregtia me shumice dhe pakice; Riparimi i mjeteve motorike dhe motoeikletave,0.08091701718032493,0.18484259,0.20261526,0.21446359,0.23223627
2027,12,ISTOG,Tregtia me shumice dhe pakice; Riparimi i mjeteve motorike dhe motoeikletave,0.06723222324222118,0.15057614,0.16783476,0.17934048,0.19659913
2027,1,JUNIK,Akomodimi dhe sherbimi ushqimor,2.0,2.0,2.045,2.0749998,2.12
2027,2,JUNIK,Akomodimi dhe sherbimi ushqimor,0.9511751255587821,0.6869296,0.71223354,0.72910273,0.7544067
2027,3,JUNIK,Akomodimi dhe sherbimi ushqimor,-0.12434937169150162,-0.036147438,-0.021689653,-0.0120511055,0.0024065971
2027,4,JUNIK,Akomodimi dhe sherbimi ushqimor,0.3679424259465982,0.52838725,0.55131304,0.566597,0.5895227
2027,5,JUNIK,Akomodimi dhe sherbimi ushqimor,0.07285118402475095,0.07096668,0.087031245,0.09774089,0.113805294
2027,6,JUNIK,Akomodimi dhe sherbimi ushqimor,-0.04442587406259531,0.122414075,0.13925028,0.15047443,0.1673106
2027,7,JUNIK,Akomodimi dhe sherbimi ushqimor,0.08052407455331034,0.32107076,0.34088683,0.3540975,0.37391353
2027,8,JUNIK,Akomodimi dhe sherbimi ushqimor,-0.07336639962980783,0.19411184,0.2120235,0.22396457,0.24187624
2027,9,JUNIK,Akomodimi dhe sherbimi ushqimor,0.5180011502218488,0.5611724,0.5845901,0.6002017,0.6236193
2027,10,JUNIK,Akomodimi dhe sherbimi ushqimor,0.8732756024023198,0.8703041,0.8983586,0.9170617,0.94511616
2027,11,JUNIK,Akomodimi dhe sherbimi ushqimor,0.828793124270544,0.97151804,1.0010908,1.0208058,1.0503788
2027,12,JUNIK,Akomodimi dhe sherbimi ushqimor,-0.06945869474005467,0.33508262,0.35510886,0.3684597,0.3884859
2027,3,JUNIK,Aktivitetet e shendetit te njeriut dhe te punes sociale,0.5829655836751712,0.14093517,0.15804923,0.16945851,0.18657255
2027,6,JUNIK,Aktivitetet e shendetit te njeriut dhe te punes sociale,0.7957727371685835,-0.23515667,-0.22368401,-0.2160356,-0.20456296
2027,9,JUNIK,Aktivitetet e shendetit te njeriut dhe te punes sociale,0.6278223163514108,-0.3081033,-0.2977249,-0.29080594,-0.28042746
2027,12,JUNIK,Aktivitetet e shendetit te njeriut dhe te punes sociale,0.5518994500018781,0.42297825,0.44432294,0.45855272,0.47989738
2027,9,JUNIK,"Aktivitetet profesionale, shkencore dhe teknike",1.7032671145428673,1.1205236,1.1523314,1.1735365,1.2053442
2027,3,JUNIK,Arsimi,0.303942524989644,0.07691495,0.0930686,0.10383773,0.11999142
2027,6,JUNIK,Arsimi,0.4555596131506413,0.39211228,0.4129939,0.42691505,0.4477967
2027,9,JUNIK,Arsimi,0.5454800183567867,0.55281067,0.57610285,0.59163094,0.614923
2027,12,JUNIK,Arsimi,-0.6808529350544167,-0.04173187,-0.027357876,-0.017775238,-0.0034012198
2027,6,JUNIK,Bujqesia;Pylltaria dhe Peshkimi,2.0,2.0,2.045,2.0749998,2.12
2027,9,JUNIK,Bujqesia;Pylltaria dhe Peshkimi,2.0,2.0,2.045,2.0749998,2.12
2027,12,JUNIK,Bujqesia;Pylltaria dhe Peshkimi,1.0009040061345458,1.7632599,1.8047087,1.8323414,1.8737903
2027,1,JUNIK,Industria perpunuese,1.1865182275689572,0.7649051,0.7913786,0.8090277,0.8355012
2027,2,JUNIK,Industria perpunuese,0.35440000058584875,0.051731497,0.067507386,0.078024745,0.093800664
2027,3,JUNIK,Industria perpunuese,0.6823197867320988,0.57449085,0.5981082,0.613853,0.63747036
2027,4,JUNIK,Industria perpunuese,0.07780665092776329,0.41216066,0.43334305,0.4474646,0.468647
2027,5,JUNIK,Industria perpunuese,0.21677787473939683,0.46619081,0.48818362,0.5028455,0.52483845
2027,6,JUNIK,Industria perpunuese,0.6854539813948426,0.38686317,0.4076662,0.42153478,0.44233775
2027,7,JUNIK,Industria perpunuese,0.13753790448715225,0.2674901,0.28650248,0.2991774,0.31818974
2027,8,JUNIK,Industria perpunuese,-0.0768017349512492,0.12031721,0.13712192,0.14832509,0.1651299
2027,9,JUNIK,Industria perpunuese,0.8345078764014168,0.6881196,0.7134414,0.7303226,0.7556443
2027,10,JUNIK,Industria perpunuese,0.5030700681532403,0.87123245,0.89930093,0.91801333,0.94608176
2027,11,JUNIK,Industria perpunuese,2.0,2.0,2.045,2.0749998,2.12
2027,12,JUNIK,Industria perpunuese,0.26954763044007984,0.88913476,0.91747177,0.9363631,0.9647001
2027,1,JUNIK,Ndertimtaria,0.9073207710678216,0.52386487,0.54672277,0.5619614,0.58481944
2027,2,JUNIK,Ndertimtaria,2.0,2.0,2.045,2.0749998,2.12
2027,3,JUNIK,Ndertimtaria,0.7658885585178327,0.5821304,0.6058624,0.6216836,0.64541554
2027,4,JUNIK,Ndertimtaria,-0.1400192566644679,-0.09621777,-0.08266103,-0.07362324,-0.06006652
2027,5,JUNIK,Ndertimtaria,0.2817364411774717,0.22484347,0.24321616,0.25546455,0.2738372
2027,6,JUNIK,Ndertimtaria,0.7015783400943973,0.9585038,0.9878813,1.0074663,1.0368438
2027,7,JUNIK,Ndertimtaria,0.6059769028621494,0.6555589,0.68039215,0.6969478,0.72178113
2027,8,JUNIK,Ndertimtaria,-0.018397169562326416,0.1084531,0.12507999,0.13616443,0.15279126
2027,9,JUNIK,Ndertimtaria,2.0,2.0,2.045,2.0749998,2.12
2027,10,JUNIK,Ndertimtaria,2.0,2.0,2.045,2.0749998,2.12
2027,11,JUNIK,Ndertimtaria,1.339989535291265,0.9973632,1.0273237,1.0472972,1.0772576
2027,12,JUNIK,Ndertimtaria,0.03357162961093842,0.17432219,0.19193697,0.20368016,0.221295
2027,3,JUNIK,Sherbimet administrative dhe mbeshtetese,0.8645698200096257,0.78097665,0.80769134,0.8255011,0.85221565
2027,6,JUNIK,Sherbimet administrative dhe mbeshtetese,0.9352383500727464,0.09050426,0.10686183,0.11776686,0.1341244
2027,9,JUNIK,Sherbimet administrative dhe mbeshtetese,-0.4101227116396045,-0.45023987,-0.44199347,-0.4364959,-0.42824954
2027,12,JUNIK,Sherbimet administrative dhe mbeshtetese,-0.13964390904314555,-0.43503648,-0.426562,-0.42091238,-0.41243798
2027,1,JUNIK,Transporti dhe magazinimi,0.11685275236038559,0.008347184,0.02347231,0.033555865,0.04868102
2027,2,JUNIK,Transporti dhe magazinimi,0.5431312587154681,0.24960592,0.26835,0.280846,0.2995901
2027,3,JUNIK,Transporti dhe magazinimi,-0.019203819899004534,0.120344825,0.13715005,0.14835346,0.16515863
2027,4,JUNIK,Transporti dhe magazinimi,-0.05094011304021881,-0.050395895,-0.036151886,-0.026655853,-0.012411773
2027,5,JUNIK,Transporti dhe magazinimi,-0.17238191678454745,-0.15962636,-0.14702076,-0.13861704,-0.12601143
2027,6,JUNIK,Transporti dhe magazinimi,0.23572990988459996,0.30896106,0.3285954,0.34168506,0.36131942
2027,7,JUNIK,Transporti dhe magazinimi,0.538003625662067,0.32641023,0.34630644,0.3595705,0.37946665
2027,8,JUNIK,Transporti dhe magazinimi,0.20370760724651493,0.23213296,0.25061488,0.26293623,0.2814182
2027,9,JUNIK,Transporti dhe magazinimi,-0.3559498663777065,-0.29605237,-0.28549314,-0.27845365,-0.26789445
2027,10,JUNIK,Transporti dhe magazinimi,0.27817828541381984,0.34970003,0.3699454,0.3834424,0.40368795
2027,11,JUNIK,Transporti dhe magazinimi,0.047259254283955075,0.08241965,0.09865594,0.10948014,0.12571633
2027,12,JUNIK,Transporti dhe magazinimi,-0.11351492690044584,-0.13115676,-0.11812413,-0.10943568,-0.09640306
2027,1,JUNIK,Tregtia me shumice dhe pakice; Riparimi i mjeteve motorike dhe motoeikletave,1.0281901378140543,0.95186514,0.9811431,1.0006618,1.0299397
2027,2,JUNIK,Tregtia me shumice dhe pakice; Riparimi i mjeteve motorike dhe motoeikletave,1.0479335047560916,0.37279734,0.39338934,0.40711725,0.42770922
2027,3,JUNIK,Tregtia me shumice dhe pakice; Riparimi i mjeteve motorike dhe motoeikletave,0.9487310515264064,0.7146127,0.7403319,0.757478,0.78319716
2027,4,JUNIK,Tregtia me shumice dhe pakice; Riparimi i mjeteve motorike dhe motoeikletave,0.393093026058822,0.29381034,0.31321752,0.32615554,0.3455627
2027,5,JUNIK,Tregtia me shumice dhe pakice; Riparimi i mjeteve motorike dhe motoeikletave,0.23770987473869193,0.17521337,0.19284153,0.20459366,0.22222185
2027,6,JUNIK,Tregtia me shumice dhe pakice; Riparimi i mjeteve motorike dhe motoeikletave,0.3198456819882025,0.30791926,0.327538,0.34061718,0.36023593
2027,7,JUNIK,Tregtia me shumice dhe pakice; Riparimi i mjeteve motorike dhe motoeikletave,0.24948432624937572,0.121009044,0.13782406,0.14903414,0.16584933
2027,8,JUNIK,Tregtia me shumice dhe pakice; Riparimi i mjeteve motorike dhe motoeikletave,0.08860741382000559,0.07877957,0.094961286,0.10574901,0.12193072
2027,9,JUNIK,Tregtia me shumice dhe pakice; Riparimi i mjeteve motorike dhe motoeikletave,0.583501439136299,0.4966065,0.5190555,0.5340216,0.55647063
2027,10,JUNIK,Tregtia me shumice dhe pakice; Riparimi i mjeteve motorike dhe motoeikletave,0.06221298926273457,-0.0020479735,0.012921333,0.02290082,0.03787005
2027,11,JUNIK,Tregtia me shumice dhe pakice; Riparimi i mjeteve motorike dhe motoeikletave,0.0957113370355671,0.061140966,0.07705808,0.08766949,0.103586674
2027,12,JUNIK,Tregtia me shumice dhe pakice; Riparimi i mjeteve motorike dhe motoeikletave,-0.03365619199962181,0.061537184,0.07746017,0.08807552,0.10399854
2027,1,KAMENICË,Akomodimi dhe sherbimi ushqimor,0.9353531478973103,0.65279156,0.67758334,0.6941112,0.71890306
2027,2,KAMENICË,Akomodimi dhe sherbimi ushqimor,0.6555644578731445,0.49270645,0.515097,0.53002405,0.55241466
2027,3,KAMENICË,Akomodimi dhe sherbimi ushqimor,0.09417114555657008,0.0072469846,0.022355676,0.032428145,0.04753685
2027,4,KAMENICË,Akomodimi dhe sherbimi ushqimor,0.606619578834557,0.31689715,0.3366506,0.34981954,0.369573
2027,5,KAMENICË,Akomodimi dhe sherbimi ushqimor,0.21200168154605256,0.12229829,0.13913274,0.1503557,0.16719007
2027,6,KAMENICË,Akomodimi dhe sherbimi ushqimor,0.018903022040659342,-0.08977483,-0.07612151,-0.067019224,-0.053365886
2027,7,KAMENICË,Akomodimi dhe sherbimi ushqimor,-0.031880614067277435,-0.07142643,-0.05749786,-0.04821211,-0.03428352
2027,8,KAMENICË,Akomodimi dhe sherbimi ushqimor,-0.17154283254142677,-0.16539936,-0.15288037,-0.14453435,-0.1320154
2027,9,KAMENICË,Akomodimi dhe sherbimi ushqimor,0.11959925251459928,0.09234596,0.10873115,0.119654536,0.13603973
2027,10,KAMENICË,Akomodimi dhe sherbimi ushqimor,1.1687144699363061,0.20549327,0.22357559,0.23563051,0.2537129
2027,11,KAMENICË,Akomodimi dhe sherbimi ushqimor,1.1317442582723236,0.4540329,0.47584343,0.49038374,0.51219416
2027,12,KAMENICË,Akomodimi dhe sherbimi ushqimor,-0.003420667553965877,0.058823723,0.07470608,0.08529425,0.10117662
2027,3,KAMENICË,Aktivitetet e patundshmerise,0.82135344724242,0.7993009,0.82629037,0.84428334,0.8712729
2027,4,KAMENICË,Aktivitetet e patundshmerise,-0.759611568502356,-0.94335645,-0.9425068,-0.94194037,-0.9410907
2027,5,KAMENICË,Aktivitetet e patundshmerise,-0.6708823633675992,-0.8063427,-0.8034378,-0.8015013,-0.79859644
2027,6,KAMENICË,Aktivitetet e patundshmerise,-0.09331725805257808,0.81277615,0.8399677,0.8580954,0.88528705
2027,7,KAMENICË,Aktivitetet e patundshmerise,0.4820107941384654,-0.5861392,-0.57993126,-0.5757927,-0.5695848
2027,8,KAMENICË,Aktivitetet e patundshmerise,-0.6075686166187214,-1.0,-1.0,-1.0,-1.0
2027,9,KAMENICË,Aktivitetet e patundshmerise,0.5704651309535346,-0.02104297,-0.0063586235,0.0034309626,0.018115282
2027,10,KAMENICË,Aktivitetet e patundshmerise,0.24098309576191496,-0.48348743,-0.47573972,-0.47057462,-0.46282697
2027,12,KAMENICË,Aktivitetet e patundshmerise,0.9345338203445747,0.85180795,0.879585,0.8981031,0.9258802
2027,1,KAMENICË,Aktivitetet e shendetit te njeriut dhe te punes sociale,0.45455308259658156,0.23844448,0.25702107,0.26940548,0.28798223
2027,2,KAMENICË,Aktivitetet e shendetit te njeriut dhe te punes sociale,0.7244520782830991,0.7145916,0.74031043,0.7574564,0.78317523
2027,3,KAMENICË,Aktivitetet e shendetit te njeriut dhe te punes sociale,0.006412196739396056,0.0761424,0.09228456,0.10304594,0.11918807
2027,4,KAMENICË,Aktivitetet e shendetit te njeriut dhe te punes sociale,0.34870443867942685,0.495322,0.5177518,0.53270495,0.5551348
2027,5,KAMENICË,Aktivitetet e shendetit te njeriut dhe te punes sociale,0.36733841639604187,0.35174513,0.37202132,0.3855387,0.4058149
2027,6,KAMENICË,Aktivitetet e shendetit te njeriut dhe te punes sociale,0.06001221758771777,0.14188686,0.15901506,0.170434,0.18756223
2027,7,KAMENICË,Aktivitetet e shendetit te njeriut dhe te punes sociale,0.23654012615820516,0.33802265,0.35809302,0.3714732,0.3915435
2027,8,KAMENICË,Aktivitetet e shendetit te njeriut dhe te punes sociale,0.07122434772544872,0.055209007,0.07103717,0.08158922,0.097417355
2027,9,KAMENICË,Aktivitetet e shendetit te njeriut dhe te punes sociale,-0.09887497641086634,-0.1052264,-0.0918048,-0.08285707,-0.06943548
2027,10,KAMENICË,Aktivitetet e shendetit te njeriut dhe te punes sociale,0.569349115961315,0.783815,0.81057227,0.8284104,0.8551675
2027,11,KAMENICË,Aktivitetet e shendetit te njeriut dhe te punes sociale,0.7586416576779494,0.29297137,0.3123659,0.32529557,0.3446902
2027,12,KAMENICË,Aktivitetet e shendetit te njeriut dhe te punes sociale,-0.16191172252201808,0.07389018,0.0899986,0.10073745,0.11684573
2027,3,KAMENICË,Aktivitetet e tjera sherbyese,0.8984672983447815,0.3618081,0.38223517,0.39585328,0.4162804
2027,10,KAMENICË,Aktivitetet e tjera sherbyese,0.040177036748567437,-0.37132448,-0.36189437,-0.35560763,-0.34617746
2027,1,KAMENICË,Aktivitetet financiare dhe te sigurimit,0.798283651533002,0.5850865,0.6088629,0.62471366,0.64848995
2027,2,KAMENICË,Aktivitetet financiare dhe te sigurimit,-0.5290840318017866,-0.51294357,-0.50563776,-0.5007672,-0.4934613
2027,3,KAMENICË,Aktivitetet financiare dhe te sigurimit,0.7155919933245246,0.9548337,0.98415625,1.0037045,1.0330269
2027,4,KAMENICË,Aktivitetet financiare dhe te sigurimit,0.2830931566545629,0.12526676,0.14214575,0.1533984,0.17027748
2027,5,KAMENICË,Aktivitetet financiare dhe te sigurimit,0.668680413369993,0.50800693,0.530627,0.5457071,0.5683272
2027,6,KAMENICË,Aktivitetet financiare dhe te sigurimit,-0.4806406295778196,-0.3611478,-0.351565,-0.34517646,-0.3355937
2027,7,KAMENICË,Aktivitetet financiare dhe te sigurimit,2.0,1.8769867,1.9201415,1.9489114,1.9920661
2027,8,KAMENICË,Aktivitetet financiare dhe te sigurimit,0.8913954850713394,0.8765482,0.90469635,0.9234618,0.95160997
2027,9,KAMENICË,Aktivitetet financiare dhe te sigurimit,0.7774635691908215,0.7440406,0.7702012,0.7876415,0.8138021
2027,10,KAMENICË,Aktivitetet financiare dhe te sigurimit,0.5863518711488399,0.40890956,0.43004322,0.4441322,0.46526587
2027,11,KAMENICË,Aktivitetet financiare dhe te sigurimit,-0.14871584338440125,-0.28161633,-0.2708406,-0.26365674,-0.252881
2027,12,KAMENICË,Aktivitetet financiare dhe te sigurimit,0.12816307966796076,0.2270489,0.24545455,0.25772512,0.2761308
2027,1,KAMENICË,"Aktivitetet profesionale, shkencore dhe teknike",0.37606142537648524,0.43853572,0.46011376,0.4744991,0.49607706
2027,2,KAMENICË,"Aktivitetet profesionale, shkencore dhe teknike",0.46556223363573207,0.27526808,0.29439712,0.30714977,0.3262788
2027,3,KAMENICË,"Aktivitetet profesionale, shkencore dhe teknike",0.1601544401861201,0.25632814,0.27517307,0.2877363,0.30658114
2027,4,KAMENICË,"Aktivitetet profesionale, shkencore dhe teknike",0.023508539682371325,0.23691896,0.25547266,0.26784182,0.28639567
2027,5,KAMENICË,"Aktivitetet profesionale, shkencore dhe teknike",0.6743075776644605,0.6189941,0.64327896,0.6594689,0.68375385
2027,6,KAMENICË,"Aktivitetet profesionale, shkencore dhe teknike",0.07104780244476458,0.105056815,0.121632576,0.13268316,0.14925897
2027,7,KAMENICË,"Aktivitetet profesionale, shkencore dhe teknike",0.053964298322303046,0.20197934,0.22000909,0.23202884,0.25005853
2027,8,KAMENICË,"Aktivitetet profesionale, shkencore dhe teknike",1.2744302583842433,1.0608968,1.0918102,1.1124191,1.1433327
2027,9,KAMENICË,"Aktivitetet profesionale, shkencore dhe teknike",0.1787417937370572,0.22394669,0.24230587,0.25454533,0.27290452
2027,10,KAMENICË,"Aktivitetet profesionale, shkencore dhe teknike",1.1712054872013191,0.8747273,0.9028481,0.92159534,0.9497162
2027,11,KAMENICË,"Aktivitetet profesionale, shkencore dhe teknike",0.5603101564759866,0.378092,0.39876342,0.41254437,0.43321574
2027,12,KAMENICË,"Aktivitetet profesionale, shkencore dhe teknike",0.572297047737425,0.6080466,0.6321672,0.6482476,0.6723683
2027,3,KAMENICË,Arsimi,0.3528158751474372,0.20415187,0.2222141,0.23425567,0.2523179
2027,6,KAMENICË,Arsimi,1.0496859091440005,0.7930403,0.8199358,0.8378662,0.8647618
2027,9,KAMENICË,Arsimi,0.7856286778735986,0.117102474,0.13385904,0.14503002,0.16178656
2027,3,KAMENICË,"Artet, Argetimi dhe rekreacioni",2.0,2.0,2.045,2.0749998,2.12
2027,6,KAMENICË,"Artet, Argetimi dhe rekreacioni",2.0,2.0,2.045,2.0749998,2.12
2027,7,KAMENICË,"Artet, Argetimi dhe rekreacioni",0.44097326010424825,-0.2734375,-0.2625391,-0.25527346,-0.24437505
2027,8,KAMENICË,"Artet, Argetimi dhe rekreacioni",0.047121265151038885,-0.25418943,-0.2430023,-0.2355442,-0.22435701
2027,9,KAMENICË,"Artet, Argetimi dhe rekreacioni",2.0,2.0,2.045,2.0749998,2.12
2027,10,KAMENICË,"Artet, Argetimi dhe rekreacioni",1.3846428169778437,0.7527597,0.77905107,0.79657865,0.82287
2027,11,KAMENICË,"Artet, Argetimi dhe rekreacioni",-0.3204416125198049,-1.0,-1.0,-1.0,-1.0
2027,12,KAMENICË,"Artet, Argetimi dhe rekreacioni",-0.10508448222096055,0.10686627,0.12346923,0.13453782,0.15114081
2027,1,KAMENICË,Bujqesia;Pylltaria dhe Peshkimi,1.5840280478546105,1.6350523,1.674578,1.7009284,1.7404542
2027,2,KAMENICË,Bujqesia;Pylltaria dhe Peshkimi,0.6996160444263327,1.0636673,1.0946224,1.1152589,1.146214
2027,3,KAMENICË,Bujqesia;Pylltaria dhe Peshkimi,0.06404671519566203,0.16103967,0.17845523,0.19006562,0.20748127
2027,4,KAMENICË,Bujqesia;Pylltaria dhe Peshkimi,0.3096385240432855,0.6911885,0.71655643,0.7334683,0.75883603
2027,5,KAMENICË,Bujqesia;Pylltaria dhe Peshkimi,-0.08105840731573209,-0.12361594,-0.110470176,-0.101706326,-0.08856058
2027,6,KAMENICË,Bujqesia;Pylltaria dhe Peshkimi,0.1763012175790015,0.14624661,0.16344035,0.1749028,0.19209647
2027,7,KAMENICË,Bujqesia;Pylltaria dhe Peshkimi,0.44021470383425043,0.40189523,0.42292368,0.43694258,0.4579711
2027,8,KAMENICË,Bujqesia;Pylltaria dhe Peshkimi,-0.19614463815555497,-0.15609239,-0.14343381,-0.13499475,-0.12233615
2027,9,KAMENICË,Bujqesia;Pylltaria dhe Peshkimi,-0.08268966291252346,0.07784139,0.09400904,0.10478747,0.12095499
2027,10,KAMENICË,Bujqesia;Pylltaria dhe Peshkimi,0.43867754423125616,0.110281646,0.12693596,0.13803875,0.15469289
2027,11,KAMENICË,Bujqesia;Pylltaria dhe Peshkimi,-0.11218076024340663,-0.023928152,-0.009287119,0.0004736185,0.015114665
2027,12,KAMENICË,Bujqesia;Pylltaria dhe Peshkimi,-0.1015451982883873,0.07783873,0.0940063,0.10478473,0.12095225
2027,3,KAMENICË,Furnizimi me uje; Kanalizimi; Aktivitetet e menaxhimit dhe te trajtimit te mbeturinave,0.5838368936369395,0.4482364,0.46995997,0.48444235,0.50616586
2027,6,KAMENICË,Furnizimi me uje; Kanalizimi; Aktivitetet e menaxhimit dhe te trajtimit te mbeturinave,0.8230161874663812,0.7450917,0.771268,0.78871894,0.8148953
2027,9,KAMENICË,Furnizimi me uje; Kanalizimi; Aktivitetet e menaxhimit dhe te trajtimit te mbeturinave,1.2768707157886814,1.0803865,1.1115923,1.1323962,1.1636021
2027,12,KAMENICË,Furnizimi me uje; Kanalizimi; Aktivitetet e menaxhimit dhe te trajtimit te mbeturinave,1.0228380190594009,1.3605125,1.39592,1.4195251,1.4549329
2027,1,KAMENICË,Industria nxjerrese,1.1106573036542908,1.1382227,1.170296,1.1916783,1.2237515
2027,2,KAMENICË,Industria nxjerrese,1.1340894237769499,0.9469525,0.97615683,0.99562633,1.0248306
2027,3,KAMENICË,Industria nxjerrese,0.12253688106459044,0.40127498,0.42229402,0.43630672,0.45732582
2027,4,KAMENICË,Industria nxjerrese,-0.25297786027256186,-0.033665843,-0.01917082,-0.009507477,0.0049874783
2027,5,KAMENICË,Industria nxjerrese,0.5841833546995084,0.7420559,0.7681867,0.7856072,0.811738
2027,6,KAMENICË,Industria nxjerrese,0.019816362753361655,0.1765797,0.19422841,0.20599413,0.22364283
2027,7,KAMENICË,Industria nxjerrese,1.1952458346979258,1.1339184,1.1659269,1.1872661,1.219275
2027,8,KAMENICË,Industria nxjerrese,0.8210133808648673,0.871048,0.89911366,0.91782415,0.94588983
2027,9,KAMENICË,Industria nxjerrese,0.9087108928401847,1.020264,1.0505681,1.0707707,1.1010747
2027,10,KAMENICË,Industria nxjerrese,0.7312187414570069,0.7981837,0.82515645,0.8431382,0.870111
2027,11,KAMENICË,Industria nxjerrese,-0.058910107104989666,-0.07033253,-0.056387544,-0.047090888,-0.033145845
2027,12,KAMENICË,Industria nxjerrese,0.2765506518282096,0.44261256,0.46425164,0.47867775,0.500317
2027,1,KAMENICË,Industria perpunuese,0.19216223138613509,-0.009143868,0.0057189465,0.015627503,0.03049028
2027,2,KAMENICË,Industria perpunuese,0.08739264670591844,0.09815978,0.11463213,0.12561381,0.14208615
2027,3,KAMENICË,Industria perpunuese,0.14555831291899077,0.18229182,0.20002627,0.2118491,0.2295835
2027,4,KAMENICË,Industria perpunuese,0.29068524749581154,0.3793222,0.40001202,0.41380525,0.43449497
2027,5,KAMENICË,Industria perpunuese,0.2781915138799586,0.3877768,0.40859354,0.42247128,0.44328785
2027,6,KAMENICË,Industria perpunuese,0.06268646786097108,0.08095886,0.097173214,0.107982755,0.124197125
2027,7,KAMENICË,Industria perpunuese,0.16432584688866303,0.11061888,0.12727809,0.13838422,0.15504348
2027,8,KAMENICË,Industria perpunuese,0.05685945828155977,0.036972325,0.05252683,0.06289661,0.07845116
2027,9,KAMENICË,Industria perpunuese,0.05714041197035704,0.052279312,0.0680635,0.07858634,0.094370484
2027,10,KAMENICË,Industria perpunuese,0.03944106800460113,0.027714787,0.043130398,0.05340755,0.06882334
2027,11,KAMENICË,Industria perpunuese,0.20335422867648584,0.14203906,0.15916967,0.17059004,0.18772054
2027,12,KAMENICË,Industria perpunuese,0.15541768780145693,0.22235799,0.24069333,0.25291693,0.27125227
2027,1,KAMENICË,Informimi dhe komunikimi,0.3181583713520823,0.021302603,0.036622047,0.046835065,0.06215465
2027,2,KAMENICË,Informimi dhe komunikimi,0.6760335805207847,0.72700435,0.7529093,0.7701794,0.7960844
2027,3,KAMENICË,Informimi dhe komunikimi,0.013858773279077145,0.0934255,0.10982692,0.120761156,0.13716245
2027,4,KAMENICË,Informimi dhe komunikimi,0.5871679062405802,0.64438754,0.6690533,0.68549716,0.7101629
2027,5,KAMENICË,Informimi dhe komunikimi,0.4292581654186145,0.4875171,0.5098299,0.52470505,0.5470177
2027,6,KAMENICË,Informimi dhe komunikimi,0.2743840264566769,0.3061327,0.3257246,0.338786,0.35837793
2027,7,KAMENICË,Informimi dhe komunikimi,-0.18863326603152208,-0.1536061,-0.14091021,-0.13244629,-0.11975038
2027,8,KAMENICË,Informimi dhe komunikimi,0.4991302407122935,0.6148314,0.63905394,0.65520215,0.67942464
2027,9,KAMENICË,Informimi dhe komunikimi,0.01612580755478744,0.04685305,0.06255579,0.07302439,0.08872712
2027,10,KAMENICË,Informimi dhe komunikimi,0.42657251390836964,0.49403045,0.51644087,0.53138125,0.55379164
2027,11,KAMENICË,Informimi dhe komunikimi,0.4304693373503221,0.53562653,0.55866086,0.57401717,0.5970515
2027,12,KAMENICË,Informimi dhe komunikimi,-0.08628710664687388,0.19843253,0.21640909,0.22839332,0.24636984
2027,1,KAMENICË,Ndertimtaria,0.1756970052490564,-0.14938895,-0.13662982,-0.1281237,-0.11536455
2027,2,KAMENICË,Ndertimtaria,0.6675007476464082,0.54656905,0.5697676,0.58523333,0.6084318
2027,3,KAMENICË,Ndertimtaria,-0.3225444049684731,-0.16237941,-0.14981508,-0.1414389,-0.1288746
2027,4,KAMENICË,Ndertimtaria,-0.042135309449511237,-0.1472191,-0.13442743,-0.12589961,-0.11310792
2027,5,KAMENICË,Ndertimtaria,1.8546238029532196,1.5131767,1.5508742,1.5760059,1.6137037
2027,6,KAMENICË,Ndertimtaria,0.9165557083098198,1.1143336,1.1460485,1.167192,1.1989069
2027,7,KAMENICË,Ndertimtaria,0.5436901987873153,0.61252034,0.63670814,0.65283334,0.67702115
2027,8,KAMENICË,Ndertimtaria,-0.16760887604524868,-0.1689024,-0.15643597,-0.148125,-0.1356585
2027,9,KAMENICË,Ndertimtaria,0.1810529584973621,0.23933777,0.2579279,0.27032125,0.28891122
2027,10,KAMENICË,Ndertimtaria,-0.01573062302065253,0.01599614,0.031236053,0.04139602,0.056635857
2027,11,KAMENICË,Ndertimtaria,0.6573704085130576,0.46698093,0.48898566,0.50365543,0.52566016
2027,12,KAMENICË,Ndertimtaria,-0.11533735319566965,0.06519113,0.08116901,0.091820955,0.107798696
2027,3,KAMENICË,Person Fizik,2.0,2.0,2.045,2.0749998,2.12
2027,4,KAMENICË,Person Fizik,1.9445736524734931,1.7164315,1.7571781,1.7843423,1.8250887
2027,5,KAMENICË,Person Fizik,1.901005549549084,1.959786,2.0041826,2.0337806,2.0781772
2027,6,KAMENICË,Person Fizik,0.6509706671725624,0.31157237,0.3312459,0.34436154,0.36403513
2027,7,KAMENICË,Person Fizik,0.23224506632670336,0.0516344,0.06740892,0.077925324,0.09369981
2027,8,KAMENICË,Person Fizik,0.39438418307591244,0.06100382,0.07691884,0.087528825,0.10344386
2027,9,KAMENICË,Person Fizik,0.2823757071500422,-0.4793606,-0.471551,-0.4663446,-0.45853502
2027,12,KAMENICË,Person Fizik,-0.18335559884306718,-0.0861298,-0.07242173,-0.063283026,-0.04957503
2027,1,KAMENICË,Sherbimet administrative dhe mbeshtetese,0.7436959238915716,0.49576268,0.5181991,0.53315675,0.55559313
2027,2,KAMENICË,Sherbimet administrative dhe mbeshtetese,0.24939952192086556,0.10183927,0.11836684,0.12938523,0.14591289
2027,3,KAMENICË,Sherbimet administrative dhe mbeshtetese,0.07984677967024015,0.088548526,0.10487676,0.115762234,0.13209045
2027,4,KAMENICË,Sherbimet administrative dhe mbeshtetese,0.16519937412664829,0.18304344,0.2007891,0.21261954,0.23036516
2027,5,KAMENICË,Sherbimet administrative dhe mbeshtetese,-0.009569277589064016,0.05155124,0.06732452,0.07783997,0.09361327
2027,6,KAMENICË,Sherbimet administrative dhe mbeshtetese,0.08603852616047729,0.0544628,0.07027972,0.080824375,0.0966413
2027,7,KAMENICË,Sherbimet administrative dhe mbeshtetese,0.3666762435434279,0.38166052,0.40238535,0.41620195,0.43692684
2027,8,KAMENICË,Sherbimet administrative dhe mbeshtetese,-0.23343310255470812,-0.14968444,-0.13692969,-0.12842655,-0.11567181
2027,9,KAMENICË,Sherbimet administrative dhe mbeshtetese,0.0342891626299009,0.091067374,0.10743332,0.11834395,0.13470995
2027,10,KAMENICË,Sherbimet administrative dhe mbeshtetese,-0.04318676132205805,-0.21136026,-0.19953072,-0.19164431,-0.1798147
2027,11,KAMENICË,Sherbimet administrative dhe mbeshtetese,0.36460520998789586,0.16241187,0.17984807,0.19147217,0.20890832
2027,12,KAMENICË,Sherbimet administrative dhe mbeshtetese,0.16591093154529693,0.107730694,0.12434673,0.13542402,0.15203989
2027,1,KAMENICË,Transporti dhe magazinimi,-0.096799764661956,-0.31964242,-0.3094371,-0.30263352,-0.29242814
2027,2,KAMENICË,Transporti dhe magazinimi,-0.26276345086527364,-0.25602257,-0.24486291,-0.23742318,-0.22626352
2027,3,KAMENICË,Transporti dhe magazinimi,0.2654069842970081,0.21573648,0.23397255,0.24612987,0.2643659
2027,4,KAMENICË,Transporti dhe magazinimi,0.37983209486033276,0.24514538,0.26382244,0.27627397,0.29495108
2027,5,KAMENICË,Transporti dhe magazinimi,0.4302562416330114,0.16303979,0.18048537,0.19211578,0.20956135
2027,6,KAMENICË,Transporti dhe magazinimi,0.04509769249645738,0.0020190692,0.017049313,0.02706945,0.042099714
2027,7,KAMENICË,Transporti dhe magazinimi,0.2712408377229142,0.18824157,0.20606518,0.2179476,0.23577118
2027,8,KAMENICË,Transporti dhe magazinimi,-0.4493293520611811,-0.2956157,-0.28504992,-0.27800608,-0.26744032
2027,9,KAMENICË,Transporti dhe magazinimi,0.08924855795725616,0.007444131,0.022555828,0.032630205,0.04774189
2027,10,KAMENICË,Transporti dhe magazinimi,-0.3402771952376438,-0.291751,-0.28112727,-0.2740448,-0.26342112
2027,11,KAMENICË,Transporti dhe magazinimi,0.30941045932384836,0.09516725,0.111594796,0.122546434,0.13897395
2027,12,KAMENICË,Transporti dhe magazinimi,-0.0015734838825953313,0.08828097,0.10460508,0.11548793,0.1318121
2027,1,KAMENICË,Tregtia me shumice dhe pakice; Riparimi i mjeteve motorike dhe motoeikletave,0.1144638269884593,0.14476767,0.16193914,0.17338681,0.19055831
2027,2,KAMENICË,Tregtia me shumice dhe pakice; Riparimi i mjeteve motorike dhe motoeikletave,0.09245977128390942,0.068719074,0.08474982,0.09543693,0.11146772
2027,3,KAMENICË,Tregtia me shumice dhe pakice; Riparimi i mjeteve motorike dhe motoeikletave,0.07655890438060879,0.032620102,0.048109412,0.05843556,0.07392478
2027,4,KAMENICË,Tregtia me shumice dhe pakice; Riparimi i mjeteve motorike dhe motoeikletave,0.09261293993978657,0.07982611,0.09602344,0.106821775,0.1230191
2027,5,KAMENICË,Tregtia me shumice dhe pakice; Riparimi i mjeteve motorike dhe motoeikletave,0.10512307112635752,0.17717218,0.1948297,0.2066015,0.22425902
2027,6,KAMENICË,Tregtia me shumice dhe pakice; Riparimi i mjeteve motorike dhe motoeikletave,0.09398488911991505,0.10956852,0.126212,0.13730764,0.15395117
2027,7,KAMENICË,Tregtia me shumice dhe pakice; Riparimi i mjeteve motorike dhe motoeikletave,0.08978759603663787,0.10087793,0.11739099,0.12839985,0.14491296
2027,8,KAMENICË,Tregtia me shumice dhe pakice; Riparimi i mjeteve motorike dhe motoeikletave,0.08642395271173117,0.101375915,0.11789656,0.1289103,0.14543092
2027,9,KAMENICË,Tregtia me shumice dhe pakice; Riparimi i mjeteve motorike dhe motoeikletave,0.08834597275008443,0.11920418,0.13599217,0.14718425,0.16397226
2027,10,KAMENICË,Tregtia me shumice dhe pakice; Riparimi i mjeteve motorike dhe motoeikletave,0.09145735598989164,0.07358656,0.08969033,0.1004262,0.11653006
2027,11,KAMENICË,Tregtia me shumice dhe pakice; Riparimi i mjeteve motorike dhe motoeikletave,0.09468280343080088,0.095324904,0.111754775,0.12270796,0.13913786
2027,12,KAMENICË,Tregtia me shumice dhe pakice; Riparimi i mjeteve motorike dhe motoeikletave,0.08587898645431218,0.12703817,0.14394367,0.15521407,0.17211962
2027,1,KAÇANIK,Administrimi publik dhe mbrojtja; Sigurimi social i detyrueshem,0.4444125268188453,0.09563625,0.1120708,0.123027086,0.13946164
2027,2,KAÇANIK,Administrimi publik dhe mbrojtja; Sigurimi social i detyrueshem,-0.02672639531757214,-0.41506866,-0.40629464,-0.40044534,-0.39167142
2027,3,KAÇANIK,Administrimi publik dhe mbrojtja; Sigurimi social i detyrueshem,0.17915154944607065,0.102253914,0.118787766,0.12981021,0.14634407
2027,4,KAÇANIK,Administrimi publik dhe mbrojtja; Sigurimi social i detyrueshem,-0.03856761464666592,-0.4006606,-0.39167053,-0.38567716,-0.3766871
2027,5,KAÇANIK,Administrimi publik dhe mbrojtja; Sigurimi social i detyrueshem,0.21463686978149488,0.059682548,0.075577855,0.08617461,0.102069855
2027,6,KAÇANIK,Administrimi publik dhe mbrojtja; Sigurimi social i detyrueshem,0.5653212378785287,0.59274125,0.61663234,0.6325598,0.65645087
2027,7,KAÇANIK,Administrimi publik dhe mbrojtja; Sigurimi social i detyrueshem,0.26947981683209987,0.09367419,0.11007929,0.121016026,0.13742113
2027,8,KAÇANIK,Administrimi publik dhe mbrojtja; Sigurimi social i detyrueshem,0.01104310478244335,0.0047927764,0.019864678,0.029912591,0.04498446
2027,9,KAÇANIK,Administrimi publik dhe mbrojtja; Sigurimi social i detyrueshem,0.3443508681502627,0.15446351,0.17178047,0.18332505,0.20064199
2027,10,KAÇANIK,Administrimi publik dhe mbrojtja; Sigurimi social i detyrueshem,0.16217388414739617,-0.25314975,-0.241947,-0.23447853,-0.22327578
2027,11,KAÇANIK,Administrimi publik dhe mbrojtja; Sigurimi social i detyrueshem,1.0022054442262052,0.63075036,0.6552117,0.67151916,0.6959804
2027,12,KAÇANIK,Administrimi publik dhe mbrojtja; Sigurimi social i detyrueshem,-0.12001877436893577,0.119360596,0.13615096,0.14734459,0.16413498
2027,1,KAÇANIK,Akomodimi dhe sherbimi ushqimor,0.3272995552833415,0.088742405,0.10507345,0.115960956,0.13229203
2027,2,KAÇANIK,Akomodimi dhe sherbimi ushqimor,0.13362624146233698,0.11812913,0.13490105,0.14608228,0.16285431
2027,3,KAÇANIK,Akomodimi dhe sherbimi ushqimor,-0.015168682452024337,0.022975741,0.038320303,0.04855001,0.06389463
2027,4,KAÇANIK,Akomodimi dhe sherbimi ushqimor,0.4097121407768342,0.25645354,0.27530026,0.2878648,0.30671155
2027,5,KAÇANIK,Akomodimi dhe sherbimi ushqimor,0.06826138399374396,0.06944424,0.085485816,0.0961802,0.112221956
2027,6,KAÇANIK,Akomodimi dhe sherbimi ushqimor,-0.09157778110204993,-0.108884886,-0.09551817,-0.08660704,-0.07324028
2027,7,KAÇANIK,Akomodimi dhe sherbimi ushqimor,-0.16364480066317683,-0.07732949,-0.0634895,-0.054262757,-0.040422738
2027,8,KAÇANIK,Akomodimi dhe sherbimi ushqimor,-0.23105979121040876,-0.24188034,-0.23050857,-0.22292739,-0.2115556
2027,9,KAÇANIK,Akomodimi dhe sherbimi ushqimor,-0.0641479617926689,-0.08164472,-0.067869425,-0.05868584,-0.04491055
2027,10,KAÇANIK,Akomodimi dhe sherbimi ushqimor,1.1153015814321001,0.5051559,0.5277332,0.5427848,0.5653621
2027,11,KAÇANIK,Akomodimi dhe sherbimi ushqimor,0.4083723575143753,0.19298127,0.21087599,0.22280574,0.24070048
2027,12,KAÇANIK,Akomodimi dhe sherbimi ushqimor,-0.06607035552180535,0.05869281,0.07457316,0.085160136,0.10104048
2027,1,KAÇANIK,Aktivitetet e shendetit te njeriut dhe te punes sociale,0.47567986719811634,0.5081633,0.5307857,0.5458672,0.5684897
2027,2,KAÇANIK,Aktivitetet e shendetit te njeriut dhe te punes sociale,0.4842537937646261,0.22878028,0.24721193,0.2594998,0.27793145
2027,3,KAÇANIK,Aktivitetet e shendetit te njeriut dhe te punes sociale,0.4216405526064931,0.418843,0.4401257,0.4543141,0.47559667
2027,4,KAÇANIK,Aktivitetet e shendetit te njeriut dhe te punes sociale,0.3078677894945612,0.55737364,0.58073425,0.596308,0.6196685
2027,5,KAÇANIK,Aktivitetet e shendetit te njeriut dhe te punes sociale,0.24713823288998218,0.4085035,0.4296311,0.44371605,0.46484363
2027,6,KAÇANIK,Aktivitetet e shendetit te njeriut dhe te punes sociale,0.4228180774169003,0.31936446,0.33915484,0.35234857,0.37213898
2027,7,KAÇANIK,Aktivitetet e shendetit te njeriut dhe te punes sociale,0.3265463559746507,0.46805328,0.49007416,0.50475466,0.52677536
2027,8,KAÇANIK,Aktivitetet e shendetit te njeriut dhe te punes sociale,0.41129904549063545,0.75320965,0.77950776,0.79703975,0.8233379
2027,9,KAÇANIK,Aktivitetet e shendetit te njeriut dhe te punes sociale,0.38784349967816506,0.34061986,0.3607291,0.37413526,0.39424455
2027,10,KAÇANIK,Aktivitetet e shendetit te njeriut dhe te punes sociale,0.44930435624443504,0.6441641,0.6688266,0.68526816,0.70993054
2027,11,KAÇANIK,Aktivitetet e shendetit te njeriut dhe te punes sociale,0.5987198848145966,0.6192993,0.6435888,0.6597817,0.6840712
2027,12,KAÇANIK,Aktivitetet e shendetit te njeriut dhe te punes sociale,-0.2774244194467044,-0.093402855,-0.07980394,-0.07073796,-0.05713904
2027,1,KAÇANIK,Aktivitetet e tjera sherbyese,1.4183712847770011,0.5925987,0.6164876,0.6324136,0.6563026
2027,2,KAÇANIK,Aktivitetet e tjera sherbyese,1.7489024256781116,1.963116,2.0075629,2.037194,2.0816407
2027,3,KAÇANIK,Aktivitetet e tjera sherbyese,0.25775786098789105,0.21438317,0.2325989,0.24474263,0.2629584
2027,4,KAÇANIK,Aktivitetet e tjera sherbyese,1.6448065766495916,2.0,2.045,2.0749998,2.12
2027,5,KAÇANIK,Aktivitetet e tjera sherbyese,1.2627907335622777,1.5869743,1.6257787,1.6516485,1.690453
2027,6,KAÇANIK,Aktivitetet e tjera sherbyese,0.35051789482179496,0.16471234,0.18218303,0.19383013,0.21130073
2027,7,KAÇANIK,Aktivitetet e tjera sherbyese,0.49563312036806023,0.81353176,0.8407347,0.85887,0.886073
2027,8,KAÇANIK,Aktivitetet e tjera sherbyese,1.1969275186250519,0.83012056,0.8575723,0.87587357,0.9033253
2027,9,KAÇANIK,Aktivitetet e tjera sherbyese,0.11738015175853406,-0.008996702,0.0058683157,0.015778303,0.030643344
2027,10,KAÇANIK,Aktivitetet e tjera sherbyese,0.3722520980461568,0.5908686,0.61473155,0.63064027,0.6545032
2027,11,KAÇANIK,Aktivitetet e tjera sherbyese,0.8673327632052849,0.67233926,0.6974243,0.7141477,0.73923266
2027,12,KAÇANIK,Aktivitetet e tjera sherbyese,-0.015771836839515517,0.07698944,0.0931443,0.10391414,0.12006891
2027,3,KAÇANIK,Aktivitetet financiare dhe te sigurimit,0.6496781230373865,0.62725633,0.6516652,0.66793776,0.6923466
2027,6,KAÇANIK,Aktivitetet financiare dhe te sigurimit,1.0285159643482282,0.7806843,0.8073945,0.8252013,0.85191154
2027,9,KAÇANIK,Aktivitetet financiare dhe te sigurimit,2.0,1.5978097,1.6367769,1.662755,1.7017221
2027,12,KAÇANIK,Aktivitetet financiare dhe te sigurimit,-0.269881457003539,-0.086439274,-0.072735846,-0.06360024,-0.049896836
2027,1,KAÇANIK,"Aktivitetet profesionale, shkencore dhe teknike",1.0474800641854536,0.94640964,0.97560585,0.99506986,1.024266
2027,2,KAÇANIK,"Aktivitetet profesionale, shkencore dhe teknike",2.0,2.0,2.045,2.0749998,2.12
2027,3,KAÇANIK,"Aktivitetet profesionale, shkencore dhe teknike",0.14735277318894335,0.3169389,0.33669293,0.34986234,0.3696164
2027,4,KAÇANIK,"Aktivitetet profesionale, shkencore dhe teknike",-0.23949266935024568,-0.4256405,-0.4170251,-0.41128147,-0.4026661
2027,5,KAÇANIK,"Aktivitetet profesionale, shkencore dhe teknike",1.807221820499125,1.7182639,1.7590377,1.7862203,1.8269944
2027,6,KAÇANIK,"Aktivitetet profesionale, shkencore dhe teknike",0.23105584900708975,0.30523485,0.32481337,0.3378657,0.3574443
2027,7,KAÇANIK,"Aktivitetet profesionale, shkencore dhe teknike",0.5330276522746566,0.38684562,0.4076482,0.42151666,0.4423194
2027,8,KAÇANIK,"Aktivitetet profesionale, shkencore dhe teknike",0.8097967275628388,0.8086254,0.8357549,0.85384107,0.88097036
2027,9,KAÇANIK,"Aktivitetet profesionale, shkencore dhe teknike",0.033311713869558966,0.12354509,0.14039826,0.15163362,0.16848683
2027,10,KAÇANIK,"Aktivitetet profesionale, shkencore dhe teknike",0.7389897575319914,0.5483696,0.5715952,0.5870788,0.61030436
2027,11,KAÇANIK,"Aktivitetet profesionale, shkencore dhe teknike",0.11984419261343944,0.085568324,0.10185182,0.112707496,0.12899101
2027,12,KAÇANIK,"Aktivitetet profesionale, shkencore dhe teknike",-0.058317937250062714,0.06439377,0.0803597,0.09100354,0.106969476
2027,3,KAÇANIK,Arsimi,0.8353576221197473,0.9355989,0.96463275,0.98398876,1.0130227
2027,6,KAÇANIK,Arsimi,0.7366355946797648,0.25775918,0.27662563,0.28920317,0.3080696
2027,9,KAÇANIK,Arsimi,1.0628243958098156,0.7728652,0.79945815,0.8171867,0.8437797
2027,12,KAÇANIK,Arsimi,0.5340835767632857,0.6094199,0.63356113,0.6496552,0.67379653
2027,1,KAÇANIK,"Artet, Argetimi dhe rekreacioni",0.6075867741812829,0.23019667,0.2486496,0.26095164,0.27940452
2027,2,KAÇANIK,"Artet, Argetimi dhe rekreacioni",0.5860793574708506,0.17642936,0.19407582,0.20584011,0.22348654
2027,3,KAÇANIK,"Artet, Argetimi dhe rekreacioni",0.6690089257028836,0.9943681,1.0242836,1.0442271,1.0741427
2027,4,KAÇANIK,"Artet, Argetimi dhe rekreacioni",0.6430986972407822,0.5646135,0.5880828,0.6037289,0.6271981
2027,5,KAÇANIK,"Artet, Argetimi dhe rekreacioni",0.5025400560877151,0.36016458,0.38056707,0.39416873,0.41457117
2027,6,KAÇANIK,"Artet, Argetimi dhe rekreacioni",0.4623572323976281,0.31566352,0.33539855,0.3485551,0.36829007
2027,7,KAÇANIK,"Artet, Argetimi dhe rekreacioni",0.13528551865390684,0.28226787,0.30150175,0.3143245,0.33355844
2027,8,KAÇANIK,"Artet, Argetimi dhe rekreacioni",-0.22802408469917737,-0.28873298,-0.278064,-0.27095133,-0.26028234
2027,9,KAÇANIK,"Artet, Argetimi dhe rekreacioni",1.1415921509988876,1.0477976,1.0785146,1.0989926,1.1297095
2027,10,KAÇANIK,"Artet, Argetimi dhe rekreacioni",0.8965050027768012,0.32370228,0.34355783,0.35679483,0.37665033
2027,11,KAÇANIK,"Artet, Argetimi dhe rekreacioni",0.5818593697008494,0.26973194,0.28877795,0.3014753,0.32052124
2027,12,KAÇANIK,"Artet, Argetimi dhe rekreacioni",-0.21269806050534984,-0.15445329,-0.14177006,-0.13331461,-0.12063146
2027,1,KAÇANIK,Bujqesia;Pylltaria dhe Peshkimi,0.7546512879142742,1.1991713,1.2321589,1.2541506,1.287138
2027,2,KAÇANIK,Bujqesia;Pylltaria dhe Peshkimi,0.35930353715775726,0.28613925,0.30543137,0.31829274,0.33758473
2027,3,KAÇANIK,Bujqesia;Pylltaria dhe Peshkimi,1.5992643612158894,1.5266615,1.5645614,1.5898278,1.6277277
2027,4,KAÇANIK,Bujqesia;Pylltaria dhe Peshkimi,0.22336189163530312,0.2280171,0.24643731,0.25871754,0.27713776
2027,5,KAÇANIK,Bujqesia;Pylltaria dhe Peshkimi,0.7611800562449895,0.9576963,0.98706174,1.0066388,1.0360041
2027,6,KAÇANIK,Bujqesia;Pylltaria dhe Peshkimi,0.297786421332024,0.25775737,0.27662373,0.28920138,0.30806768
2027,7,KAÇANIK,Bujqesia;Pylltaria dhe Peshkimi,-0.42380406824833416,-0.29131302,-0.28068274,-0.27359587,-0.26296562
2027,8,KAÇANIK,Bujqesia;Pylltaria dhe Peshkimi,-0.1452407842134959,-0.05394423,-0.039753377,-0.030292869,-0.016102016
2027,9,KAÇANIK,Bujqesia;Pylltaria dhe Peshkimi,0.12831542579609104,0.09950644,0.11599898,0.12699401,0.14348662
2027,10,KAÇANIK,Bujqesia;Pylltaria dhe Peshkimi,1.1130286986602398,0.6817507,0.706977,0.72379446,0.7490207
2027,11,KAÇANIK,Bujqesia;Pylltaria dhe Peshkimi,0.15737358113392402,0.032536075,0.04802406,0.05834937,0.0738374
2027,12,KAÇANIK,Bujqesia;Pylltaria dhe Peshkimi,0.035087654767093995,0.11927473,0.13606381,0.14725661,0.16404569
2027,3,KAÇANIK,Furnizimi me uje; Kanalizimi; Aktivitetet e menaxhimit dhe te trajtimit te mbeturinave,0.675558882187024,0.6583368,0.6832119,0.69979525,0.7246703
2027,6,KAÇANIK,Furnizimi me uje; Kanalizimi; Aktivitetet e menaxhimit dhe te trajtimit te mbeturinave,0.07181055962120944,0.07066018,0.08672011,0.09742677,0.11348665
2027,8,KAÇANIK,Furnizimi me uje; Kanalizimi; Aktivitetet e menaxhimit dhe te trajtimit te mbeturinave,0.827420788220395,1.1475189,1.1797316,1.2012067,1.2334197
2027,9,KAÇANIK,Furnizimi me uje; Kanalizimi; Aktivitetet e menaxhimit dhe te trajtimit te mbeturinave,0.4309212146145935,0.45852828,0.48040617,0.49499142,0.5168693
2027,12,KAÇANIK,Furnizimi me uje; Kanalizimi; Aktivitetet e menaxhimit dhe te trajtimit te mbeturinave,-0.15879925309288076,-0.0020255495,0.012944102,0.022923827,0.037893414
2027,1,KAÇANIK,Industria nxjerrese,1.342692812102689,0.8341533,0.8616656,0.880007,0.90751934
2027,2,KAÇANIK,Industria nxjerrese,0.034493242970977986,0.10223101,0.11876452,0.12978673,0.14632022
2027,3,KAÇANIK,Industria nxjerrese,0.0771146090310986,0.026674116,0.042074203,0.052340984,0.06774104
2027,4,KAÇANIK,Industria nxjerrese,-0.40352042680760697,-0.2833143,-0.272564,-0.2653972,-0.2546469
2027,5,KAÇANIK,Industria nxjerrese,-0.2887615687659418,-0.21444644,-0.20266312,-0.19480759,-0.18302429
2027,6,KAÇANIK,Industria nxjerrese,-0.13327959004801282,-0.09190807,-0.07828671,-0.06920582,-0.05558443
2027,7,KAÇANIK,Industria nxjerrese,-0.09905380656249822,-0.11659669,-0.10334563,-0.09451163,-0.08126062
2027,8,KAÇANIK,Industria nxjerrese,-0.042590461303418425,-0.058583062,-0.044461846,-0.03504771,-0.020926416
2027,9,KAÇANIK,Industria nxjerrese,-0.013743281057185237,-0.0006388795,0.014351487,0.02434516,0.03933549
2027,10,KAÇANIK,Industria nxjerrese,-0.07933375144294098,-0.056274265,-0.04211843,-0.032681167,-0.018525302
2027,11,KAÇANIK,Industria nxjerrese,-0.10310648643413857,-0.09561512,-0.08204937,-0.07300556,-0.05943978
2027,12,KAÇANIK,Industria nxjerrese,-0.03700319636888504,0.10059036,0.117099166,0.12810504,0.14461386
2027,1,KAÇANIK,Industria perpunuese,0.12780061070345483,0.33374044,0.35374653,0.3670839,0.3870901
2027,2,KAÇANIK,Industria perpunuese,0.08571803834627961,0.048240732,0.06396437,0.0744468,0.09017038
2027,3,KAÇANIK,Industria perpunuese,0.08587898645431218,0.10721776,0.12382603,0.13489819,0.15150642
2027,4,KAÇANIK,Industria perpunuese,0.08589082951933863,0.098920174,0.11540401,0.1263932,0.14287698
2027,5,KAÇANIK,Industria perpunuese,0.08765780718178083,0.11867339,0.13545358,0.1466403,0.16342032
2027,6,KAÇANIK,Industria perpunuese,0.08642395271173117,0.041956186,0.057585478,0.068005085,0.08363438
2027,7,KAÇANIK,Industria perpunuese,0.09218088478192515,0.024009105,0.039369226,0.049609303,0.06496942
2027,8,KAÇANIK,Industria perpunuese,0.09398488911991505,0.11355634,0.13025975,0.14139521,0.15809858
2027,9,KAÇANIK,Industria perpunuese,0.08587898645431218,0.105668016,0.12225306,0.13330972,0.14989471
2027,10,KAÇANIK,Industria perpunuese,0.08310799724934817,0.08397805,0.10023773,0.11107743,0.1273371
2027,11,KAÇANIK,Industria perpunuese,0.08642395271173117,0.106317624,0.12291241,0.1339755,0.15057027
2027,12,KAÇANIK,Industria perpunuese,0.07905943234046632,0.11307074,0.12976682,0.14089751,0.15759349
2027,1,KAÇANIK,Informimi dhe komunikimi,0.8469590660190901,0.73839456,0.76447034,0.7818543,0.80793023
2027,2,KAÇANIK,Informimi dhe komunikimi,1.2213425144216823,1.2928791,1.3272722,1.3502011,1.3845942
2027,3,KAÇANIK,Informimi dhe komunikimi,1.4273919888242539,1.4572808,1.4941399,1.5187125,1.5555718
2027,4,KAÇANIK,Informimi dhe komunikimi,2.0,2.0,2.045,2.0749998,2.12
2027,5,KAÇANIK,Informimi dhe komunikimi,0.6377017005031222,0.67711794,0.7022747,0.7190459,0.7442026
2027,6,KAÇANIK,Informimi dhe komunikimi,-0.0072050383333520296,0.09771994,0.11418569,0.12516284,0.14162862
2027,7,KAÇANIK,Informimi dhe komunikimi,0.5939441285490201,0.79678535,0.82373714,0.84170496,0.86865675
2027,8,KAÇANIK,Informimi dhe komunikimi,0.35627599240499486,0.14803834,0.165259,0.17673934,0.19395983
2027,9,KAÇANIK,Informimi dhe komunikimi,0.7293836839735623,0.6155555,0.63978887,0.65594435,0.6801777
2027,10,KAÇANIK,Informimi dhe komunikimi,0.27853675711628845,0.056282356,0.07212663,0.082689404,0.09853363
2027,11,KAÇANIK,Informimi dhe komunikimi,0.14205962526320362,0.010998467,0.026163459,0.03627348,0.05143833
2027,12,KAÇANIK,Informimi dhe komunikimi,-0.0955270905913092,-0.07424062,-0.060354233,-0.051096678,-0.037210286
2027,1,KAÇANIK,Ndertimtaria,1.2187538008147036,1.0632081,1.0941563,1.1147883,1.1457365
2027,2,KAÇANIK,Ndertimtaria,1.6457716917125331,1.3248335,1.3597059,1.3829541,1.4178267
2027,3,KAÇANIK,Ndertimtaria,1.1319081498125716,0.8802242,0.9084276,0.92722976,0.95543313
2027,4,KAÇANIK,Ndertimtaria,1.945348454014156,1.2668983,1.3009017,1.3235705,1.357574
2027,5,KAÇANIK,Ndertimtaria,0.8797228920650846,0.9509417,0.9802058,0.9997152,1.0289793
2027,6,KAÇANIK,Ndertimtaria,1.2084773638297344,1.3103459,1.345001,1.3681045,1.4027596
2027,7,KAÇANIK,Ndertimtaria,0.8183696734607375,0.70318866,0.7287365,0.7457683,0.7713162
2027,8,KAÇANIK,Ndertimtaria,0.9031604255495926,0.68467546,0.70994556,0.72679234,0.75206244
2027,9,KAÇANIK,Ndertimtaria,0.24834130663301182,0.2486531,0.26738286,0.27986932,0.29859912
2027,10,KAÇANIK,Ndertimtaria,0.9229226042303772,0.5794925,0.60318494,0.6189798,0.6426722
2027,11,KAÇANIK,Ndertimtaria,0.31212857228646157,0.33322594,0.35322428,0.36655653,0.38655496
2027,12,KAÇANIK,Ndertimtaria,0.06882291779598784,0.25119397,0.26996183,0.2824738,0.30124176
2027,3,KAÇANIK,Person Fizik,0.662093982336447,0.030174373,0.045626998,0.055928707,0.07138133
2027,9,KAÇANIK,Person Fizik,1.085149208189443,0.22549592,0.24387836,0.25613332,0.27451575
2027,1,KAÇANIK,Sherbimet administrative dhe mbeshtetese,0.9452735581523553,0.7340357,0.76004624,0.77738655,0.80339706
2027,2,KAÇANIK,Sherbimet administrative dhe mbeshtetese,1.3361698943234388,1.0123955,1.0425813,1.0627053,1.0928912
2027,3,KAÇANIK,Sherbimet administrative dhe mbeshtetese,0.6834880617522223,-0.014149363,0.00063836575,0.010496855,0.025284648
2027,4,KAÇANIK,Sherbimet administrative dhe mbeshtetese,2.0,2.0,2.045,2.0749998,2.12
2027,5,KAÇANIK,Sherbimet administrative dhe mbeshtetese,1.0332012373967052,0.82494324,0.85231745,0.87056684,0.897941
2027,6,KAÇANIK,Sherbimet administrative dhe mbeshtetese,0.11577285069070503,0.15700485,0.17435992,0.1859299,0.20328498
2027,7,KAÇANIK,Sherbimet administrative dhe mbeshtetese,1.0092878871226585,1.3013079,1.3358276,1.3588405,1.3933601
2027,8,KAÇANIK,Sherbimet administrative dhe mbeshtetese,-0.08801224757627914,0.0016093181,0.016633391,0.026649475,0.04167366
2027,9,KAÇANIK,Sherbimet administrative dhe mbeshtetese,0.17273798986828554,0.12722951,0.14413786,0.15541017,0.17231858
2027,10,KAÇANIK,Sherbimet administrative dhe mbeshtetese,1.7019584562823693,1.8739198,1.9170287,1.9457679,1.9888766
2027,11,KAÇANIK,Sherbimet administrative dhe mbeshtetese,2.0,2.0,2.045,2.0749998,2.12
2027,12,KAÇANIK,Sherbimet administrative dhe mbeshtetese,-0.1707329976299075,-0.11154123,-0.09821433,-0.08932978,-0.076002896
2027,1,KAÇANIK,Transporti dhe magazinimi,0.9088286144270349,0.4382967,0.45987105,0.474254,0.4958285
2027,2,KAÇANIK,Transporti dhe magazinimi,0.09584109283435412,0.07224618,0.08832991,0.09905231,0.11513603
2027,3,KAÇANIK,Transporti dhe magazinimi,0.1304162082103679,0.15886417,0.17624712,0.1878357,0.20521867
2027,4,KAÇANIK,Transporti dhe magazinimi,0.1458003157359341,0.15215653,0.16943896,0.18096054,0.19824278
2027,5,KAÇANIK,Transporti dhe magazinimi,0.2399454665595313,0.18766224,0.20547712,0.21735382,0.2351687
2027,6,KAÇANIK,Transporti dhe magazinimi,0.1397041550386074,0.21114404,0.22931123,0.24142265,0.2595898
2027,7,KAÇANIK,Transporti dhe magazinimi,0.10518274610849675,0.12814657,0.14506876,0.15635014,0.17327237
2027,8,KAÇANIK,Transporti dhe magazinimi,0.06921600001972437,0.12704901,0.14395463,0.15522516,0.17213094
2027,9,KAÇANIK,Transporti dhe magazinimi,0.09610863877389988,0.0731491,0.08924627,0.09997773,0.11607504
2027,10,KAÇANIK,Transporti dhe magazinimi,0.05206422926430033,0.05483435,0.070656896,0.08120525,0.09702766
2027,11,KAÇANIK,Transporti dhe magazinimi,0.264052545442641,0.23405877,0.25256956,0.26491022,0.28342104
2027,12,KAÇANIK,Transporti dhe magazinimi,0.10087566423761826,0.18927906,0.20711827,0.21901107,0.23685014
2027,1,KAÇANIK,Tregtia me shumice dhe pakice; Riparimi i mjeteve motorike dhe motoeikletave,0.12428814563828022,0.23894602,0.2575301,0.26991963,0.28850377
2027,2,KAÇANIK,Tregtia me shumice dhe pakice; Riparimi i mjeteve motorike dhe motoeikletave,0.08765780718178083,0.0030948152,0.01814115,0.028172135,0.043218493
2027,3,KAÇANIK,Tregtia me shumice dhe pakice; Riparimi i mjeteve motorike dhe motoeikletave,0.07775886116498876,0.04486627,0.060539246,0.07098794,0.08666098
2027,4,KAÇANIK,Tregtia me shumice dhe pakice; Riparimi i mjeteve motorike dhe motoeikletave,0.08207562432348889,0.060797118,0.07670903,0.08731699,0.10322893
2027,5,KAÇANIK,Tregtia me shumice dhe pakice; Riparimi i mjeteve motorike dhe motoeikletave,0.08091701718032493,0.07859294,0.09477174,0.10555768,0.12173653
2027,6,KAÇANIK,Tregtia me shumice dhe pakice; Riparimi i mjeteve motorike dhe motoeikletave,0.08091701718032493,0.08896339,0.105297804,0.11618745,0.13252187
2027,7,KAÇANIK,Tregtia me shumice dhe pakice; Riparimi i mjeteve motorike dhe motoeikletave,0.07815389498877731,0.07837348,0.09454906,0.10533273,0.12150836
2027,8,KAÇANIK,Tregtia me shumice dhe pakice; Riparimi i mjeteve motorike dhe motoeikletave,0.08091701718032493,0.07837348,0.09454906,0.10533273,0.12150836
2027,9,KAÇANIK,Tregtia me shumice dhe pakice; Riparimi i mjeteve motorike dhe motoeikletave,0.08091701718032493,0.11253718,0.12922513,0.14035058,0.15703857
2027,10,KAÇANIK,Tregtia me shumice dhe pakice; Riparimi i mjeteve motorike dhe motoeikletave,0.08013752584171933,0.09602782,0.11246824,0.123428464,0.13986897
2027,11,KAÇANIK,Tregtia me shumice dhe pakice; Riparimi i mjeteve motorike dhe motoeikletave,0.0897865100482156,0.10849219,0.12511945,0.13620436,0.1528318
2027,12,KAÇANIK,Tregtia me shumice dhe pakice; Riparimi i mjeteve motorike dhe motoeikletave,0.08260303977890675,0.16346826,0.18092024,0.19255495,0.21000695
2027,1,KLINË,Akomodimi dhe sherbimi ushqimor,0.2058748411935947,0.1880183,0.20583856,0.21771872,0.23553896
2027,2,KLINË,Akomodimi dhe sherbimi ushqimor,1.1214175146721446,0.94094014,0.97005427,0.98946357,1.0185776
2027,3,KLINË,Akomodimi dhe sherbimi ushqimor,1.4243470408053645,1.3515587,1.386832,1.4103477,1.445621
2027,4,KLINË,Akomodimi dhe sherbimi ushqimor,2.0,2.0,2.045,2.0749998,2.12
2027,5,KLINË,Akomodimi dhe sherbimi ushqimor,2.0,2.0,2.045,2.0749998,2.12
2027,6,KLINË,Akomodimi dhe sherbimi ushqimor,2.0,2.0,2.045,2.0749998,2.12
2027,7,KLINË,Akomodimi dhe sherbimi ushqimor,2.0,2.0,2.045,2.0749998,2.12
2027,8,KLINË,Akomodimi dhe sherbimi ushqimor,2.0,1.6810608,1.7212768,1.7480872,1.7883031
2027,9,KLINË,Akomodimi dhe sherbimi ushqimor,2.0,1.717068,1.757824,1.7849946,1.8257506
2027,10,KLINË,Akomodimi dhe sherbimi ushqimor,2.0,2.0,2.045,2.0749998,2.12
2027,11,KLINË,Akomodimi dhe sherbimi ushqimor,2.0,2.0,2.045,2.0749998,2.12
2027,12,KLINË,Akomodimi dhe sherbimi ushqimor,1.7194235235494224,1.2471224,1.2808292,1.3033004,1.337007
2027,1,KLINË,Aktivitetet e patundshmerise,0.27449575193984854,-0.36478737,-0.35525918,-0.34890705,-0.33937883
2027,2,KLINË,Aktivitetet e patundshmerise,0.2755930426299602,-0.24428679,-0.2329511,-0.22539395,-0.21405828
2027,3,KLINË,Aktivitetet e patundshmerise,0.4518068588078117,1.0987171,1.130198,1.151185,1.1826658
2027,4,KLINË,Aktivitetet e patundshmerise,0.297679051050151,-0.02889762,-0.014331102,-0.004620135,0.0099464655
2027,5,KLINË,Aktivitetet e patundshmerise,0.2851190480047655,-0.009147712,0.0057150126,0.0156235695,0.030486345
2027,6,KLINË,Aktivitetet e patundshmerise,0.6033080560215761,1.0966245,1.1280737,1.14904,1.1804893
2027,7,KLINË,Aktivitetet e patundshmerise,0.2816147214437801,0.14142163,0.15854299,0.16995716,0.18707848
2027,8,KLINË,Aktivitetet e patundshmerise,0.29109774735908145,0.16974,0.18728602,0.19898343,0.21652949
2027,9,KLINË,Aktivitetet e patundshmerise,1.7018191131105318,1.7442805,1.7854445,1.8128872,1.8540514
2027,10,KLINË,Aktivitetet e patundshmerise,0.9820884400916706,1.7435024,1.7846549,1.8120899,1.8532424
2027,11,KLINË,Aktivitetet e patundshmerise,0.7701274202594501,1.2181673,1.2514398,1.2736213,1.3068938
2027,12,KLINË,Aktivitetet e patundshmerise,1.744640749989209,2.0,2.045,2.0749998,2.12
2027,1,KLINË,Aktivitetet e shendetit te njeriut dhe te punes sociale,0.0383622069162077,-0.049307495,-0.035047114,-0.025540173,-0.011279821
2027,2,KLINË,Aktivitetet e shendetit te njeriut dhe te punes sociale,0.5198324922729239,0.28092918,0.30014312,0.3129524,0.3321663
2027,3,KLINË,Aktivitetet e shendetit te njeriut dhe te punes sociale,0.2320357758821785,0.15033096,0.16758597,0.17908931,0.19634426
2027,4,KLINË,Aktivitetet e shendetit te njeriut dhe te punes sociale,0.3179486426965954,0.21432398,0.23253882,0.24468207,0.2628969
2027,5,KLINË,Aktivitetet e shendetit te njeriut dhe te punes sociale,0.3152065790789527,0.32189372,0.34172213,0.354941,0.37476933
2027,6,KLINË,Aktivitetet e shendetit te njeriut dhe te punes sociale,0.25165891462681367,0.24481785,0.26349008,0.27593827,0.2946105
2027,7,KLINË,Aktivitetet e shendetit te njeriut dhe te punes sociale,-0.09422561406299632,-0.05621401,-0.042057276,-0.032619417,-0.018462658
2027,8,KLINË,Aktivitetet e shendetit te njeriut dhe te punes sociale,-0.21978161700873097,-0.19371264,-0.18161833,-0.1735555,-0.16146117
2027,9,KLINË,Aktivitetet e shendetit te njeriut dhe te punes sociale,0.1881423411464274,0.23952997,0.25812292,0.27051818,0.28911114
2027,10,KLINË,Aktivitetet e shendetit te njeriut dhe te punes sociale,0.48131741674810563,0.240795,0.25940692,0.27181482,0.29042673
2027,11,KLINË,Aktivitetet e shendetit te njeriut dhe te punes sociale,0.5540972689409884,0.26144585,0.2803675,0.29298198,0.31190372
2027,12,KLINË,Aktivitetet e shendetit te njeriut dhe te punes sociale,-0.08235741135599424,0.022418808,0.03775513,0.047979355,0.06331563
2027,1,KLINË,Aktivitetet e tjera sherbyese,0.6067932149534369,0.7932046,0.8201026,0.83803463,0.86493266
2027,2,KLINË,Aktivitetet e tjera sherbyese,0.5877989253846905,0.91899735,0.9477823,0.96697223,0.9957571
2027,3,KLINË,Aktivitetet e tjera sherbyese,0.15649698446327823,0.123839535,0.14069712,0.15193546,0.16879308
2027,4,KLINË,Aktivitetet e tjera sherbyese,0.5498251403570239,0.7027599,0.7283014,0.7453289,0.7708703
2027,5,KLINË,Aktivitetet e tjera sherbyese,0.4086491708406013,0.35082725,0.37108958,0.3845979,0.40486026
2027,6,KLINË,Aktivitetet e tjera sherbyese,0.0773094527973381,0.0003735765,0.01537919,0.025382876,0.040388465
2027,7,KLINË,Aktivitetet e tjera sherbyese,0.5163786012802086,0.6542096,0.6790228,0.69556487,0.7203779
2027,8,KLINË,Aktivitetet e tjera sherbyese,0.11077782312116714,0.12689003,0.14379334,0.15506232,0.1719656
2027,9,KLINË,Aktivitetet e tjera sherbyese,0.08277795568682372,0.065031014,0.08100653,0.091656804,0.10763228
2027,10,KLINË,Aktivitetet e tjera sherbyese,0.9716268841133492,0.79234827,0.8192334,0.8371569,0.86404216
2027,11,KLINË,Aktivitetet e tjera sherbyese,0.304837759716448,0.5163006,0.5390452,0.55420816,0.5769527
2027,12,KLINË,Aktivitetet e tjera sherbyese,0.12423422296075358,0.2825685,0.30180693,0.31463265,0.33387113
2027,3,KLINË,Aktivitetet financiare dhe te sigurimit,0.7553074436879276,0.25435892,0.2731743,0.28571784,0.30453324
2027,6,KLINË,Aktivitetet financiare dhe te sigurimit,0.40680934392989476,0.050211944,0.06596506,0.07646716,0.09222031
2027,9,KLINË,Aktivitetet financiare dhe te sigurimit,0.25772016555419547,-0.0612956,-0.047215104,-0.03782803,-0.023747504
2027,12,KLINË,Aktivitetet financiare dhe te sigurimit,0.0200071388583312,0.27762836,0.29679286,0.30956912,0.32873356
2027,1,KLINË,"Aktivitetet profesionale, shkencore dhe teknike",0.3715480784585809,0.18237743,0.20011306,0.21193683,0.22967255
2027,2,KLINË,"Aktivitetet profesionale, shkencore dhe teknike",0.43731746922622744,0.28739473,0.3067057,0.3195796,0.33889055
2027,3,KLINË,"Aktivitetet profesionale, shkencore dhe teknike",1.8665244483027486,1.2305424,1.2640004,1.2863059,1.3197641
2027,4,KLINË,"Aktivitetet profesionale, shkencore dhe teknike",2.0,1.8362811,1.8788252,1.9071879,1.9497323
2027,5,KLINË,"Aktivitetet profesionale, shkencore dhe teknike",1.0296966283741702,1.3099797,1.3446293,1.3677292,1.4023788
2027,6,KLINË,"Aktivitetet profesionale, shkencore dhe teknike",1.2376150735418252,0.9371499,0.96620715,0.98557854,1.0146358
2027,7,KLINË,"Aktivitetet profesionale, shkencore dhe teknike",1.5421952809873989,1.2896925,1.3240378,1.3469346,1.38128
2027,8,KLINË,"Aktivitetet profesionale, shkencore dhe teknike",2.0,2.0,2.045,2.0749998,2.12
2027,9,KLINË,"Aktivitetet profesionale, shkencore dhe teknike",1.0196871384376023,0.56715167,0.5906589,0.6063304,0.62983763
2027,10,KLINË,"Aktivitetet profesionale, shkencore dhe teknike",1.943222921537582,1.8583406,1.9012158,1.9297991,1.9726744
2027,11,KLINË,"Aktivitetet profesionale, shkencore dhe teknike",1.9518067722641839,1.7087414,1.7493725,1.7764599,1.817091
2027,12,KLINË,"Aktivitetet profesionale, shkencore dhe teknike",0.022890378608821448,0.10520183,0.1217798,0.13283181,0.14940989
2027,1,KLINË,Arsimi,1.3839379125368438,1.47718,1.5143378,1.5391095,1.576267
2027,2,KLINË,Arsimi,1.6272346407689264,1.5870192,1.6258245,1.6516945,1.6904998
2027,3,KLINË,Arsimi,0.18158183045817733,0.2605367,0.2794447,0.29205,0.31095815
2027,4,KLINË,Arsimi,0.3143141300310266,0.30896214,0.32859647,0.34168613,0.3613205
2027,5,KLINË,Arsimi,0.1767695085092947,0.29311597,0.31251264,0.32544386,0.34484053
2027,6,KLINË,Arsimi,0.2785473353775413,0.3815981,0.40232205,0.41613805,0.436862
2027,7,KLINË,Arsimi,2.0,2.0,2.045,2.0749998,2.12
2027,8,KLINË,Arsimi,2.0,1.7783085,1.819983,1.8477659,1.8894405
2027,9,KLINË,Arsimi,-0.012920088429094619,-0.058552697,-0.04443097,-0.035016537,-0.020894825
2027,10,KLINË,Arsimi,-0.11278442273961967,-0.19213058,-0.18001252,-0.17193383,-0.15981585
2027,11,KLINË,Arsimi,-0.045132586799795774,-0.017787546,-0.0030543804,0.00676775,0.021500826
2027,12,KLINË,Arsimi,-0.1927273158351922,0.11497139,0.13169599,0.14284563,0.15957022
2027,1,KLINË,"Artet, Argetimi dhe rekreacioni",0.47714379316035205,0.47580093,0.49793804,0.512696,0.53483295
2027,2,KLINË,"Artet, Argetimi dhe rekreacioni",0.9519568601252402,0.8922231,0.9206065,0.9395287,0.96791196
2027,3,KLINË,"Artet, Argetimi dhe rekreacioni",0.04796750783728023,0.38201293,0.4027431,0.41656327,0.4372934
2027,4,KLINË,"Artet, Argetimi dhe rekreacioni",0.206865976762166,0.36052194,0.3809297,0.39453495,0.41494274
2027,5,KLINË,"Artet, Argetimi dhe rekreacioni",0.28561244184046025,0.48518255,0.50746024,0.52231205,0.54458976
2027,6,KLINË,"Artet, Argetimi dhe rekreacioni",-0.1977699343455106,-0.19724075,-0.18519938,-0.17717183,-0.16513044
2027,7,KLINË,"Artet, Argetimi dhe rekreacioni",0.05808981211026399,-0.15694773,-0.14430195,-0.13587147,-0.12322569
2027,8,KLINË,"Artet, Argetimi dhe rekreacioni",-0.4538390563163665,-0.4785804,-0.4707591,-0.46554488,-0.45772362
2027,9,KLINË,"Artet, Argetimi dhe rekreacioni",1.642716150321345,1.4503965,1.4871523,1.5116563,1.5484123
2027,10,KLINË,"Artet, Argetimi dhe rekreacioni",1.230604995571631,1.1315601,1.1635334,1.184849,1.2168224
2027,11,KLINË,"Artet, Argetimi dhe rekreacioni",0.4914158950341158,0.639061,0.6636468,0.6800375,0.70462334
2027,12,KLINË,"Artet, Argetimi dhe rekreacioni",0.7149730864537355,0.95855355,0.98793185,1.0075173,1.0368955
2027,1,KLINË,Bujqesia;Pylltaria dhe Peshkimi,0.3922876484630674,0.13472237,0.15174317,0.16309035,0.18011117
2027,2,KLINË,Bujqesia;Pylltaria dhe Peshkimi,0.06922697935964792,0.048999403,0.06473446,0.0752244,0.09095931
2027,3,KLINË,Bujqesia;Pylltaria dhe Peshkimi,0.33909775252811614,0.46553978,0.48752284,0.5021783,0.52416134
2027,4,KLINË,Bujqesia;Pylltaria dhe Peshkimi,0.35040465711428886,0.13363008,0.15063453,0.16197073,0.17897522
2027,5,KLINË,Bujqesia;Pylltaria dhe Peshkimi,0.9703180602918466,0.87591106,0.90404963,0.92280877,0.9509474
2027,6,KLINË,Bujqesia;Pylltaria dhe Peshkimi,0.603527870024682,0.58516234,0.60893977,0.6247914,0.64856887
2027,7,KLINË,Bujqesia;Pylltaria dhe Peshkimi,1.506244511390963,1.4718004,1.5088773,1.5335953,1.5706723
2027,8,KLINË,Bujqesia;Pylltaria dhe Peshkimi,1.4242345799521348,1.3634359,1.3988872,1.4225216,1.457973
2027,9,KLINË,Bujqesia;Pylltaria dhe Peshkimi,0.2846055881477329,0.3531208,0.37341762,0.38694882,0.40724564
2027,10,KLINË,Bujqesia;Pylltaria dhe Peshkimi,1.5544149793629993,1.2745095,1.3086271,1.331372,1.3654897
2027,11,KLINË,Bujqesia;Pylltaria dhe Peshkimi,1.7185580069632287,2.0,2.045,2.0749998,2.12
2027,12,KLINË,Bujqesia;Pylltaria dhe Peshkimi,0.558741411647568,0.52590483,0.54879344,0.56405246,0.586941
2027,4,KLINË,Furnizimi me uje; Kanalizimi; Aktivitetet e menaxhimit dhe te trajtimit te mbeturinave,-0.33184323526937676,-0.6106832,-0.6048435,-0.6009503,-0.59511054
2027,5,KLINË,Furnizimi me uje; Kanalizimi; Aktivitetet e menaxhimit dhe te trajtimit te mbeturinave,-0.6553873624125305,-0.7659609,-0.7624503,-0.7601099,-0.7565993
2027,6,KLINË,Furnizimi me uje; Kanalizimi; Aktivitetet e menaxhimit dhe te trajtimit te mbeturinave,-0.6339829927302314,-0.52558863,-0.51847243,-0.5137284,-0.5066122
2027,7,KLINË,Furnizimi me uje; Kanalizimi; Aktivitetet e menaxhimit dhe te trajtimit te mbeturinave,-0.7778584500724045,-0.7679244,-0.7644433,-0.7621225,-0.7586414
2027,8,KLINË,Furnizimi me uje; Kanalizimi; Aktivitetet e menaxhimit dhe te trajtimit te mbeturinave,-0.7752719845836661,-0.6481123,-0.64283395,-0.6393151,-0.6340368
2027,9,KLINË,Furnizimi me uje; Kanalizimi; Aktivitetet e menaxhimit dhe te trajtimit te mbeturinave,-0.8241094772439232,-0.8024615,-0.79949844,-0.797523,-0.79455996
2027,10,KLINË,Furnizimi me uje; Kanalizimi; Aktivitetet e menaxhimit dhe te trajtimit te mbeturinave,-0.23601769781644108,-0.023527034,-0.00887996,0.00088477135,0.015531898
2027,11,KLINË,Furnizimi me uje; Kanalizimi; Aktivitetet e menaxhimit dhe te trajtimit te mbeturinave,-0.3257039267474279,-0.4621915,-0.45412433,-0.44874626,-0.44067913
2027,12,KLINË,Furnizimi me uje; Kanalizimi; Aktivitetet e menaxhimit dhe te trajtimit te mbeturinave,-0.6405740995742587,-0.46670738,-0.458708,-0.45337504,-0.44537568
2027,1,KLINË,Industria nxjerrese,2.0,2.0,2.045,2.0749998,2.12
2027,2,KLINË,Industria nxjerrese,0.7420303076121526,0.77593833,0.8025774,0.8203367,0.8469757
2027,3,KLINË,Industria nxjerrese,0.6050069250259876,0.28141245,0.30063367,0.3134477,0.3326689
2027,4,KLINË,Industria nxjerrese,0.1772329158524852,0.2372491,0.25580788,0.26818037,0.2867391
2027,5,KLINË,Industria nxjerrese,0.047065849735805895,0.017736604,0.033002615,0.04317999,0.05844593
2027,6,KLINË,Industria nxjerrese,0.2267715361421086,0.22344609,0.2417978,0.25403225,0.27238393
2027,7,KLINË,Industria nxjerrese,0.1960854859609286,0.24682404,0.2655264,0.27799463,0.2966969
2027,8,KLINË,Industria nxjerrese,0.5980377501280963,0.494342,0.51675713,0.5317005,0.55411553
2027,9,KLINË,Industria nxjerrese,0.5473767784881759,0.3040441,0.32360482,0.33664525,0.35620582
2027,10,KLINË,Industria nxjerrese,0.5876060712709482,0.33985874,0.35995662,0.37335515,0.39345312
2027,11,KLINË,Industria nxjerrese,0.2557236075923272,0.27282837,0.29192078,0.304649,0.32374144
2027,12,KLINË,Industria nxjerrese,0.16258110743060725,0.17720157,0.1948595,0.20663154,0.22428954
2027,1,KLINË,Industria perpunuese,0.24271752036206767,0.35733375,0.37769377,0.39126706,0.41162705
2027,2,KLINË,Industria perpunuese,0.08171673629728014,0.07930497,0.09549451,0.10628748,0.122477055
2027,3,KLINË,Industria perpunuese,0.06960293940788614,0.05834339,0.07421851,0.08480191,0.10067713
2027,4,KLINË,Industria perpunuese,0.07879044080941998,0.0279435,0.043362617,0.053642035,0.06906116
2027,5,KLINË,Industria perpunuese,0.09272698788575019,0.12622261,0.14311588,0.15437818,0.17127144
2027,6,KLINË,Industria perpunuese,0.09623022138251333,0.20298617,0.22103095,0.23306072,0.25110555
2027,7,KLINË,Industria perpunuese,0.09697510948568364,0.113248244,0.12994695,0.14107943,0.15777814
2027,8,KLINË,Industria perpunuese,0.0986209730821514,0.1895994,0.20744336,0.21933937,0.23718333
2027,9,KLINË,Industria perpunuese,0.09398488911991505,0.103793494,0.12035036,0.1313883,0.14794517
2027,10,KLINË,Industria perpunuese,0.09115135332383491,0.1755745,0.1932081,0.20496392,0.22259748
2027,11,KLINË,Industria perpunuese,0.1007643998157577,0.20609766,0.22418904,0.23625004,0.25434148
2027,12,KLINË,Industria perpunuese,0.08765780718178083,0.22599907,0.24438906,0.25664902,0.27503908
2027,1,KLINË,Informimi dhe komunikimi,2.0,2.0,2.045,2.0749998,2.12
2027,3,KLINË,Informimi dhe komunikimi,2.0,2.0,2.045,2.0749998,2.12
2027,6,KLINË,Informimi dhe komunikimi,2.0,2.0,2.045,2.0749998,2.12
2027,9,KLINË,Informimi dhe komunikimi,0.5120303346489068,0.36021566,0.38061893,0.39422107,0.4146242
2027,10,KLINË,Informimi dhe komunikimi,0.03322615888954725,0.32156047,0.34138393,0.35459948,0.3744229
2027,11,KLINË,Informimi dhe komunikimi,0.1607701364622482,-0.06034785,-0.046253085,-0.03685659,-0.022761822
2027,12,KLINË,Informimi dhe komunikimi,-0.10635821738451806,-0.06880762,-0.05483973,-0.045527816,-0.031559944
2027,1,KLINË,Ndertimtaria,0.28403771001178557,0.4513546,0.47312498,0.48763847,0.5094087
2027,2,KLINË,Ndertimtaria,0.28030147158818836,0.48941636,0.5117576,0.52665174,0.548993
2027,3,KLINË,Ndertimtaria,0.021187066851960548,0.12466373,0.14153361,0.1527803,0.1696502
2027,4,KLINË,Ndertimtaria,0.04643740040463474,0.11893223,0.1357162,0.14690554,0.1636895
2027,5,KLINË,Ndertimtaria,0.047467565772292684,0.010046692,0.025197387,0.03529787,0.050448537
2027,6,KLINË,Ndertimtaria,-0.02209689912578589,0.012803265,0.027995348,0.03812337,0.0533154
2027,7,KLINË,Ndertimtaria,0.049628552906322794,0.01777965,0.033046365,0.043224216,0.058490872
2027,8,KLINË,Ndertimtaria,0.0015892067720735441,0.0013943923,0.016415238,0.026429176,0.041450143
2027,9,KLINË,Ndertimtaria,0.08651404317258903,0.13444908,0.1514659,0.16281033,0.1798271
2027,10,KLINË,Ndertimtaria,0.09129144827988629,0.05638929,0.07223511,0.08279908,0.09864485
2027,11,KLINË,Ndertimtaria,0.09696774589605407,0.19939986,0.21739078,0.22938478,0.24737573
2027,12,KLINË,Ndertimtaria,0.06134210339504853,0.04474436,0.060415506,0.07086301,0.08653414
2027,1,KLINË,Person Fizik,1.8149937076972684,1.2634858,1.2974381,1.3200729,1.3540254
2027,2,KLINË,Person Fizik,2.0,2.0,2.045,2.0749998,2.12
2027,3,KLINË,Person Fizik,2.0,2.0,2.045,2.0749998,2.12
2027,4,KLINË,Person Fizik,2.0,1.9518145,1.9960918,2.02561,2.0698872
2027,5,KLINË,Person Fizik,2.0,2.0,2.045,2.0749998,2.12
2027,6,KLINË,Person Fizik,2.0,2.0,2.045,2.0749998,2.12
2027,7,KLINË,Person Fizik,0.7676126892806816,0.79108024,0.81794643,0.83585715,0.86272335
2027,8,KLINË,Person Fizik,0.4998761443609651,0.15007463,0.16732574,0.17882645,0.19607759
2027,9,KLINË,Person Fizik,0.2447414185645713,0.10160379,0.11812782,0.12914383,0.14566791
2027,12,KLINË,Person Fizik,1.119800643562342,0.6971312,0.72258806,0.7395594,0.7650163
2027,1,KLINË,Sherbimet administrative dhe mbeshtetese,0.3010356922661723,0.23816596,0.25673842,0.2691201,0.28769255
2027,2,KLINË,Sherbimet administrative dhe mbeshtetese,0.5945800094997757,0.77344835,0.80005,0.81778455,0.8443862
2027,3,KLINË,Sherbimet administrative dhe mbeshtetese,0.2421515626331311,0.18485498,0.20262778,0.21447635,0.23224914
2027,4,KLINË,Sherbimet administrative dhe mbeshtetese,-0.030606633200693997,0.06996106,0.086010456,0.096710086,0.11275947
2027,5,KLINË,Sherbimet administrative dhe mbeshtetese,0.15201065324120586,0.15415871,0.17147112,0.1830126,0.20032501
2027,6,KLINË,Sherbimet administrative dhe mbeshtetese,0.22244383419554084,0.17687924,0.19453251,0.20630121,0.22395444
2027,7,KLINË,Sherbimet administrative dhe mbeshtetese,0.22703899902184285,0.2965248,0.31597257,0.3289379,0.3483857
2027,8,KLINË,Sherbimet administrative dhe mbeshtetese,0.5155070738621542,0.46005028,0.48195112,0.4965515,0.5184523
2027,9,KLINË,Sherbimet administrative dhe mbeshtetese,0.24344128313613433,0.12593786,0.14282691,0.15408623,0.17097533
2027,10,KLINË,Sherbimet administrative dhe mbeshtetese,2.0,1.6353875,1.6749182,1.701272,1.7408028
2027,11,KLINË,Sherbimet administrative dhe mbeshtetese,1.43054815811419,1.1628956,1.1953392,1.216968,1.2494113
2027,12,KLINË,Sherbimet administrative dhe mbeshtetese,0.15398468177951213,0.24209985,0.26073134,0.27315235,0.2917838
2027,1,KLINË,Transporti dhe magazinimi,1.5779269734726589,0.8367743,0.8643259,0.88269365,0.9102453
2027,2,KLINË,Transporti dhe magazinimi,1.3295458831462565,0.789941,0.8167901,0.8346895,0.86153865
2027,3,KLINË,Transporti dhe magazinimi,0.4036689336584312,0.40392208,0.42498088,0.43902016,0.46007895
2027,4,KLINË,Transporti dhe magazinimi,0.14929899640516509,0.15596761,0.17330706,0.18486679,0.20220625
2027,5,KLINË,Transporti dhe magazinimi,0.4080292566027649,0.31064427,0.3303039,0.34341037,0.36307
2027,6,KLINË,Transporti dhe magazinimi,0.4373400515114141,0.3392046,0.35929263,0.3726846,0.39277267
2027,7,KLINË,Transporti dhe magazinimi,0.4160186727823376,0.35686594,0.37721884,0.39078748,0.41114044
2027,8,KLINË,Transporti dhe magazinimi,0.738675790218106,0.59504294,0.6189686,0.6349189,0.6588446
2027,9,KLINË,Transporti dhe magazinimi,0.3317738876472985,0.32717428,0.3470819,0.3603536,0.38026118
2027,10,KLINË,Transporti dhe magazinimi,0.42798164331479377,0.256004,0.27484405,0.28740406,0.30624413
2027,11,KLINË,Transporti dhe magazinimi,0.17704152190231803,0.12807043,0.14499152,0.15627217,0.17319322
2027,12,KLINË,Transporti dhe magazinimi,0.11041984790540027,0.16118546,0.17860329,0.19021511,0.2076329
2027,1,KLINË,Tregtia me shumice dhe pakice; Riparimi i mjeteve motorike dhe motoeikletave,0.07247347577746004,0.1056192,0.12220347,0.13325965,0.14984393
2027,2,KLINË,Tregtia me shumice dhe pakice; Riparimi i mjeteve motorike dhe motoeikletave,0.06828689348876345,0.081238866,0.09745741,0.10826981,0.124488354
2027,3,KLINË,Tregtia me shumice dhe pakice; Riparimi i mjeteve motorike dhe motoeikletave,0.06723222324222118,0.08065794,0.0968678,0.10767436,0.1238842
2027,4,KLINË,Tregtia me shumice dhe pakice; Riparimi i mjeteve motorike dhe motoeikletave,0.06789328706416138,0.06267351,0.07861364,0.08924043,0.1051805
2027,5,KLINË,Tregtia me shumice dhe pakice; Riparimi i mjeteve motorike dhe motoeikletave,0.06789328706416138,0.07283823,0.088930726,0.099659085,0.115751624
2027,6,KLINË,Tregtia me shumice dhe pakice; Riparimi i mjeteve motorike dhe motoeikletave,0.06789328706416138,0.084124036,0.100385904,0.111227155,0.12748897
2027,7,KLINË,Tregtia me shumice dhe pakice; Riparimi i mjeteve motorike dhe motoeikletave,0.06789328706416138,0.08002395,0.09622431,0.10702455,0.12322497
2027,8,KLINË,Tregtia me shumice dhe pakice; Riparimi i mjeteve motorike dhe motoeikletave,0.06789328706416138,0.06313802,0.07908511,0.089716434,0.10566354
2027,9,KLINË,Tregtia me shumice dhe pakice; Riparimi i mjeteve motorike dhe motoeikletave,0.06789328706416138,0.075687654,0.09182298,0.10257983,0.11871517
2027,10,KLINË,Tregtia me shumice dhe pakice; Riparimi i mjeteve motorike dhe motoeikletave,0.06789328706416138,0.07136421,0.08743465,0.09814823,0.11421871
2027,11,KLINË,Tregtia me shumice dhe pakice; Riparimi i mjeteve motorike dhe motoeikletave,0.06789328706416138,0.074340284,0.09045541,0.10119879,0.11731386
2027,12,KLINË,Tregtia me shumice dhe pakice; Riparimi i mjeteve motorike dhe motoeikletave,0.06723222324222118,0.13138466,0.14835536,0.15966916,0.17663991
2027,1,KLLOKOT,Akomodimi dhe sherbimi ushqimor,0.3411125434815104,0.7634147,0.78986585,0.8074999,0.8339511
2027,2,KLLOKOT,Akomodimi dhe sherbimi ushqimor,0.20347333170547807,0.5370763,0.5601324,0.5755031,0.59855926
2027,3,KLLOKOT,Akomodimi dhe sherbimi ushqimor,0.27665019150800235,0.8445444,0.8722125,0.890658,0.91832614
2027,4,KLLOKOT,Akomodimi dhe sherbimi ushqimor,0.18306181542966574,0.5600892,0.5834904,0.5990913,0.6224927
2027,5,KLLOKOT,Akomodimi dhe sherbimi ushqimor,0.2834521219686934,0.6314203,0.65589166,0.6722058,0.6966771
2027,6,KLLOKOT,Akomodimi dhe sherbimi ushqimor,0.08076907258317419,0.60392106,0.6279799,0.644019,0.6680778
2027,7,KLLOKOT,Akomodimi dhe sherbimi ushqimor,-0.036069705763006187,0.22489238,0.24326575,0.25551462,0.273888
2027,8,KLLOKOT,Akomodimi dhe sherbimi ushqimor,-0.042765415766460604,0.15501805,0.17234337,0.18389356,0.20121872
2027,9,KLLOKOT,Akomodimi dhe sherbimi ushqimor,0.24514974111980425,0.26945737,0.28849924,0.3011937,0.3202356
2027,10,KLLOKOT,Akomodimi dhe sherbimi ushqimor,0.40484490456984407,0.6566093,0.68145835,0.6980245,0.72287357
2027,11,KLLOKOT,Akomodimi dhe sherbimi ushqimor,0.4359224765388263,0.6930139,0.71840906,0.73533916,0.76073444
2027,12,KLLOKOT,Akomodimi dhe sherbimi ushqimor,-0.03249973042115786,0.5619809,0.5854107,0.60103047,0.6244601
2027,1,KLLOKOT,"Aktivitetet profesionale, shkencore dhe teknike",0.05997645405626674,-0.014340916,0.0004439354,0.010300517,0.02508533
2027,2,KLLOKOT,"Aktivitetet profesionale, shkencore dhe teknike",0.3956845765767453,0.11623456,0.13297808,0.14414036,0.1608839
2027,3,KLLOKOT,"Aktivitetet profesionale, shkencore dhe teknike",0.08668482797175334,0.2929455,0.31233966,0.3252691,0.34466326
2027,4,KLLOKOT,"Aktivitetet profesionale, shkencore dhe teknike",0.4205796053360134,0.15851489,0.17589259,0.18747771,0.20485544
2027,5,KLLOKOT,"Aktivitetet profesionale, shkencore dhe teknike",0.023113590722626202,-0.039869137,-0.025467157,-0.015865862,-0.0014639497
2027,6,KLLOKOT,"Aktivitetet profesionale, shkencore dhe teknike",0.022468097748714208,0.19455785,0.21247625,0.22442186,0.2423402
2027,7,KLLOKOT,"Aktivitetet profesionale, shkencore dhe teknike",0.009657103865448248,0.06512026,0.08109701,0.09174824,0.107725024
2027,8,KLLOKOT,"Aktivitetet profesionale, shkencore dhe teknike",0.03901960796032594,0.13030462,0.14725912,0.15856218,0.17551672
2027,9,KLLOKOT,"Aktivitetet profesionale, shkencore dhe teknike",0.16138355700597828,0.32617483,0.34606743,0.35932922,0.3792218
2027,10,KLLOKOT,"Aktivitetet profesionale, shkencore dhe teknike",0.2282755624431043,0.26775128,0.28676748,0.2994449,0.31846118
2027,11,KLLOKOT,"Aktivitetet profesionale, shkencore dhe teknike",0.09285233721164035,0.21425772,0.23247159,0.24461412,0.262828
2027,12,KLLOKOT,"Aktivitetet profesionale, shkencore dhe teknike",0.2853712268922717,0.5551803,0.578508,0.5940598,0.6173874
2027,6,KLLOKOT,"Artet, Argetimi dhe rekreacioni",-0.5100826318996822,-0.77061313,-0.76717234,-0.76487845,-0.76143765
2027,7,KLLOKOT,"Artet, Argetimi dhe rekreacioni",-0.15252371379356666,-0.49261642,-0.48500568,-0.47993183,-0.4723211
2027,8,KLLOKOT,"Artet, Argetimi dhe rekreacioni",0.5807837314070647,0.11417255,0.13088512,0.1420269,0.15873945
2027,9,KLLOKOT,"Artet, Argetimi dhe rekreacioni",0.6145564857238548,0.38884285,0.40967548,0.42356384,0.4443965
2027,10,KLLOKOT,"Artet, Argetimi dhe rekreacioni",0.5065918450157612,0.08589688,0.10218525,0.11304426,0.12933266
2027,11,KLLOKOT,"Artet, Argetimi dhe rekreacioni",0.22242738319763308,-0.05603707,-0.041877627,-0.03243804,-0.018278599
2027,3,KLLOKOT,Bujqesia;Pylltaria dhe Peshkimi,1.6080651419493395,1.4448599,1.4815328,1.5059814,1.5426543
2027,5,KLLOKOT,Bujqesia;Pylltaria dhe Peshkimi,1.0676200604835184,1.0733433,1.1044433,1.1251769,1.156277
2027,6,KLLOKOT,Bujqesia;Pylltaria dhe Peshkimi,0.7404057203142971,0.29684675,0.31629944,0.32926786,0.34872055
2027,9,KLLOKOT,Bujqesia;Pylltaria dhe Peshkimi,1.4727648191107874,1.3115723,1.3462458,1.3693616,1.4040351
2027,12,KLLOKOT,Bujqesia;Pylltaria dhe Peshkimi,1.2951115749306197,1.2945781,1.3289967,1.3519425,1.3863611
2027,1,KLLOKOT,Furnizimi me uje; Kanalizimi; Aktivitetet e menaxhimit dhe te trajtimit te mbeturinave,1.6430867344308195,2.0,2.045,2.0749998,2.12
2027,2,KLLOKOT,Furnizimi me uje; Kanalizimi; Aktivitetet e menaxhimit dhe te trajtimit te mbeturinave,1.0841241561394317,1.7080517,1.7486725,1.775753,1.8163736
2027,3,KLLOKOT,Furnizimi me uje; Kanalizimi; Aktivitetet e menaxhimit dhe te trajtimit te mbeturinave,-0.04310478548299699,-0.09992008,-0.08641893,-0.07741809,-0.06391692
2027,4,KLLOKOT,Furnizimi me uje; Kanalizimi; Aktivitetet e menaxhimit dhe te trajtimit te mbeturinave,-0.44491682471518545,-0.3157215,-0.30545735,-0.29861456,-0.2883504
2027,5,KLLOKOT,Furnizimi me uje; Kanalizimi; Aktivitetet e menaxhimit dhe te trajtimit te mbeturinave,-0.510819987201865,-0.35779938,-0.3481664,-0.34174442,-0.33211142
2027,6,KLLOKOT,Furnizimi me uje; Kanalizimi; Aktivitetet e menaxhimit dhe te trajtimit te mbeturinave,-0.5887028961890672,-0.50637317,-0.49896878,-0.4940325,-0.48662812
2027,7,KLLOKOT,Furnizimi me uje; Kanalizimi; Aktivitetet e menaxhimit dhe te trajtimit te mbeturinave,-0.2030167761303202,-0.009061345,0.0058027506,0.015712142,0.03057623
2027,8,KLLOKOT,Furnizimi me uje; Kanalizimi; Aktivitetet e menaxhimit dhe te trajtimit te mbeturinave,-0.47777446895652614,-0.348994,-0.33922893,-0.3327189,-0.32295382
2027,9,KLLOKOT,Furnizimi me uje; Kanalizimi; Aktivitetet e menaxhimit dhe te trajtimit te mbeturinave,-0.03894658235348202,0.25668347,0.27553368,0.28810048,0.3069508
2027,10,KLLOKOT,Furnizimi me uje; Kanalizimi; Aktivitetet e menaxhimit dhe te trajtimit te mbeturinave,-0.4841225733774499,-0.40429464,-0.39535904,-0.38940197,-0.3804664
2027,11,KLLOKOT,Furnizimi me uje; Kanalizimi; Aktivitetet e menaxhimit dhe te trajtimit te mbeturinave,-0.34614249796679236,-0.23125488,-0.2197237,-0.21203625,-0.20050508
2027,12,KLLOKOT,Furnizimi me uje; Kanalizimi; Aktivitetet e menaxhimit dhe te trajtimit te mbeturinave,-0.40621837850309517,-0.2531337,-0.24193072,-0.23446208,-0.22325909
2027,1,KLLOKOT,Industria nxjerrese,1.9701531313806868,2.0,2.045,2.0749998,2.12
2027,2,KLLOKOT,Industria nxjerrese,-0.1640906607078153,0.20720758,0.22531569,0.23738778,0.2554958
2027,3,KLLOKOT,Industria nxjerrese,-0.32767961996432926,-0.2848939,-0.2741673,-0.26701623,-0.25628966
2027,4,KLLOKOT,Industria nxjerrese,-0.568125015994531,-0.50076234,-0.4932738,-0.48828143,-0.48079288
2027,5,KLLOKOT,Industria nxjerrese,-0.6000842504631094,-0.6819231,-0.6771519,-0.6739712,-0.66920006
2027,6,KLLOKOT,Industria nxjerrese,-0.3913365645899716,-0.3152434,-0.30497205,-0.2981245,-0.28785312
2027,7,KLLOKOT,Industria nxjerrese,-0.6317870999542446,-0.57415676,-0.5677691,-0.56351066,-0.55712306
2027,8,KLLOKOT,Industria nxjerrese,-0.3585720344167026,-0.3402857,-0.33038998,-0.32379282,-0.31389713
2027,9,KLLOKOT,Industria nxjerrese,-0.48314687950176327,-0.38871992,-0.3795507,-0.37343794,-0.36426872
2027,10,KLLOKOT,Industria nxjerrese,-0.27623774570599374,-0.29382753,-0.28323495,-0.27617323,-0.26558065
2027,11,KLLOKOT,Industria nxjerrese,0.16386013592111576,0.3356006,0.35563457,0.36899054,0.38902462
2027,12,KLLOKOT,Industria nxjerrese,-0.12820864714085328,0.12102762,0.13784301,0.14905322,0.16586864
2027,1,KLLOKOT,Industria perpunuese,0.09761265067425424,0.049178574,0.06491625,0.07540798,0.091145754
2027,2,KLLOKOT,Industria perpunuese,0.17768324514522676,0.26901206,0.2880473,0.30073738,0.31977248
2027,3,KLLOKOT,Industria perpunuese,1.0534701322394198,1.2104388,1.2435954,1.2656996,1.2988563
2027,4,KLLOKOT,Industria perpunuese,1.2329751379476968,1.3415684,1.376692,1.4001076,1.4352312
2027,5,KLLOKOT,Industria perpunuese,0.12465109476520299,0.3986996,0.41968012,0.43366706,0.45464754
2027,6,KLLOKOT,Industria perpunuese,0.3136588641272991,0.5728159,0.5964081,0.61213624,0.6357285
2027,7,KLLOKOT,Industria perpunuese,0.3103293681547704,0.6103023,0.6344569,0.6505599,0.6747143
2027,8,KLLOKOT,Industria perpunuese,0.62808611403686,0.67045575,0.69551253,0.7122171,0.7372738
2027,9,KLLOKOT,Industria perpunuese,0.045720048472344524,0.29724404,0.31670272,0.3296752,0.34913373
2027,10,KLLOKOT,Industria perpunuese,0.6571941423700729,0.5489146,0.5721483,0.58763754,0.6108712
2027,11,KLLOKOT,Industria perpunuese,0.6861393487208169,0.7920398,0.8189205,0.83684087,0.8637214
2027,12,KLLOKOT,Industria perpunuese,1.2383233837486982,1.2148502,1.2480729,1.2702215,1.3034441
2027,3,KLLOKOT,Ndertimtaria,-0.8685669637085647,-1.0,-1.0,-1.0,-1.0
2027,6,KLLOKOT,Ndertimtaria,-0.8365009320897759,-1.0,-1.0,-1.0,-1.0
2027,8,KLLOKOT,Ndertimtaria,-0.873975024647134,-1.0,-1.0,-1.0,-1.0
2027,9,KLLOKOT,Ndertimtaria,-0.6622529345520382,-0.92590016,-0.92478865,-0.92404765,-0.9229362
2027,10,KLLOKOT,Ndertimtaria,-0.8221628489149555,-1.0,-1.0,-1.0,-1.0
2027,11,KLLOKOT,Ndertimtaria,-0.8372591757255001,-1.0,-1.0,-1.0,-1.0
2027,12,KLLOKOT,Ndertimtaria,-0.7539048430250506,-0.8613752,-0.85929585,-0.85790956,-0.8558302
2027,3,KLLOKOT,Sherbimet administrative dhe mbeshtetese,0.6833472635440295,0.5533353,0.57663536,0.5921687,0.6154686
2027,6,KLLOKOT,Sherbimet administrative dhe mbeshtetese,2.0,2.0,2.045,2.0749998,2.12
2027,9,KLLOKOT,Sherbimet administrative dhe mbeshtetese,2.0,2.0,2.045,2.0749998,2.12
2027,12,KLLOKOT,Sherbimet administrative dhe mbeshtetese,0.9654118370005699,1.6816374,1.7218618,1.7486782,1.7889028
2027,1,KLLOKOT,Transporti dhe magazinimi,0.5756780318527289,0.6096847,0.63382995,0.6499268,0.674072
2027,2,KLLOKOT,Transporti dhe magazinimi,0.3260243744950883,0.7369853,0.76304007,0.78040993,0.8064647
2027,3,KLLOKOT,Transporti dhe magazinimi,1.2062569014155569,0.678747,0.7039281,0.7207155,0.7458967
2027,4,KLLOKOT,Transporti dhe magazinimi,0.8841505085717993,0.71130246,0.736972,0.75408506,0.7797545
2027,5,KLLOKOT,Transporti dhe magazinimi,2.0,2.0,2.045,2.0749998,2.12
2027,6,KLLOKOT,Transporti dhe magazinimi,0.6515555050201831,0.5642663,0.5877303,0.60337293,0.6268369
2027,7,KLLOKOT,Transporti dhe magazinimi,-0.2627703143322428,-0.024254555,-0.0096184015,0.00013899803,0.014775276
2027,8,KLLOKOT,Transporti dhe magazinimi,0.44681822718916037,0.27123135,0.2902999,0.30301213,0.3220806
2027,9,KLLOKOT,Transporti dhe magazinimi,0.8787745520448199,0.5259624,0.5488517,0.56411135,0.58700085
2027,10,KLLOKOT,Transporti dhe magazinimi,0.41769625331807586,0.21722892,0.23548734,0.24765956,0.26591802
2027,11,KLLOKOT,Transporti dhe magazinimi,0.28255846785465166,0.20070148,0.21871197,0.23071897,0.24872947
2027,12,KLLOKOT,Transporti dhe magazinimi,-0.6513774817730498,-0.62592065,-0.6203095,-0.6165687,-0.6109575
2027,1,KLLOKOT,Tregtia me shumice dhe pakice; Riparimi i mjeteve motorike dhe motoeikletave,0.2806156730255138,0.45115668,0.472924,0.48743546,0.50920284
2027,2,KLLOKOT,Tregtia me shumice dhe pakice; Riparimi i mjeteve motorike dhe motoeikletave,-0.06543730355950254,0.15159793,0.16887188,0.18038785,0.19766188
2027,3,KLLOKOT,Tregtia me shumice dhe pakice; Riparimi i mjeteve motorike dhe motoeikletave,0.07413431555556803,0.20036651,0.21837199,0.23037565,0.24838114
2027,4,KLLOKOT,Tregtia me shumice dhe pakice; Riparimi i mjeteve motorike dhe motoeikletave,-0.05101272182428528,0.17599541,0.19363523,0.20539522,0.2230351
2027,5,KLLOKOT,Tregtia me shumice dhe pakice; Riparimi i mjeteve motorike dhe motoeikletave,-0.14684483819025207,0.108826764,0.1254592,0.13654745,0.15317976
2027,6,KLLOKOT,Tregtia me shumice dhe pakice; Riparimi i mjeteve motorike dhe motoeikletave,-0.1969410421134174,0.07940346,0.095594406,0.10638845,0.122579455
2027,7,KLLOKOT,Tregtia me shumice dhe pakice; Riparimi i mjeteve motorike dhe motoeikletave,-0.28959295335302015,-0.08033604,-0.066541076,-0.057344437,-0.043549538
2027,8,KLLOKOT,Tregtia me shumice dhe pakice; Riparimi i mjeteve motorike dhe motoeikletave,-0.2043706170591526,-0.049300686,-0.0350402,-0.0255332,-0.011272728
2027,9,KLLOKOT,Tregtia me shumice dhe pakice; Riparimi i mjeteve motorike dhe motoeikletave,-0.05521244083237426,0.18619968,0.2039926,0.21585464,0.23364758
2027,10,KLLOKOT,Tregtia me shumice dhe pakice; Riparimi i mjeteve motorike dhe motoeikletave,0.0689042630713188,0.17281619,0.19040835,0.20213652,0.21972871
2027,11,KLLOKOT,Tregtia me shumice dhe pakice; Riparimi i mjeteve motorike dhe motoeikletave,0.00948925622279634,0.21999668,0.23829663,0.25049663,0.26879656
2027,12,KLLOKOT,Tregtia me shumice dhe pakice; Riparimi i mjeteve motorike dhe motoeikletave,-0.18767481074502274,0.09405785,0.110468626,0.12140918,0.13782012
2027,1,LEPOSAVIQ,Akomodimi dhe sherbimi ushqimor,0.8764268873983055,0.96059096,0.9899998,1.0096056,1.0390146
2027,2,LEPOSAVIQ,Akomodimi dhe sherbimi ushqimor,0.2303770718906107,-0.33117974,-0.32114744,-0.31445926,-0.30442697
2027,3,LEPOSAVIQ,Akomodimi dhe sherbimi ushqimor,2.0,2.0,2.045,2.0749998,2.12
2027,4,LEPOSAVIQ,Akomodimi dhe sherbimi ushqimor,-0.16750162588159878,0.27940595,0.29859698,0.31139112,0.33058214
2027,5,LEPOSAVIQ,Akomodimi dhe sherbimi ushqimor,-0.5125970897254772,-0.15526626,-0.14259529,-0.13414794,-0.12147695
2027,6,LEPOSAVIQ,Akomodimi dhe sherbimi ushqimor,2.0,2.0,2.045,2.0749998,2.12
2027,7,LEPOSAVIQ,Akomodimi dhe sherbimi ushqimor,0.4787520664029452,0.5625374,0.5859755,0.6016009,0.62503886
2027,8,LEPOSAVIQ,Akomodimi dhe sherbimi ushqimor,-0.33809393265676924,-0.17271481,-0.16030556,-0.15203273,-0.13962346
2027,9,LEPOSAVIQ,Akomodimi dhe sherbimi ushqimor,2.0,2.0,2.045,2.0749998,2.12
2027,10,LEPOSAVIQ,Akomodimi dhe sherbimi ushqimor,0.7765164821588894,0.5877175,0.6115333,0.6274104,0.65122616
2027,11,LEPOSAVIQ,Akomodimi dhe sherbimi ushqimor,-0.30103986594638066,0.16644144,0.18393803,0.19560242,0.213099
2027,12,LEPOSAVIQ,Akomodimi dhe sherbimi ushqimor,2.0,2.0,2.045,2.0749998,2.12
2027,12,LEPOSAVIQ,Aktivitetet e tjera sherbyese,-0.010216593036359557,0.27467063,0.2937907,0.3065374,0.32565737
2027,2,LEPOSAVIQ,"Aktivitetet profesionale, shkencore dhe teknike",-0.5028314064442329,-0.6570273,-0.6518827,-0.648453,-0.6433084
2027,3,LEPOSAVIQ,"Aktivitetet profesionale, shkencore dhe teknike",1.5599727099213792,0.8842857,0.91255,0.9313928,0.9596571
2027,6,LEPOSAVIQ,"Aktivitetet profesionale, shkencore dhe teknike",1.2028576663905082,0.15723902,0.1745975,0.18616986,0.20352852
2027,9,LEPOSAVIQ,"Aktivitetet profesionale, shkencore dhe teknike",-0.03080581580889292,-0.38910395,-0.3799405,-0.37383157,-0.36466813
2027,10,LEPOSAVIQ,"Aktivitetet profesionale, shkencore dhe teknike",-0.5668425306103504,-0.8426661,-0.8403061,-0.8387327,-0.83637273
2027,12,LEPOSAVIQ,"Aktivitetet profesionale, shkencore dhe teknike",0.4983867782317802,0.086400345,0.10269642,0.11356032,0.12985635
2027,4,LEPOSAVIQ,Arsimi,0.28765093260120667,-0.09441818,-0.08083445,-0.071778655,-0.058194935
2027,12,LEPOSAVIQ,Arsimi,-0.3112015416712257,-0.22718838,-0.2155962,-0.2078681,-0.19627589
2027,1,LEPOSAVIQ,Bujqesia;Pylltaria dhe Peshkimi,0.5635266830701925,0.40348777,0.42454004,0.4385749,0.45962727
2027,2,LEPOSAVIQ,Bujqesia;Pylltaria dhe Peshkimi,-0.6772256324758922,-0.7085226,-0.70415044,-0.70123565,-0.69686353
2027,3,LEPOSAVIQ,Bujqesia;Pylltaria dhe Peshkimi,-0.12374027643224092,-0.22498383,-0.21335858,-0.20560843,-0.1939832
2027,4,LEPOSAVIQ,Bujqesia;Pylltaria dhe Peshkimi,-0.1758501244096188,-0.3353906,-0.32542145,-0.31877536,-0.30880624
2027,5,LEPOSAVIQ,Bujqesia;Pylltaria dhe Peshkimi,0.9340964573628414,1.1348335,1.1668558,1.188204,1.2202265
2027,6,LEPOSAVIQ,Bujqesia;Pylltaria dhe Peshkimi,0.8128527306479469,0.86933726,0.8973774,0.9160707,0.94411075
2027,7,LEPOSAVIQ,Bujqesia;Pylltaria dhe Peshkimi,1.918218543435454,2.0,2.045,2.0749998,2.12
2027,8,LEPOSAVIQ,Bujqesia;Pylltaria dhe Peshkimi,0.5878197023607663,0.40459475,0.4256637,0.43970966,0.46077847
2027,9,LEPOSAVIQ,Bujqesia;Pylltaria dhe Peshkimi,0.3308141563660246,0.33004746,0.34999824,0.36329865,0.38324928
2027,10,LEPOSAVIQ,Bujqesia;Pylltaria dhe Peshkimi,-0.44643127411763694,-0.26982588,-0.25887328,-0.25157154,-0.24061894
2027,11,LEPOSAVIQ,Bujqesia;Pylltaria dhe Peshkimi,-0.4811446588846703,-0.4785233,-0.47070116,-0.4654864,-0.45766425
2027,12,LEPOSAVIQ,Bujqesia;Pylltaria dhe Peshkimi,1.5667337244474397,1.7126353,1.7533247,1.780451,1.8211405
2027,1,LEPOSAVIQ,Furnizimi me uje; Kanalizimi; Aktivitetet e menaxhimit dhe te trajtimit te mbeturinave,-0.21277124912974288,-0.9766465,-0.9762962,-0.97606266,-0.97571236
2027,2,LEPOSAVIQ,Furnizimi me uje; Kanalizimi; Aktivitetet e menaxhimit dhe te trajtimit te mbeturinave,-0.15679187227616026,-0.8845552,-0.8828235,-0.8816691,-0.8799374
2027,3,LEPOSAVIQ,Furnizimi me uje; Kanalizimi; Aktivitetet e menaxhimit dhe te trajtimit te mbeturinave,-0.15086024841206858,-0.5793642,-0.5730547,-0.56884825,-0.56253874
2027,4,LEPOSAVIQ,Furnizimi me uje; Kanalizimi; Aktivitetet e menaxhimit dhe te trajtimit te mbeturinave,-0.18181639588854528,-0.701832,-0.69735944,-0.6943778,-0.6899053
2027,5,LEPOSAVIQ,Furnizimi me uje; Kanalizimi; Aktivitetet e menaxhimit dhe te trajtimit te mbeturinave,-0.18269638319056805,-0.79186845,-0.7887465,-0.7866652,-0.7835432
2027,6,LEPOSAVIQ,Furnizimi me uje; Kanalizimi; Aktivitetet e menaxhimit dhe te trajtimit te mbeturinave,-0.2532070708015194,-0.7647512,-0.7612225,-0.75887,-0.75534123
2027,7,LEPOSAVIQ,Furnizimi me uje; Kanalizimi; Aktivitetet e menaxhimit dhe te trajtimit te mbeturinave,-0.210590591175757,-0.8551581,-0.85298544,-0.85153705,-0.8493644
2027,8,LEPOSAVIQ,Furnizimi me uje; Kanalizimi; Aktivitetet e menaxhimit dhe te trajtimit te mbeturinave,-0.21993681234695847,-0.8442742,-0.8419383,-0.8403811,-0.8380452
2027,1,LEPOSAVIQ,Industria nxjerrese,-0.5470845245121572,-0.97510386,-0.97473043,-0.97448146,-0.974108
2027,2,LEPOSAVIQ,Industria nxjerrese,-0.7097966788678678,-0.91185206,-0.91052985,-0.90964836,-0.90832615
2027,3,LEPOSAVIQ,Industria nxjerrese,-0.6293964167411279,-0.6246936,-0.619064,-0.6153109,-0.60968137
2027,4,LEPOSAVIQ,Industria nxjerrese,-0.30839733352603327,-0.29630017,-0.28574467,-0.27870768,-0.26815218
2027,5,LEPOSAVIQ,Industria nxjerrese,2.0,2.0,2.045,2.0749998,2.12
2027,6,LEPOSAVIQ,Industria nxjerrese,-0.18069307575168905,-0.0583302,-0.04420513,-0.03478843,-0.02066344
2027,7,LEPOSAVIQ,Industria nxjerrese,0.1422668840553846,0.26747894,0.28649116,0.29916584,0.31817806
2027,8,LEPOSAVIQ,Industria nxjerrese,0.491941281353056,0.58709264,0.610899,0.6267699,0.65057623
2027,9,LEPOSAVIQ,Industria nxjerrese,0.11230200522406361,0.14343268,0.16058409,0.17201841,0.18916988
2027,10,LEPOSAVIQ,Industria nxjerrese,0.10085023887354443,0.08712629,0.10343313,0.11430442,0.1306113
2027,11,LEPOSAVIQ,Industria nxjerrese,0.08024252572618479,0.103207685,0.119755864,0.13078785,0.147336
2027,12,LEPOSAVIQ,Industria nxjerrese,2.0,2.0,2.045,2.0749998,2.12
2027,1,LEPOSAVIQ,Industria perpunuese,0.13135169603094612,-0.16820614,-0.15572923,-0.14741135,-0.13493443
2027,2,LEPOSAVIQ,Industria perpunuese,0.06534656679353879,-0.032987867,-0.018482745,-0.008812606,0.005692601
2027,3,LEPOSAVIQ,Industria perpunuese,-0.11529333154880095,-0.05112733,-0.03689426,-0.0274055,-0.013172448
2027,4,LEPOSAVIQ,Industria perpunuese,0.05752520083403458,0.21555035,0.23378348,0.24593902,0.26417232
2027,5,LEPOSAVIQ,Industria perpunuese,-0.0798143897875677,-0.07655395,-0.06270224,-0.05346781,-0.039616108
2027,6,LEPOSAVIQ,Industria perpunuese,-0.05801027440439281,0.0012836357,0.016302943,0.02631569,0.041334987
2027,7,LEPOSAVIQ,Industria perpunuese,0.03353256883794079,0.015327929,0.03055787,0.040711045,0.055940986
2027,8,LEPOSAVIQ,Industria perpunuese,-0.05618738157340444,-0.097756706,-0.08422303,-0.07520062,-0.061666965
2027,9,LEPOSAVIQ,Industria perpunuese,0.12090341722838682,0.1158724,0.13261044,0.14376915,0.1605072
2027,10,LEPOSAVIQ,Industria perpunuese,0.28081995600853915,0.31163892,0.3313135,0.34442985,0.3641045
2027,11,LEPOSAVIQ,Industria perpunuese,-0.03626932996227212,-0.116400026,-0.10314602,-0.094310045,-0.08105606
2027,12,LEPOSAVIQ,Industria perpunuese,0.1854267922494684,0.21089675,0.22906017,0.2411691,0.25933254
2027,1,LEPOSAVIQ,Informimi dhe komunikimi,1.8603423806775208,0.62708247,0.65148866,0.66775954,0.69216573
2027,2,LEPOSAVIQ,Informimi dhe komunikimi,0.9806166596061145,0.44618607,0.46787882,0.4823407,0.50403345
2027,3,LEPOSAVIQ,Informimi dhe komunikimi,1.0880887101432295,0.8882826,0.9166068,0.93548954,0.9638138
2027,4,LEPOSAVIQ,Informimi dhe komunikimi,0.4593591310551355,0.1495036,0.16674614,0.17824113,0.19548368
2027,5,LEPOSAVIQ,Informimi dhe komunikimi,-0.5187165766620384,-0.5199302,-0.51272917,-0.5079285,-0.5007274
2027,6,LEPOSAVIQ,Informimi dhe komunikimi,1.2198157625767394,0.71559596,0.7413299,0.7584858,0.78421974
2027,7,LEPOSAVIQ,Informimi dhe komunikimi,0.1072236449978993,-0.38033825,-0.37104332,-0.3648467,-0.35555178
2027,8,LEPOSAVIQ,Informimi dhe komunikimi,0.10371286981966453,-0.3265694,-0.316468,-0.3097337,-0.29963225
2027,9,LEPOSAVIQ,Informimi dhe komunikimi,1.183875585526436,0.59333366,0.61723375,0.633167,0.65706706
2027,10,LEPOSAVIQ,Informimi dhe komunikimi,0.07427159259203223,-0.29918915,-0.28867698,-0.2816689,-0.27115673
2027,11,LEPOSAVIQ,Informimi dhe komunikimi,0.16867879711725184,-0.41340935,-0.4046105,-0.39874458,-0.38994575
2027,12,LEPOSAVIQ,Informimi dhe komunikimi,-0.4610535145953493,-0.44039923,-0.43200523,-0.42640924,-0.41801524
2027,12,LEPOSAVIQ,Mungon aktiviteti,-0.6106050830490973,-0.58133155,-0.57505155,-0.57086486,-0.56458485
2027,5,LEPOSAVIQ,Ndertimtaria,1.7815405799682582,1.804046,1.8461068,1.8741472,1.9162078
2027,6,LEPOSAVIQ,Ndertimtaria,0.29151857312763535,0.13251455,0.14950228,0.1608274,0.17781508
2027,12,LEPOSAVIQ,Ndertimtaria,-0.6609740930422254,-0.45464897,-0.4464687,-0.44101518,-0.43283492
2027,6,LEPOSAVIQ,Person Fizik,0.31983851903227406,-0.21163243,-0.19980693,-0.19192326,-0.18009776
2027,9,LEPOSAVIQ,Person Fizik,-0.06532466747421405,-0.23977129,-0.22836787,-0.22076559,-0.20936221
2027,12,LEPOSAVIQ,Person Fizik,0.6801780244193975,-0.6784201,-0.67359644,-0.67038065,-0.6655569
2027,3,LEPOSAVIQ,Sherbimet administrative dhe mbeshtetese,0.8412921032706524,0.45778602,0.47965288,0.49423075,0.5160974
2027,6,LEPOSAVIQ,Sherbimet administrative dhe mbeshtetese,0.012206128868154559,-0.6836689,-0.67892396,-0.6757606,-0.6710157
2027,9,LEPOSAVIQ,Sherbimet administrative dhe mbeshtetese,0.19169036605202067,-0.7036134,-0.6991676,-0.6962037,-0.6917579
2027,12,LEPOSAVIQ,Sherbimet administrative dhe mbeshtetese,0.2852061541932448,-0.60974926,-0.60389555,-0.599993,-0.5941392
2027,1,LEPOSAVIQ,Transporti dhe magazinimi,0.4635797692718805,0.12038523,0.13719094,0.14839482,0.16520059
2027,2,LEPOSAVIQ,Transporti dhe magazinimi,0.4194722300287045,0.1731118,0.1907084,0.20243955,0.22003627
2027,3,LEPOSAVIQ,Transporti dhe magazinimi,0.6202047050961886,0.37662742,0.39727688,0.41104305,0.43169248
2027,4,LEPOSAVIQ,Transporti dhe magazinimi,0.016565043414036376,-0.18091291,-0.1686266,-0.16043574,-0.14814943
2027,5,LEPOSAVIQ,Transporti dhe magazinimi,0.4107062734245033,0.007508641,0.022621274,0.032696366,0.047808886
2027,6,LEPOSAVIQ,Transporti dhe magazinimi,0.5604357438869182,0.43418202,0.4556948,0.4700365,0.49154925
2027,7,LEPOSAVIQ,Transporti dhe magazinimi,0.4664162473283612,0.03293194,0.048425913,0.05875516,0.07424915
2027,8,LEPOSAVIQ,Transporti dhe magazinimi,1.0285408108748633,0.76049733,0.7869048,0.80450976,0.8309171
2027,9,LEPOSAVIQ,Transporti dhe magazinimi,0.7620661153026406,0.5461229,0.5693147,0.5847759,0.60796773
2027,10,LEPOSAVIQ,Transporti dhe magazinimi,0.4085162179006524,0.1947172,0.2126379,0.22458506,0.24250579
2027,11,LEPOSAVIQ,Transporti dhe magazinimi,0.08461170010063375,-0.10181416,-0.088341355,-0.07935953,-0.065886736
2027,12,LEPOSAVIQ,Transporti dhe magazinimi,0.6928564510711204,0.5723673,0.59595275,0.61167645,0.6352619
2027,1,LEPOSAVIQ,Tregtia me shumice dhe pakice; Riparimi i mjeteve motorike dhe motoeikletave,0.31140310559302986,0.2985379,0.31801605,0.3310014,0.35047948
2027,2,LEPOSAVIQ,Tregtia me shumice dhe pakice; Riparimi i mjeteve motorike dhe motoeikletave,0.40644022760228876,0.44440866,0.4660747,0.48051882,0.502185
2027,3,LEPOSAVIQ,Tregtia me shumice dhe pakice; Riparimi i mjeteve motorike dhe motoeikletave,0.10273673303882899,0.1346215,0.15164077,0.162987,0.18000627
2027,4,LEPOSAVIQ,Tregtia me shumice dhe pakice; Riparimi i mjeteve motorike dhe motoeikletave,0.43879007965902656,0.34423852,0.36440206,0.37784445,0.398008
2027,5,LEPOSAVIQ,Tregtia me shumice dhe pakice; Riparimi i mjeteve motorike dhe motoeikletave,0.479965646102169,0.3672181,0.38772643,0.40139854,0.42190683
2027,6,LEPOSAVIQ,Tregtia me shumice dhe pakice; Riparimi i mjeteve motorike dhe motoeikletave,0.24100163765111968,0.29304326,0.31243885,0.32536936,0.34476495
2027,7,LEPOSAVIQ,Tregtia me shumice dhe pakice; Riparimi i mjeteve motorike dhe motoeikletave,0.6639127686536861,0.75502324,0.7813486,0.7988988,0.82522416
2027,8,LEPOSAVIQ,Tregtia me shumice dhe pakice; Riparimi i mjeteve motorike dhe motoeikletave,0.6006571227152167,0.32899097,0.34892583,0.36221564,0.38215053
2027,9,LEPOSAVIQ,Tregtia me shumice dhe pakice; Riparimi i mjeteve motorike dhe motoeikletave,0.2142409703932896,0.18422414,0.2019875,0.21382976,0.23159301
2027,10,LEPOSAVIQ,Tregtia me shumice dhe pakice; Riparimi i mjeteve motorike dhe motoeikletave,0.4417088608757029,0.3304043,0.35036027,0.3636644,0.38362038
2027,11,LEPOSAVIQ,Tregtia me shumice dhe pakice; Riparimi i mjeteve motorike dhe motoeikletave,0.3005533679906365,0.27457985,0.29369855,0.3064444,0.32556307
2027,12,LEPOSAVIQ,Tregtia me shumice dhe pakice; Riparimi i mjeteve motorike dhe motoeikletave,0.19086035849109553,0.24085012,0.25946283,0.27187133,0.29048407
2027,1,LIPJAN,Akomodimi dhe sherbimi ushqimor,0.19024260667928916,0.08583669,0.102124214,0.11298251,0.12927008
2027,2,LIPJAN,Akomodimi dhe sherbimi ushqimor,0.2659132553802341,0.24650747,0.26520503,0.27767003,0.29636765
2027,3,LIPJAN,Akomodimi dhe sherbimi ushqimor,0.15874732072133996,0.17714791,0.19480503,0.20657659,0.22423375
2027,4,LIPJAN,Akomodimi dhe sherbimi ushqimor,0.1698105003903195,0.11515411,0.13188148,0.14303303,0.15976024
2027,5,LIPJAN,Akomodimi dhe sherbimi ushqimor,0.1206294419300376,0.16127309,0.17869222,0.19030488,0.20772398
2027,6,LIPJAN,Akomodimi dhe sherbimi ushqimor,0.11063002681519843,0.1139727,0.13068223,0.14182198,0.15853155
2027,7,LIPJAN,Akomodimi dhe sherbimi ushqimor,0.1482440603296363,0.1571155,0.17447221,0.18604326,0.20340002
2027,8,LIPJAN,Akomodimi dhe sherbimi ushqimor,0.004291564609679951,0.0037427288,0.018798828,0.02883625,0.043892384
2027,9,LIPJAN,Akomodimi dhe sherbimi ushqimor,0.16864027579065322,0.11880366,0.13558567,0.1467737,0.16355574
2027,10,LIPJAN,Akomodimi dhe sherbimi ushqimor,0.2360798245425037,0.09987641,0.11637449,0.12737334,0.14387143
2027,11,LIPJAN,Akomodimi dhe sherbimi ushqimor,0.19928390087429027,0.15674247,0.1740936,0.18566096,0.20301211
2027,12,LIPJAN,Akomodimi dhe sherbimi ushqimor,0.008592189670437565,0.13044547,0.14740217,0.15870655,0.17566323
2027,1,LIPJAN,Aktivitetet e patundshmerise,2.0,2.0,2.045,2.0749998,2.12
2027,2,LIPJAN,Aktivitetet e patundshmerise,2.0,2.0,2.045,2.0749998,2.12
2027,3,LIPJAN,Aktivitetet e patundshmerise,2.0,2.0,2.045,2.0749998,2.12
2027,4,LIPJAN,Aktivitetet e patundshmerise,2.0,2.0,2.045,2.0749998,2.12
2027,5,LIPJAN,Aktivitetet e patundshmerise,2.0,2.0,2.045,2.0749998,2.12
2027,6,LIPJAN,Aktivitetet e patundshmerise,2.0,2.0,2.045,2.0749998,2.12
2027,7,LIPJAN,Aktivitetet e patundshmerise,2.0,2.0,2.045,2.0749998,2.12
2027,8,LIPJAN,Aktivitetet e patundshmerise,2.0,2.0,2.045,2.0749998,2.12
2027,9,LIPJAN,Aktivitetet e patundshmerise,0.21683283191381303,0.25435698,0.27317226,0.28571582,0.30453122
2027,10,LIPJAN,Aktivitetet e patundshmerise,0.843114070101139,1.102298,1.1338325,1.1548555,1.1863899
2027,11,LIPJAN,Aktivitetet e patundshmerise,0.4593446266668364,0.54383624,0.5669937,0.58243215,0.6055896
2027,12,LIPJAN,Aktivitetet e patundshmerise,-0.06681398885203314,0.35429236,0.37460673,0.38814962,0.40846407
2027,1,LIPJAN,Aktivitetet e shendetit te njeriut dhe te punes sociale,0.5338174889111977,0.3589639,0.3793484,0.39293802,0.41332245
2027,2,LIPJAN,Aktivitetet e shendetit te njeriut dhe te punes sociale,0.5914062900803869,0.35408038,0.37439167,0.38793242,0.40824366
2027,3,LIPJAN,Aktivitetet e shendetit te njeriut dhe te punes sociale,0.26704057748689236,0.35575473,0.376091,0.38964856,0.40998483
2027,4,LIPJAN,Aktivitetet e shendetit te njeriut dhe te punes sociale,0.36161417226896003,0.2826716,0.3019116,0.31473827,0.3339784
2027,5,LIPJAN,Aktivitetet e shendetit te njeriut dhe te punes sociale,0.2567578992885243,0.30338478,0.32293558,0.33596933,0.35552013
2027,6,LIPJAN,Aktivitetet e shendetit te njeriut dhe te punes sociale,0.21509918316069426,0.25589177,0.2747302,0.28728902,0.30612743
2027,7,LIPJAN,Aktivitetet e shendetit te njeriut dhe te punes sociale,0.04898344167999192,0.07939619,0.095587134,0.10638118,0.122572064
2027,8,LIPJAN,Aktivitetet e shendetit te njeriut dhe te punes sociale,0.08881641051285372,0.06890852,0.08494222,0.09563124,0.11166489
2027,9,LIPJAN,Aktivitetet e shendetit te njeriut dhe te punes sociale,0.22848229999966904,0.1780141,0.1956842,0.20746434,0.22513461
2027,10,LIPJAN,Aktivitetet e shendetit te njeriut dhe te punes sociale,0.30418941856997544,0.28952408,0.30886698,0.3217622,0.34110498
2027,11,LIPJAN,Aktivitetet e shendetit te njeriut dhe te punes sociale,0.20390736454828878,0.24811041,0.266832,0.2793131,0.2980348
2027,12,LIPJAN,Aktivitetet e shendetit te njeriut dhe te punes sociale,-0.15611815132470064,0.04415198,0.059814334,0.07025576,0.08591807
2027,1,LIPJAN,Aktivitetet e tjera sherbyese,0.5949059605687249,0.4750429,0.49716854,0.511919,0.5340446
2027,2,LIPJAN,Aktivitetet e tjera sherbyese,1.2596792263585692,1.0158498,1.0460875,1.066246,1.0964837
2027,3,LIPJAN,Aktivitetet e tjera sherbyese,0.10829790332180193,0.09613727,0.112579346,0.12354064,0.1399827
2027,4,LIPJAN,Aktivitetet e tjera sherbyese,1.4131558104308086,1.9135784,1.9572821,1.986418,2.0301216
2027,5,LIPJAN,Aktivitetet e tjera sherbyese,1.8243354893331203,2.0,2.045,2.0749998,2.12
2027,6,LIPJAN,Aktivitetet e tjera sherbyese,0.09833016481015831,0.03473473,0.050255775,0.060603023,0.07612407
2027,7,LIPJAN,Aktivitetet e tjera sherbyese,0.9455629671262774,1.3240232,1.3588836,1.3821237,1.4169841
2027,8,LIPJAN,Aktivitetet e tjera sherbyese,1.0934693488894367,1.9148624,1.9585853,1.9877338,2.0314567
2027,9,LIPJAN,Aktivitetet e tjera sherbyese,0.07093397527938675,0.046427723,0.062124133,0.072588444,0.08828485
2027,10,LIPJAN,Aktivitetet e tjera sherbyese,2.0,2.0,2.045,2.0749998,2.12
2027,11,LIPJAN,Aktivitetet e tjera sherbyese,2.0,2.0,2.045,2.0749998,2.12
2027,12,LIPJAN,Aktivitetet e tjera sherbyese,0.010324631230956456,0.13003358,0.1469841,0.15828443,0.17523491
2027,2,LIPJAN,Aktivitetet financiare dhe te sigurimit,-0.7963989097944818,-1.0,-1.0,-1.0,-1.0
2027,3,LIPJAN,Aktivitetet financiare dhe te sigurimit,-0.6345220443532619,-0.8146022,-0.8118212,-0.8099673,-0.8071863
2027,4,LIPJAN,Aktivitetet financiare dhe te sigurimit,0.5031189975069583,-0.16669646,-0.15419686,-0.14586383,-0.13336432
2027,5,LIPJAN,Aktivitetet financiare dhe te sigurimit,-0.788487420814122,-0.6940339,-0.6894444,-0.6863848,-0.6817953
2027,6,LIPJAN,Aktivitetet financiare dhe te sigurimit,-0.5409580841838623,-0.4213847,-0.41270548,-0.4069193,-0.3982401
2027,7,LIPJAN,Aktivitetet financiare dhe te sigurimit,-0.44899153114295814,-0.5306737,-0.52363384,-0.51894057,-0.51190066
2027,8,LIPJAN,Aktivitetet financiare dhe te sigurimit,-0.8708809728707547,-1.0,-1.0,-1.0,-1.0
2027,9,LIPJAN,Aktivitetet financiare dhe te sigurimit,0.5503219159610806,0.1727785,0.1903702,0.2020979,0.21968961
2027,10,LIPJAN,Aktivitetet financiare dhe te sigurimit,0.8404298086279891,0.568179,0.5917016,0.6073835,0.6309061
2027,11,LIPJAN,Aktivitetet financiare dhe te sigurimit,-0.7533173217107184,-0.56830865,-0.56183326,-0.55751634,-0.551041
2027,12,LIPJAN,Aktivitetet financiare dhe te sigurimit,-0.2592625549028302,-0.13391282,-0.12092149,-0.11226064,-0.09926933
2027,1,LIPJAN,"Aktivitetet profesionale, shkencore dhe teknike",0.6768149101897141,0.398832,0.41981447,0.43380272,0.45478523
2027,2,LIPJAN,"Aktivitetet profesionale, shkencore dhe teknike",0.47450859739863405,0.17196761,0.18954718,0.20126677,0.21884632
2027,3,LIPJAN,"Aktivitetet profesionale, shkencore dhe teknike",0.10638732801296409,0.02357927,0.03893292,0.049168706,0.064522386
2027,4,LIPJAN,"Aktivitetet profesionale, shkencore dhe teknike",0.15714654835057004,0.22527991,0.24365914,0.25591195,0.27429104
2027,5,LIPJAN,"Aktivitetet profesionale, shkencore dhe teknike",0.10180093850679992,0.14835104,0.16557634,0.17705977,0.19428504
2027,6,LIPJAN,"Aktivitetet profesionale, shkencore dhe teknike",0.16361263234617335,0.21974437,0.23804045,0.25023794,0.26853406
2027,7,LIPJAN,"Aktivitetet profesionale, shkencore dhe teknike",-0.008465601796072609,0.07725573,0.093414545,0.10418713,0.12034595
2027,8,LIPJAN,"Aktivitetet profesionale, shkencore dhe teknike",1.3109955125941088,0.82404727,0.851408,0.86964846,0.89700913
2027,9,LIPJAN,"Aktivitetet profesionale, shkencore dhe teknike",0.5370338025106012,0.5414265,0.5645478,0.579962,0.6030834
2027,10,LIPJAN,"Aktivitetet profesionale, shkencore dhe teknike",0.1985927623138825,0.20152763,0.21955049,0.23156571,0.24958861
2027,11,LIPJAN,"Aktivitetet profesionale, shkencore dhe teknike",1.4114956114750148,1.0708141,1.1018763,1.1225843,1.1536467
2027,12,LIPJAN,"Aktivitetet profesionale, shkencore dhe teknike",-0.051796304292279785,0.08804471,0.10436547,0.11524582,0.13156652
2027,1,LIPJAN,Arsimi,0.1013961178680799,-0.13321982,-0.12021816,-0.11155033,-0.09854865
2027,2,LIPJAN,Arsimi,0.2557277051699792,0.13573569,0.15277171,0.16412914,0.1811651
2027,3,LIPJAN,Arsimi,-0.13572152353348518,-0.13094227,-0.11790645,-0.109215856,-0.09618002
2027,4,LIPJAN,Arsimi,-0.1729259370650263,-0.20032834,-0.18833327,-0.1803366,-0.16834152
2027,5,LIPJAN,Arsimi,-0.10382227504066488,-0.1469591,-0.13416344,-0.12563306,-0.112837434
2027,6,LIPJAN,Arsimi,0.4034796299063923,0.33945814,0.35955,0.37294447,0.39303637
2027,7,LIPJAN,Arsimi,1.460681919552849,1.1933886,1.2262893,1.2482231,1.2811239
2027,8,LIPJAN,Arsimi,-0.10836597679819858,-0.10206265,-0.0885936,-0.07961422,-0.06614518
2027,9,LIPJAN,Arsimi,-0.19229993645856594,-0.19397347,-0.1818831,-0.17382282,-0.16173244
2027,10,LIPJAN,Arsimi,0.4934981376915125,0.22767963,0.24609482,0.2583716,0.2767868
2027,11,LIPJAN,Arsimi,0.9255241325190083,0.8382687,0.8658428,0.8842255,0.91179943
2027,12,LIPJAN,Arsimi,1.2598896152297363,0.92294174,0.9517858,0.9710152,0.99985933
2027,1,LIPJAN,"Artet, Argetimi dhe rekreacioni",2.0,2.0,2.045,2.0749998,2.12
2027,2,LIPJAN,"Artet, Argetimi dhe rekreacioni",1.4802270752966085,1.3728895,1.4084828,1.4322116,1.4678049
2027,3,LIPJAN,"Artet, Argetimi dhe rekreacioni",0.2401627593553496,0.02498952,0.040364265,0.050614238,0.06598902
2027,4,LIPJAN,"Artet, Argetimi dhe rekreacioni",0.06747396991448598,0.10405434,0.120615125,0.1316557,0.14821649
2027,5,LIPJAN,"Artet, Argetimi dhe rekreacioni",-0.093275968725882,-0.30744362,-0.2970553,-0.29012972,-0.2797414
2027,6,LIPJAN,"Artet, Argetimi dhe rekreacioni",-0.2980027798182187,-0.20764881,-0.19576353,-0.18784004,-0.17595482
2027,7,LIPJAN,"Artet, Argetimi dhe rekreacioni",-0.19088949558959223,-0.022396479,-0.007732451,0.0020436049,0.01670754
2027,8,LIPJAN,"Artet, Argetimi dhe rekreacioni",-0.21301128516740092,-0.18452175,-0.17228955,-0.1641348,-0.15190262
2027,9,LIPJAN,"Artet, Argetimi dhe rekreacioni",0.15627101986508948,0.14662749,0.16382682,0.17529309,0.19249249
2027,10,LIPJAN,"Artet, Argetimi dhe rekreacioni",2.0,2.0,2.045,2.0749998,2.12
2027,11,LIPJAN,"Artet, Argetimi dhe rekreacioni",1.276793367435973,1.0481862,1.0789092,1.099391,1.1301136
2027,12,LIPJAN,"Artet, Argetimi dhe rekreacioni",0.3038680861459698,0.5441628,0.5673251,0.5827668,0.60592926
2027,1,LIPJAN,Bujqesia;Pylltaria dhe Peshkimi,0.6847752586004706,0.59865355,0.62263334,0.6386199,0.6625997
2027,2,LIPJAN,Bujqesia;Pylltaria dhe Peshkimi,-0.11256366601669872,-0.1128917,-0.09958506,-0.09071398,-0.07740736
2027,3,LIPJAN,Bujqesia;Pylltaria dhe Peshkimi,-0.12857075984702893,-0.10178919,-0.08831602,-0.0793339,-0.06586075
2027,4,LIPJAN,Bujqesia;Pylltaria dhe Peshkimi,0.06648976576356584,0.09660361,0.113052726,0.12401867,0.14046776
2027,5,LIPJAN,Bujqesia;Pylltaria dhe Peshkimi,0.2484771782841264,0.29048303,0.3098402,0.32274508,0.3421023
2027,6,LIPJAN,Bujqesia;Pylltaria dhe Peshkimi,0.6398107836148647,0.46868283,0.490713,0.5053998,0.52743006
2027,7,LIPJAN,Bujqesia;Pylltaria dhe Peshkimi,1.3492670367544424,0.89197016,0.9203497,0.9392694,0.96764886
2027,8,LIPJAN,Bujqesia;Pylltaria dhe Peshkimi,0.5173144277106926,0.4185177,0.4397955,0.45398057,0.47525835
2027,9,LIPJAN,Bujqesia;Pylltaria dhe Peshkimi,0.3855479806195411,0.38161212,0.40233624,0.41615236,0.43687654
2027,10,LIPJAN,Bujqesia;Pylltaria dhe Peshkimi,-0.1876023287157568,-0.076866545,-0.06301957,-0.053788245,-0.03994125
2027,11,LIPJAN,Bujqesia;Pylltaria dhe Peshkimi,0.4722714376433445,0.23501325,0.25353837,0.26588857,0.2844137
2027,12,LIPJAN,Bujqesia;Pylltaria dhe Peshkimi,0.05700625783170884,0.11003172,0.12668216,0.13778245,0.1544329
2027,1,LIPJAN,Furnizimi me uje; Kanalizimi; Aktivitetet e menaxhimit dhe te trajtimit te mbeturinave,0.5339803046574144,0.35585842,0.37619627,0.3897549,0.4100927
2027,2,LIPJAN,Furnizimi me uje; Kanalizimi; Aktivitetet e menaxhimit dhe te trajtimit te mbeturinave,-0.05365856178775737,-0.034477066,-0.0199942,-0.010339022,0.004143834
2027,3,LIPJAN,Furnizimi me uje; Kanalizimi; Aktivitetet e menaxhimit dhe te trajtimit te mbeturinave,0.13760155661381704,0.054145604,0.06995773,0.08049917,0.09631133
2027,4,LIPJAN,Furnizimi me uje; Kanalizimi; Aktivitetet e menaxhimit dhe te trajtimit te mbeturinave,0.13026299627112098,0.088628106,0.10495746,0.11584377,0.13217318
2027,5,LIPJAN,Furnizimi me uje; Kanalizimi; Aktivitetet e menaxhimit dhe te trajtimit te mbeturinave,0.13199290125326538,0.11745475,0.13421655,0.1453911,0.16215289
2027,6,LIPJAN,Furnizimi me uje; Kanalizimi; Aktivitetet e menaxhimit dhe te trajtimit te mbeturinave,-0.058610999696909305,0.01688134,0.032134533,0.042303324,0.05755651
2027,7,LIPJAN,Furnizimi me uje; Kanalizimi; Aktivitetet e menaxhimit dhe te trajtimit te mbeturinave,-0.08335588186814606,-0.06036166,-0.04626715,-0.036870778,-0.022776186
2027,8,LIPJAN,Furnizimi me uje; Kanalizimi; Aktivitetet e menaxhimit dhe te trajtimit te mbeturinave,0.12752163555811805,0.041622084,0.057246327,0.0676626,0.08328688
2027,9,LIPJAN,Furnizimi me uje; Kanalizimi; Aktivitetet e menaxhimit dhe te trajtimit te mbeturinave,-0.09141654487231697,-0.02033502,-0.00564003,0.0041565895,0.018851519
2027,10,LIPJAN,Furnizimi me uje; Kanalizimi; Aktivitetet e menaxhimit dhe te trajtimit te mbeturinave,0.09859980131723849,0.012960717,0.028155088,0.03828466,0.053479075
2027,11,LIPJAN,Furnizimi me uje; Kanalizimi; Aktivitetet e menaxhimit dhe te trajtimit te mbeturinave,-0.03295952981145718,-0.010942537,0.0038933754,0.013783932,0.028619766
2027,12,LIPJAN,Furnizimi me uje; Kanalizimi; Aktivitetet e menaxhimit dhe te trajtimit te mbeturinave,0.09817023778467632,0.119636975,0.13643157,0.14762795,0.1644224
2027,2,LIPJAN,Industria nxjerrese,0.21328629449506603,-0.020580072,-0.00588876,0.0039054155,0.01859665
2027,3,LIPJAN,Industria nxjerrese,1.6806639366495846,1.4685533,1.5055816,1.530267,1.5672953
2027,5,LIPJAN,Industria nxjerrese,2.0,2.0,2.045,2.0749998,2.12
2027,6,LIPJAN,Industria nxjerrese,2.0,2.0,2.045,2.0749998,2.12
2027,7,LIPJAN,Industria nxjerrese,2.0,2.0,2.045,2.0749998,2.12
2027,8,LIPJAN,Industria nxjerrese,2.0,2.0,2.045,2.0749998,2.12
2027,9,LIPJAN,Industria nxjerrese,2.0,2.0,2.045,2.0749998,2.12
2027,10,LIPJAN,Industria nxjerrese,2.0,2.0,2.045,2.0749998,2.12
2027,11,LIPJAN,Industria nxjerrese,2.0,2.0,2.045,2.0749998,2.12
2027,12,LIPJAN,Industria nxjerrese,2.0,2.0,2.045,2.0749998,2.12
2027,1,LIPJAN,Industria perpunuese,0.08541618651550487,0.17657907,0.19422781,0.20599353,0.22364223
2027,2,LIPJAN,Industria perpunuese,0.06844113842095496,0.06968648,0.085731864,0.09642863,0.112473965
2027,3,LIPJAN,Industria perpunuese,0.06837386196746303,0.09543336,0.111864805,0.122819185,0.13925064
2027,4,LIPJAN,Industria perpunuese,0.06912157816275476,0.104541264,0.12110937,0.13215482,0.14872289
2027,5,LIPJAN,Industria perpunuese,0.06937829870578086,0.1177038,0.13446939,0.14564633,0.16241193
2027,6,LIPJAN,Industria perpunuese,0.06937829870578086,0.14268525,0.15982556,0.17125237,0.18839264
2027,7,LIPJAN,Industria perpunuese,0.06723222324222118,0.11071223,0.12737298,0.13848007,0.15514076
2027,8,LIPJAN,Industria perpunuese,0.06908751894652991,0.13052464,0.14748251,0.15878773,0.1757456
2027,9,LIPJAN,Industria perpunuese,0.06828689348876345,0.13487345,0.15189648,0.1632452,0.18026829
2027,10,LIPJAN,Industria perpunuese,0.06723222324222118,0.109201744,0.12583983,0.13693178,0.15356982
2027,11,LIPJAN,Industria perpunuese,0.06937829870578086,0.135059,0.15208483,0.16343546,0.18046129
2027,12,LIPJAN,Industria perpunuese,0.06697550269919508,0.19517401,0.21310163,0.22505331,0.24298084
2027,1,LIPJAN,Informimi dhe komunikimi,0.15820143028337616,0.02607413,0.041465282,0.051725984,0.067117095
2027,2,LIPJAN,Informimi dhe komunikimi,0.8937179560897253,0.4608267,0.48273897,0.49734724,0.5192597
2027,3,LIPJAN,Informimi dhe komunikimi,0.6164885991863314,0.31363782,0.33334243,0.34647882,0.36618328
2027,4,LIPJAN,Informimi dhe komunikimi,0.33028170180312993,0.31815487,0.3379271,0.35110867,0.37088096
2027,5,LIPJAN,Informimi dhe komunikimi,0.2852215014025746,0.31084985,0.33051264,0.34362113,0.36328387
2027,6,LIPJAN,Informimi dhe komunikimi,0.2665130732839363,0.3260238,0.34591413,0.35917437,0.37906468
2027,7,LIPJAN,Informimi dhe komunikimi,0.11828772731568563,0.06767628,0.08369148,0.09436822,0.11038327
2027,8,LIPJAN,Informimi dhe komunikimi,0.24849298720034155,0.22967774,0.24812281,0.2604196,0.27886474
2027,9,LIPJAN,Informimi dhe komunikimi,0.529938165522836,0.37537202,0.39600265,0.4097563,0.4303869
2027,10,LIPJAN,Informimi dhe komunikimi,0.50194060461548,0.32873553,0.34866655,0.36195397,0.38188493
2027,11,LIPJAN,Informimi dhe komunikimi,0.47359093448389256,0.28230822,0.30154288,0.31436586,0.33360052
2027,12,LIPJAN,Informimi dhe komunikimi,-0.19061864311873639,0.061299518,0.07721901,0.087831974,0.10375154
2027,1,LIPJAN,Ndertimtaria,0.09312707224023153,0.17723712,0.19489574,0.20666802,0.22432661
2027,2,LIPJAN,Ndertimtaria,0.08840717476034807,0.19401392,0.2119242,0.22386432,0.24177444
2027,3,LIPJAN,Ndertimtaria,0.0787581905538518,0.18099894,0.1987139,0.21052384,0.22823882
2027,4,LIPJAN,Ndertimtaria,0.08398237506677428,0.17913207,0.19681907,0.20861042,0.22629738
2027,5,LIPJAN,Ndertimtaria,0.0795376818924574,0.20988968,0.22803795,0.24013686,0.25828516
2027,6,LIPJAN,Ndertimtaria,0.08091701718032493,0.20550193,0.22358441,0.23563945,0.25372195
2027,7,LIPJAN,Ndertimtaria,0.068960675100177,0.0943444,0.1107595,0.12170291,0.13811815
2027,8,LIPJAN,Ndertimtaria,0.06912157816275476,0.14739683,0.16460776,0.17608166,0.19329262
2027,9,LIPJAN,Ndertimtaria,0.06937829870578086,0.15096812,0.16823256,0.17974222,0.1970067
2027,10,LIPJAN,Ndertimtaria,0.06844113842095496,0.09993252,0.116431475,0.1274308,0.14392984
2027,11,LIPJAN,Ndertimtaria,0.08091701718032493,0.17896044,0.19664478,0.20843446,0.2261188
2027,12,LIPJAN,Ndertimtaria,0.06557725633557603,0.090665914,0.10702586,0.11793256,0.13429248
2027,1,LIPJAN,Person Fizik,0.35464977872067316,-0.25513685,-0.2439639,-0.23651528,-0.22534233
2027,2,LIPJAN,Person Fizik,0.07025343749167176,-0.4019525,-0.39298183,-0.38700134,-0.37803066
2027,3,LIPJAN,Person Fizik,-0.1772179001665601,-0.3449646,-0.3351391,-0.32858878,-0.31876326
2027,4,LIPJAN,Person Fizik,-0.21014384087281768,-0.3863379,-0.37713295,-0.37099636,-0.36179143
2027,5,LIPJAN,Person Fizik,-0.4964414445734286,-0.59240025,-0.5862863,-0.5822103,-0.5760963
2027,6,LIPJAN,Person Fizik,-0.12158451881081853,-0.27937692,-0.26856756,-0.26136136,-0.25055206
2027,7,LIPJAN,Person Fizik,-0.6709650131269658,-0.6734521,-0.6685538,-0.6652884,-0.66039014
2027,8,LIPJAN,Person Fizik,-0.7296529460452926,-0.86263967,-0.86057925,-0.85920566,-0.85714525
2027,9,LIPJAN,Person Fizik,-0.2955312127468998,-0.4867551,-0.47905648,-0.47392404,-0.4662254
2027,10,LIPJAN,Person Fizik,0.38601691417501216,-0.07725978,-0.06341869,-0.05419129,-0.0403502
2027,12,LIPJAN,Person Fizik,-0.07384722495092842,-0.19381991,-0.18172717,-0.1736654,-0.1615727
2027,1,LIPJAN,Sherbimet administrative dhe mbeshtetese,0.7069433913254791,0.43196774,0.45344722,0.46776688,0.48924637
2027,2,LIPJAN,Sherbimet administrative dhe mbeshtetese,0.16916459819056423,0.117639124,0.13440359,0.14558005,0.16234457
2027,3,LIPJAN,Sherbimet administrative dhe mbeshtetese,0.06741661990101556,0.12266012,0.13950002,0.15072668,0.16756654
2027,4,LIPJAN,Sherbimet administrative dhe mbeshtetese,0.1918310902865513,0.091476515,0.107848644,0.11876345,0.13513553
2027,5,LIPJAN,Sherbimet administrative dhe mbeshtetese,0.06849302375920036,0.082939185,0.0991832,0.11001265,0.1262567
2027,6,LIPJAN,Sherbimet administrative dhe mbeshtetese,0.0792212858778987,0.06756698,0.083580494,0.09425616,0.110269666
2027,7,LIPJAN,Sherbimet administrative dhe mbeshtetese,0.06679256647644131,0.053698234,0.069503665,0.080040574,0.09584606
2027,8,LIPJAN,Sherbimet administrative dhe mbeshtetese,0.08980217980246388,0.12464982,0.14151955,0.15276599,0.16963565
2027,9,LIPJAN,Sherbimet administrative dhe mbeshtetese,0.12048893748132497,0.21540844,0.2336396,0.24579358,0.26402473
2027,10,LIPJAN,Sherbimet administrative dhe mbeshtetese,0.4182807382839403,0.29216525,0.31154776,0.32446933,0.3438518
2027,11,LIPJAN,Sherbimet administrative dhe mbeshtetese,0.19876040065769407,0.1609466,0.17836082,0.18997025,0.20738447
2027,12,LIPJAN,Sherbimet administrative dhe mbeshtetese,-0.01779257720504755,0.11939096,0.13618183,0.1473757,0.16416657
2027,1,LIPJAN,Transporti dhe magazinimi,0.27991426291418764,0.1661451,0.18363726,0.19529867,0.21279085
2027,2,LIPJAN,Transporti dhe magazinimi,0.2505638914014078,0.17273423,0.19032526,0.2020526,0.2196436
2027,3,LIPJAN,Transporti dhe magazinimi,0.003124514338092699,0.027996687,0.04341662,0.053696513,0.06911647
2027,4,LIPJAN,Transporti dhe magazinimi,0.17578472046513915,0.12685588,0.14375865,0.15502727,0.17193007
2027,5,LIPJAN,Transporti dhe magazinimi,0.16996436886472827,0.16671492,0.18421566,0.1958828,0.21338344
2027,6,LIPJAN,Transporti dhe magazinimi,0.19282832157040267,0.26555687,0.28454018,0.29719567,0.31617904
2027,7,LIPJAN,Transporti dhe magazinimi,0.18852254638194266,0.15209721,0.16937864,0.18089962,0.19818103
2027,8,LIPJAN,Transporti dhe magazinimi,0.20889134431657386,0.25965035,0.27854514,0.29114163,0.3100363
2027,9,LIPJAN,Transporti dhe magazinimi,0.1833384070229293,0.21950743,0.2378,0.24999511,0.26828766
2027,10,LIPJAN,Transporti dhe magazinimi,0.21562330211460107,0.21050897,0.22866654,0.24077165,0.25892925
2027,11,LIPJAN,Transporti dhe magazinimi,0.14151440450353595,0.098383695,0.11485946,0.12584329,0.14231896
2027,12,LIPJAN,Transporti dhe magazinimi,0.1455163428952684,0.23748739,0.25604975,0.26842463,0.28698683
2027,1,LIPJAN,Tregtia me shumice dhe pakice; Riparimi i mjeteve motorike dhe motoeikletave,0.07098846413584058,0.09306409,0.109459996,0.12039065,0.13678658
2027,2,LIPJAN,Tregtia me shumice dhe pakice; Riparimi i mjeteve motorike dhe motoeikletave,0.06789328706416138,0.0841338,0.10039568,0.11123705,0.1274991
2027,3,LIPJAN,Tregtia me shumice dhe pakice; Riparimi i mjeteve motorike dhe motoeikletave,0.06789328706416138,0.08707089,0.103376985,0.11424768,0.13055372
2027,4,LIPJAN,Tregtia me shumice dhe pakice; Riparimi i mjeteve motorike dhe motoeikletave,0.06789328706416138,0.07815437,0.094326615,0.10510814,0.12128043
2027,5,LIPJAN,Tregtia me shumice dhe pakice; Riparimi i mjeteve motorike dhe motoeikletave,0.06789328706416138,0.08831911,0.10464382,0.115527034,0.13185179
2027,6,LIPJAN,Tregtia me shumice dhe pakice; Riparimi i mjeteve motorike dhe motoeikletave,0.06789328706416138,0.08779975,0.1041168,0.114994764,0.13131177
2027,7,LIPJAN,Tregtia me shumice dhe pakice; Riparimi i mjeteve motorike dhe motoeikletave,0.06789328706416138,0.08510196,0.10137844,0.11222947,0.12850595
2027,8,LIPJAN,Tregtia me shumice dhe pakice; Riparimi i mjeteve motorike dhe motoeikletave,0.06789328706416138,0.08510196,0.10137844,0.11222947,0.12850595
2027,9,LIPJAN,Tregtia me shumice dhe pakice; Riparimi i mjeteve motorike dhe motoeikletave,0.06789328706416138,0.082100615,0.09833217,0.10915315,0.12538457
2027,10,LIPJAN,Tregtia me shumice dhe pakice; Riparimi i mjeteve motorike dhe motoeikletave,0.06789328706416138,0.08481789,0.10109019,0.11193836,0.12821054
2027,11,LIPJAN,Tregtia me shumice dhe pakice; Riparimi i mjeteve motorike dhe motoeikletave,0.06789328706416138,0.09086276,0.10722566,0.11813426,0.13449717
2027,12,LIPJAN,Tregtia me shumice dhe pakice; Riparimi i mjeteve motorike dhe motoeikletave,0.06789328706416138,0.14213024,0.15926218,0.1706835,0.18781543
2027,1,MALISHEVË,Akomodimi dhe sherbimi ushqimor,0.6187119734716529,0.40575898,0.4268453,0.44090295,0.46198928
2027,2,MALISHEVË,Akomodimi dhe sherbimi ushqimor,1.0577504374699114,0.53997666,0.56307626,0.57847595,0.6015756
2027,3,MALISHEVË,Akomodimi dhe sherbimi ushqimor,0.2938682857061284,0.22342925,0.24178064,0.25401485,0.2723663
2027,4,MALISHEVË,Akomodimi dhe sherbimi ushqimor,0.9327799899063655,0.65761685,0.68248105,0.6990572,0.7239214
2027,5,MALISHEVË,Akomodimi dhe sherbimi ushqimor,0.9046080832555484,0.640344,0.6649492,0.6813526,0.7059578
2027,6,MALISHEVË,Akomodimi dhe sherbimi ushqimor,0.22381567180642117,0.13108969,0.14805603,0.15936685,0.17633319
2027,7,MALISHEVË,Akomodimi dhe sherbimi ushqimor,0.17636143051733152,0.16099824,0.17841315,0.19002318,0.20743811
2027,8,MALISHEVË,Akomodimi dhe sherbimi ushqimor,-0.3712844560628327,-0.24982385,-0.23857123,-0.2310695,-0.21981686
2027,9,MALISHEVË,Akomodimi dhe sherbimi ushqimor,0.281040744507832,0.4099574,0.4311068,0.44520628,0.46635568
2027,10,MALISHEVË,Akomodimi dhe sherbimi ushqimor,0.6908019682630898,0.5030544,0.5256002,0.5406307,0.5631765
2027,11,MALISHEVË,Akomodimi dhe sherbimi ushqimor,0.8848605903766362,0.44724074,0.46894932,0.48342168,0.5051303
2027,12,MALISHEVË,Akomodimi dhe sherbimi ushqimor,-0.093334365007117,-0.00481573,0.010112047,0.020063877,0.034991622
2027,1,MALISHEVË,Aktivitetet e patundshmerise,0.38260795978498585,0.14975949,0.1670059,0.17850351,0.19574988
2027,2,MALISHEVË,Aktivitetet e patundshmerise,-0.3196118828872671,-0.49164668,-0.48402137,-0.4789378,-0.47131252
2027,3,MALISHEVË,Aktivitetet e patundshmerise,-0.5084014910028919,-0.8946926,-0.893113,-0.8920599,-0.8904803
2027,4,MALISHEVË,Aktivitetet e patundshmerise,-0.73650583198877,-1.0,-1.0,-1.0,-1.0
2027,5,MALISHEVË,Aktivitetet e patundshmerise,-0.741680524037835,-1.0,-1.0,-1.0,-1.0
2027,6,MALISHEVË,Aktivitetet e patundshmerise,-0.767524434720815,-1.0,-1.0,-1.0,-1.0
2027,7,MALISHEVË,Aktivitetet e patundshmerise,-0.8293806104705326,-1.0,-1.0,-1.0,-1.0
2027,8,MALISHEVË,Aktivitetet e patundshmerise,-0.8409799734759804,-1.0,-1.0,-1.0,-1.0
2027,9,MALISHEVË,Aktivitetet e patundshmerise,-0.7852530419152298,-1.0,-1.0,-1.0,-1.0
2027,10,MALISHEVË,Aktivitetet e patundshmerise,-0.792654131511759,-1.0,-1.0,-1.0,-1.0
2027,11,MALISHEVË,Aktivitetet e patundshmerise,-0.8140886863699252,-1.0,-1.0,-1.0,-1.0
2027,12,MALISHEVË,Aktivitetet e patundshmerise,-0.6289721236997811,-1.0,-1.0,-1.0,-1.0
2027,1,MALISHEVË,Aktivitetet e shendetit te njeriut dhe te punes sociale,0.36342930119310873,0.39307383,0.41396987,0.42790055,0.44879675
2027,2,MALISHEVË,Aktivitetet e shendetit te njeriut dhe te punes sociale,0.4826374624674715,0.46970898,0.49175453,0.5064516,0.5284972
2027,3,MALISHEVË,Aktivitetet e shendetit te njeriut dhe te punes sociale,0.3397259620707984,0.316111,0.33585262,0.3490137,0.36875534
2027,4,MALISHEVË,Aktivitetet e shendetit te njeriut dhe te punes sociale,0.37254101842835713,0.48217085,0.50440335,0.519225,0.54145765
2027,5,MALISHEVË,Aktivitetet e shendetit te njeriut dhe te punes sociale,0.39991592425217953,0.5771146,0.6007713,0.61654246,0.64019907
2027,6,MALISHEVË,Aktivitetet e shendetit te njeriut dhe te punes sociale,0.5080652401367836,0.49048123,0.5128385,0.5277432,0.55010045
2027,7,MALISHEVË,Aktivitetet e shendetit te njeriut dhe te punes sociale,0.4207797692241638,0.3533725,0.3736732,0.3872069,0.40750742
2027,8,MALISHEVË,Aktivitetet e shendetit te njeriut dhe te punes sociale,0.37905086446381875,0.28066486,0.2998749,0.31268156,0.33189142
2027,9,MALISHEVË,Aktivitetet e shendetit te njeriut dhe te punes sociale,0.20740181507772487,0.29049978,0.30985725,0.32276225,0.3421197
2027,10,MALISHEVË,Aktivitetet e shendetit te njeriut dhe te punes sociale,0.5696137928232043,0.58125395,0.60497284,0.62078536,0.6445041
2027,11,MALISHEVË,Aktivitetet e shendetit te njeriut dhe te punes sociale,0.6747706838162025,0.7176192,0.7433834,0.7605597,0.7863239
2027,12,MALISHEVË,Aktivitetet e shendetit te njeriut dhe te punes sociale,-0.15198745033263822,-0.13971487,-0.12681055,-0.11820775,-0.10530347
2027,1,MALISHEVË,Aktivitetet e tjera sherbyese,2.0,1.5124437,1.5501301,1.5752547,1.6129413
2027,2,MALISHEVË,Aktivitetet e tjera sherbyese,2.0,2.0,2.045,2.0749998,2.12
2027,3,MALISHEVË,Aktivitetet e tjera sherbyese,0.16941390577637933,0.023298819,0.038648367,0.048881292,0.0642308
2027,4,MALISHEVË,Aktivitetet e tjera sherbyese,2.0,2.0,2.045,2.0749998,2.12
2027,5,MALISHEVË,Aktivitetet e tjera sherbyese,1.7153633846232859,1.9298761,1.9738243,2.0031228,2.047071
2027,6,MALISHEVË,Aktivitetet e tjera sherbyese,0.083397869861064,-0.08003512,-0.0662356,-0.057035983,-0.043236554
2027,7,MALISHEVË,Aktivitetet e tjera sherbyese,2.0,2.0,2.045,2.0749998,2.12
2027,8,MALISHEVË,Aktivitetet e tjera sherbyese,0.7827060268618719,0.33185506,0.35183287,0.3651514,0.3851292
2027,9,MALISHEVË,Aktivitetet e tjera sherbyese,0.012489951149770695,-0.066089936,-0.052081287,-0.042742193,-0.028733552
2027,10,MALISHEVË,Aktivitetet e tjera sherbyese,0.4845730422156815,0.7315488,0.757522,0.7748375,0.8008107
2027,11,MALISHEVË,Aktivitetet e tjera sherbyese,0.9125439287023002,0.45277607,0.47456765,0.48909545,0.510887
2027,12,MALISHEVË,Aktivitetet e tjera sherbyese,0.01857798771823871,0.17937642,0.19706702,0.20886075,0.22655141
2027,1,MALISHEVË,Aktivitetet financiare dhe te sigurimit,0.5947094027379664,0.8781814,0.9063542,0.92513597,0.9533087
2027,2,MALISHEVË,Aktivitetet financiare dhe te sigurimit,-0.014681998344429811,-0.27274725,-0.2618385,-0.25456595,-0.24365717
2027,3,MALISHEVË,Aktivitetet financiare dhe te sigurimit,0.6266751265371462,0.7231441,0.74899113,0.7662226,0.7920698
2027,6,MALISHEVË,Aktivitetet financiare dhe te sigurimit,1.70518225561701,1.2128478,1.2460403,1.2681689,1.3013616
2027,7,MALISHEVË,Aktivitetet financiare dhe te sigurimit,-0.5798706665637667,-0.6778262,-0.67299366,-0.6697719,-0.6649393
2027,8,MALISHEVË,Aktivitetet financiare dhe te sigurimit,-0.613516373722627,-0.49841407,-0.49089026,-0.4858744,-0.47835064
2027,9,MALISHEVË,Aktivitetet financiare dhe te sigurimit,-0.17455557488196283,-0.16343328,-0.1508848,-0.14251918,-0.12997067
2027,11,MALISHEVË,Aktivitetet financiare dhe te sigurimit,0.6273812201791195,0.28715223,0.30645955,0.31933105,0.3386383
2027,12,MALISHEVË,Aktivitetet financiare dhe te sigurimit,-0.1561429088697394,-0.0809831,-0.06719786,-0.058007717,-0.044222474
2027,1,MALISHEVË,"Aktivitetet profesionale, shkencore dhe teknike",1.337226446724803,1.280347,1.3145521,1.3373554,1.3715606
2027,2,MALISHEVË,"Aktivitetet profesionale, shkencore dhe teknike",0.3364848679755631,0.215044,0.23326969,0.2454201,0.26364577
2027,3,MALISHEVË,"Aktivitetet profesionale, shkencore dhe teknike",1.7929496496422122,0.866747,0.8947482,0.9134157,0.94141686
2027,4,MALISHEVË,"Aktivitetet profesionale, shkencore dhe teknike",-0.07683821557126198,-0.16469286,-0.15216327,-0.14381021,-0.1312806
2027,5,MALISHEVË,"Aktivitetet profesionale, shkencore dhe teknike",-0.05101704994746437,0.081162915,0.0973804,0.10819197,0.12440944
2027,6,MALISHEVË,"Aktivitetet profesionale, shkencore dhe teknike",-0.13305908690865687,-0.06928871,-0.05532807,-0.046020985,-0.032060325
2027,7,MALISHEVË,"Aktivitetet profesionale, shkencore dhe teknike",0.08902201152061029,0.4187003,0.43998086,0.45416784,0.47544825
2027,8,MALISHEVË,"Aktivitetet profesionale, shkencore dhe teknike",-0.2758646563350048,-0.2638784,-0.25283659,-0.24547541,-0.23443359
2027,9,MALISHEVË,"Aktivitetet profesionale, shkencore dhe teknike",0.022587649261079208,0.043521985,0.059174776,0.06961,0.085262895
2027,10,MALISHEVË,"Aktivitetet profesionale, shkencore dhe teknike",0.7209209174618691,0.9056874,0.93427265,0.95332944,0.98191476
2027,11,MALISHEVË,"Aktivitetet profesionale, shkencore dhe teknike",-0.036707521210448485,-0.0448809,-0.030554175,-0.021002948,-0.006676197
2027,12,MALISHEVË,"Aktivitetet profesionale, shkencore dhe teknike",-0.21198476551921908,-0.011718977,0.0031051636,0.012987971,0.027812243
2027,1,MALISHEVË,Arsimi,0.771838470116865,0.5791219,0.6028086,0.6185999,0.64228666
2027,2,MALISHEVË,Arsimi,0.36694088550783943,0.21857159,0.23685014,0.24903584,0.2673143
2027,3,MALISHEVË,Arsimi,1.7083440784099821,1.1471859,1.1793935,1.2008655,1.2330732
2027,4,MALISHEVË,Arsimi,1.461648404825214,2.0,2.045,2.0749998,2.12
2027,5,MALISHEVË,Arsimi,0.514988338265564,0.40205103,0.42308176,0.4371022,0.45813298
2027,6,MALISHEVË,Arsimi,2.0,2.0,2.045,2.0749998,2.12
2027,7,MALISHEVË,Arsimi,2.0,2.0,2.045,2.0749998,2.12
2027,8,MALISHEVË,Arsimi,1.9586315884524268,1.9919897,2.0368695,2.0667894,2.111669
2027,9,MALISHEVË,Arsimi,2.0,2.0,2.045,2.0749998,2.12
2027,10,MALISHEVË,Arsimi,2.0,2.0,2.045,2.0749998,2.12
2027,11,MALISHEVË,Arsimi,2.0,2.0,2.045,2.0749998,2.12
2027,12,MALISHEVË,Arsimi,-0.053075525235830624,0.118238874,0.1350125,0.14619482,0.1629684
2027,1,MALISHEVË,"Artet, Argetimi dhe rekreacioni",-0.05179800021183357,-0.43119287,-0.42266077,-0.4169727,-0.4084406
2027,2,MALISHEVË,"Artet, Argetimi dhe rekreacioni",0.27166965783180863,0.243806,0.2624631,0.27490115,0.29355824
2027,3,MALISHEVË,"Artet, Argetimi dhe rekreacioni",1.1847122175887819,0.88268447,0.9109247,0.9297515,0.9579917
2027,4,MALISHEVË,"Artet, Argetimi dhe rekreacioni",1.1632718375284712,0.9843557,1.014121,1.0339646,1.0637298
2027,5,MALISHEVË,"Artet, Argetimi dhe rekreacioni",1.4272533142290813,1.5002122,1.5377154,1.5627174,1.6002207
2027,6,MALISHEVË,"Artet, Argetimi dhe rekreacioni",1.7229433074589016,1.7778628,1.8195307,1.8473094,1.8889773
2027,7,MALISHEVË,"Artet, Argetimi dhe rekreacioni",0.297632736635749,0.4203469,0.44165206,0.4558555,0.4771607
2027,8,MALISHEVË,"Artet, Argetimi dhe rekreacioni",1.1105378510793642,1.5025747,1.5401132,1.565139,1.6026776
2027,9,MALISHEVË,"Artet, Argetimi dhe rekreacioni",-0.38819442477541877,-0.25261208,-0.24140131,-0.23392743,-0.22271663
2027,10,MALISHEVË,"Artet, Argetimi dhe rekreacioni",1.5467941101173697,1.2816532,1.3158779,1.3386943,1.3729193
2027,11,MALISHEVË,"Artet, Argetimi dhe rekreacioni",0.6386421883927211,0.7668826,0.79338586,0.8110547,0.8375579
2027,12,MALISHEVË,"Artet, Argetimi dhe rekreacioni",-0.09351930149851334,0.039845824,0.055443525,0.06584191,0.081439614
2027,1,MALISHEVË,Bujqesia;Pylltaria dhe Peshkimi,0.6039442274423472,0.4461772,0.46786988,0.48233163,0.50402427
2027,2,MALISHEVË,Bujqesia;Pylltaria dhe Peshkimi,0.6878431343533613,0.5385872,0.561666,0.5770519,0.6001307
2027,3,MALISHEVË,Bujqesia;Pylltaria dhe Peshkimi,0.40943081100435885,0.39982936,0.4208268,0.43482506,0.45582247
2027,4,MALISHEVË,Bujqesia;Pylltaria dhe Peshkimi,0.5930910581019405,0.7218706,0.74769866,0.7649174,0.7907454
2027,5,MALISHEVË,Bujqesia;Pylltaria dhe Peshkimi,0.5738686486922668,0.8142374,0.8414509,0.8595933,0.8868067
2027,6,MALISHEVË,Bujqesia;Pylltaria dhe Peshkimi,0.4576555672467877,0.534389,0.5574049,0.57274866,0.5957645
2027,7,MALISHEVË,Bujqesia;Pylltaria dhe Peshkimi,0.5332354434959684,0.6209587,0.6452731,0.6614826,0.685797
2027,8,MALISHEVË,Bujqesia;Pylltaria dhe Peshkimi,-0.1471600185085002,-0.041969165,-0.027598739,-0.018018425,-0.003647983
2027,9,MALISHEVË,Bujqesia;Pylltaria dhe Peshkimi,0.46444575665796944,0.3792073,0.39989543,0.41368747,0.43437564
2027,10,MALISHEVË,Bujqesia;Pylltaria dhe Peshkimi,0.5206583768981307,0.4216309,0.44295526,0.45717156,0.47849607
2027,11,MALISHEVË,Bujqesia;Pylltaria dhe Peshkimi,0.7767052722198852,1.2089484,1.2420826,1.2641721,1.2973063
2027,12,MALISHEVË,Bujqesia;Pylltaria dhe Peshkimi,0.4193961974771452,0.51161504,0.53428924,0.54940534,0.57207954
2027,2,MALISHEVË,"Furnizimi me rryme, gaz, avull dhe ajer te kondicionuar",0.42775108689797986,0.74002147,0.76612175,0.783522,0.8096223
2027,3,MALISHEVË,"Furnizimi me rryme, gaz, avull dhe ajer te kondicionuar",2.0,1.8890041,1.9323392,1.9612293,2.0045643
2027,4,MALISHEVË,"Furnizimi me rryme, gaz, avull dhe ajer te kondicionuar",-0.7274010133480254,-0.8657284,-0.86371434,-0.86237156,-0.8603575
2027,5,MALISHEVË,"Furnizimi me rryme, gaz, avull dhe ajer te kondicionuar",-0.06301283542326318,-0.56601834,-0.5595086,-0.5551688,-0.5486591
2027,6,MALISHEVË,"Furnizimi me rryme, gaz, avull dhe ajer te kondicionuar",-0.5078546895611925,-0.73347414,-0.7294762,-0.726811,-0.7228131
2027,7,MALISHEVË,"Furnizimi me rryme, gaz, avull dhe ajer te kondicionuar",-0.42025441475027103,-0.7569572,-0.7533115,-0.7508811,-0.7472355
2027,9,MALISHEVË,"Furnizimi me rryme, gaz, avull dhe ajer te kondicionuar",-0.6950040869360278,-0.7452728,-0.7414519,-0.73890465,-0.7350837
2027,12,MALISHEVË,"Furnizimi me rryme, gaz, avull dhe ajer te kondicionuar",0.5390276098170618,0.98992664,1.0197754,1.0396748,1.0695236
2027,3,MALISHEVË,Furnizimi me uje; Kanalizimi; Aktivitetet e menaxhimit dhe te trajtimit te mbeturinave,0.4993563822391701,0.6898781,0.7152263,0.73212504,0.7574731
2027,6,MALISHEVË,Furnizimi me uje; Kanalizimi; Aktivitetet e menaxhimit dhe te trajtimit te mbeturinave,-0.38695786040932656,-0.2640678,-0.2530288,-0.24566948,-0.23463053
2027,9,MALISHEVË,Furnizimi me uje; Kanalizimi; Aktivitetet e menaxhimit dhe te trajtimit te mbeturinave,0.443457106904796,0.45947173,0.48136377,0.49595845,0.5178505
2027,12,MALISHEVË,Furnizimi me uje; Kanalizimi; Aktivitetet e menaxhimit dhe te trajtimit te mbeturinave,-0.04589153069163877,0.21285275,0.23104548,0.24317396,0.26136672
2027,1,MALISHEVË,Industria nxjerrese,0.8813443414359807,0.64005667,0.6646575,0.68105793,0.7056588
2027,2,MALISHEVË,Industria nxjerrese,-0.3314559180261953,-0.3159734,-0.305713,-0.29887277,-0.28861237
2027,3,MALISHEVË,Industria nxjerrese,-0.650713890369285,-0.65293586,-0.6477299,-0.6442593,-0.63905334
2027,4,MALISHEVË,Industria nxjerrese,-0.8570758299743092,-0.9715441,-0.97111726,-0.9708327,-0.9704059
2027,5,MALISHEVË,Industria nxjerrese,-0.7965993721635016,-0.7909466,-0.7878108,-0.7857203,-0.7825845
2027,6,MALISHEVË,Industria nxjerrese,-0.8096130133541706,-0.80314845,-0.8001957,-0.7982272,-0.7952744
2027,7,MALISHEVË,Industria nxjerrese,-0.7980078836036438,-0.7845764,-0.78134507,-0.77919084,-0.7759595
2027,8,MALISHEVË,Industria nxjerrese,-0.8064275007902701,-0.7618685,-0.7582965,-0.75591516,-0.75234324
2027,9,MALISHEVË,Industria nxjerrese,-0.822231523167469,-0.85127604,-0.84904516,-0.84755796,-0.8453271
2027,10,MALISHEVË,Industria nxjerrese,-0.83037528969807,-0.8207531,-0.8180644,-0.8162719,-0.81358325
2027,11,MALISHEVË,Industria nxjerrese,-0.8143983873151194,-0.65950716,-0.65439975,-0.65099484,-0.6458875
2027,12,MALISHEVË,Industria nxjerrese,-0.6781887734580503,-0.46862957,-0.46065903,-0.45534533,-0.44737482
2027,1,MALISHEVË,Industria perpunuese,0.6046470923039162,0.40935317,0.43049335,0.44458687,0.4657272
2027,2,MALISHEVË,Industria perpunuese,0.055702008032328096,0.16671625,0.18421698,0.19588411,0.21338487
2027,3,MALISHEVË,Industria perpunuese,0.12986896814189394,0.10185936,0.11838722,0.12940574,0.14593363
2027,4,MALISHEVË,Industria perpunuese,0.184818456699402,0.13401973,0.15103006,0.1623702,0.17938054
2027,5,MALISHEVË,Industria perpunuese,0.2581902266768672,0.33265546,0.35264528,0.3659718,0.38596165
2027,6,MALISHEVË,Industria perpunuese,0.27919055740045035,0.3968774,0.4178306,0.4317993,0.45275247
2027,7,MALISHEVË,Industria perpunuese,0.25381795791578665,0.23665799,0.25520778,0.26757443,0.28612423
2027,8,MALISHEVË,Industria perpunuese,0.16776007298394396,0.14458089,0.16174948,0.17319536,0.190364
2027,9,MALISHEVË,Industria perpunuese,0.05055086282306687,0.112428315,0.12911475,0.140239,0.15692544
2027,10,MALISHEVË,Industria perpunuese,0.03394830118829988,0.05840492,0.07428098,0.084864974,0.10074103
2027,11,MALISHEVË,Industria perpunuese,0.20329650724667622,0.18450376,0.20227134,0.21411633,0.23188388
2027,12,MALISHEVË,Industria perpunuese,-0.013167139778670837,0.07158887,0.0876627,0.09837854,0.11445236
2027,1,MALISHEVË,Informimi dhe komunikimi,0.9064216572757916,0.58594435,0.6097336,0.62559295,0.6493821
2027,2,MALISHEVË,Informimi dhe komunikimi,0.9783667891008717,1.3757089,1.4113448,1.4351017,1.4707372
2027,3,MALISHEVË,Informimi dhe komunikimi,-0.11296973335706867,0.0064830007,0.02158022,0.03164506,0.0467422
2027,4,MALISHEVË,Informimi dhe komunikimi,0.19642055342533762,0.10829378,0.1249181,0.13600111,0.15262544
2027,5,MALISHEVË,Informimi dhe komunikimi,0.4086084181518089,0.37813067,0.39880264,0.41258395,0.4332558
2027,6,MALISHEVË,Informimi dhe komunikimi,-0.018817644993551378,0.12868394,0.14561415,0.156901,0.17383122
2027,7,MALISHEVË,Informimi dhe komunikimi,0.5478870857405957,0.5440437,0.56720436,0.5826448,0.6058055
2027,8,MALISHEVË,Informimi dhe komunikimi,0.4214912189359628,0.40670195,0.42780244,0.44186938,0.4629699
2027,9,MALISHEVË,Informimi dhe komunikimi,1.4983464510211844,1.4341468,1.470659,1.4950006,1.5315127
2027,10,MALISHEVË,Informimi dhe komunikimi,0.07237902894375187,0.13876404,0.15584552,0.16723311,0.18431449
2027,11,MALISHEVË,Informimi dhe komunikimi,-0.21453440081295838,0.0015404085,0.016563535,0.026578903,0.041602015
2027,12,MALISHEVË,Informimi dhe komunikimi,0.2772169675666126,0.4173492,0.43860948,0.45278287,0.47404313
2027,12,MALISHEVË,Mungon aktiviteti,0.44723436394576005,1.4863056,1.5236003,1.5484633,1.5857577
2027,1,MALISHEVË,Ndertimtaria,0.0918932177701819,0.16884339,0.18637598,0.19806445,0.21559703
2027,2,MALISHEVË,Ndertimtaria,0.10296222275906426,0.27620074,0.29534376,0.3081057,0.3272488
2027,3,MALISHEVË,Ndertimtaria,0.09398488911991505,0.24248132,0.26111853,0.27354336,0.29218054
2027,4,MALISHEVË,Ndertimtaria,0.08781284955769192,0.21319121,0.23138916,0.24352098,0.26171887
2027,5,MALISHEVË,Ndertimtaria,0.09032919479870133,0.23214081,0.25062287,0.26294422,0.2814263
2027,6,MALISHEVË,Ndertimtaria,0.10194118831043952,0.27821556,0.2973888,0.3101709,0.32934415
2027,7,MALISHEVË,Ndertimtaria,0.08904850919395531,0.21919696,0.23748481,0.24967682,0.26796472
2027,8,MALISHEVË,Ndertimtaria,0.0813214607755913,0.14785255,0.1650703,0.17654884,0.1937666
2027,9,MALISHEVË,Ndertimtaria,0.09536487958379503,0.30496073,0.32453513,0.33758473,0.35715914
2027,10,MALISHEVË,Ndertimtaria,0.08840717476034807,0.21282524,0.23101771,0.24314594,0.26133823
2027,11,MALISHEVË,Ndertimtaria,0.08904850919395531,0.18425612,0.20201993,0.21386242,0.23162627
2027,12,MALISHEVË,Ndertimtaria,0.06629506295739529,0.08976076,0.106107235,0.11700475,0.1333512
2027,1,MALISHEVË,Person Fizik,1.0765609202075093,0.8336689,0.861174,0.87951064,0.9070157
2027,2,MALISHEVË,Person Fizik,-0.4527305082515563,-0.7679819,-0.76450163,-0.76218146,-0.7587012
2027,3,MALISHEVË,Person Fizik,0.07513699767162714,-0.035147212,-0.020674407,-0.011025906,0.0034469366
2027,4,MALISHEVË,Person Fizik,0.9781410386153961,0.3721966,0.3927796,0.40650153,0.42708445
2027,5,MALISHEVË,Person Fizik,0.8996615280788842,0.47594687,0.4980861,0.5128455,0.5349847
2027,6,MALISHEVË,Person Fizik,1.1981749854072206,0.6789575,0.70414186,0.7209314,0.7461157
2027,7,MALISHEVË,Person Fizik,0.6512460323252118,0.18974921,0.20759547,0.21949291,0.23733914
2027,8,MALISHEVË,Person Fizik,0.4107114931151607,0.2296529,0.24809766,0.26039422,0.278839
2027,9,MALISHEVË,Person Fizik,0.3354580581866391,0.27870783,0.29788852,0.3106755,0.32985616
2027,12,MALISHEVË,Person Fizik,-0.11959389271091152,-0.17299235,-0.16058725,-0.15231717,-0.13991207
2027,1,MALISHEVË,Sherbimet administrative dhe mbeshtetese,1.0861336490911127,1.1220753,1.1539063,1.1751273,1.2069583
2027,2,MALISHEVË,Sherbimet administrative dhe mbeshtetese,1.1040579581276035,0.90898615,0.9376209,0.9567107,0.9853455
2027,3,MALISHEVË,Sherbimet administrative dhe mbeshtetese,0.6031571763700222,0.5234076,0.5462587,0.5614927,0.5843438
2027,4,MALISHEVË,Sherbimet administrative dhe mbeshtetese,1.1179281940510744,0.80214345,0.8291756,0.84719706,0.8742291
2027,5,MALISHEVË,Sherbimet administrative dhe mbeshtetese,1.7999466271488436,1.5566483,1.5949979,1.6205645,1.6589141
2027,6,MALISHEVË,Sherbimet administrative dhe mbeshtetese,2.0,2.0,2.045,2.0749998,2.12
2027,7,MALISHEVË,Sherbimet administrative dhe mbeshtetese,-0.23095550871638063,-0.20847683,-0.19660401,-0.18868876,-0.17681593
2027,8,MALISHEVË,Sherbimet administrative dhe mbeshtetese,2.0,2.0,2.045,2.0749998,2.12
2027,9,MALISHEVË,Sherbimet administrative dhe mbeshtetese,1.1988007517669692,1.0070397,1.0371451,1.0572155,1.087321
2027,10,MALISHEVË,Sherbimet administrative dhe mbeshtetese,0.8236736089620659,0.123994395,0.14085424,0.15209413,0.16895413
2027,11,MALISHEVË,Sherbimet administrative dhe mbeshtetese,0.8975488996277857,0.36275458,0.38319588,0.3968234,0.4172647
2027,12,MALISHEVË,Sherbimet administrative dhe mbeshtetese,0.02416723165984048,0.0826529,0.09889269,0.10971928,0.12595904
2027,1,MALISHEVË,Transporti dhe magazinimi,1.0703401665130445,0.8778779,0.90604615,0.92482483,0.95299304
2027,2,MALISHEVË,Transporti dhe magazinimi,-0.11613927156954558,-0.10524597,-0.09182465,-0.0828771,-0.0694558
2027,3,MALISHEVË,Transporti dhe magazinimi,-0.0421398682128411,0.034044635,0.0495553,0.059895754,0.07540631
2027,4,MALISHEVË,Transporti dhe magazinimi,-0.17280761640811804,-0.16010806,-0.1475097,-0.1391108,-0.12651247
2027,5,MALISHEVË,Transporti dhe magazinimi,0.03898582897559541,0.09215061,0.10853279,0.119454265,0.1358366
2027,6,MALISHEVË,Transporti dhe magazinimi,0.19194058541604297,0.21917613,0.23746383,0.2496556,0.26794314
2027,7,MALISHEVË,Transporti dhe magazinimi,0.5847027409276411,0.67548263,0.7006148,0.7173697,0.74250185
2027,8,MALISHEVË,Transporti dhe magazinimi,0.5642479639523253,0.49935055,0.5218408,0.53683424,0.5593245
2027,9,MALISHEVË,Transporti dhe magazinimi,0.25951583596443634,0.3354675,0.3554995,0.36885417,0.3888861
2027,10,MALISHEVË,Transporti dhe magazinimi,0.2708726085741939,0.23245104,0.25093782,0.26326227,0.28174913
2027,11,MALISHEVË,Transporti dhe magazinimi,0.35518877580441316,0.21845432,0.23673117,0.24891567,0.26719248
2027,12,MALISHEVË,Transporti dhe magazinimi,0.08353730310301478,0.16990022,0.18744862,0.1991477,0.21669614
2027,1,MALISHEVË,Tregtia me shumice dhe pakice; Riparimi i mjeteve motorike dhe motoeikletave,0.07098846413584058,0.09362469,0.1100291,0.12096536,0.13736963
2027,2,MALISHEVË,Tregtia me shumice dhe pakice; Riparimi i mjeteve motorike dhe motoeikletave,0.06789328706416138,0.08684488,0.103147626,0.114016056,0.13031864
2027,3,MALISHEVË,Tregtia me shumice dhe pakice; Riparimi i mjeteve motorike dhe motoeikletave,0.06789328706416138,0.089350745,0.105690956,0.11658442,0.13292468
2027,4,MALISHEVË,Tregtia me shumice dhe pakice; Riparimi i mjeteve motorike dhe motoeikletave,0.06789328706416138,0.08109508,0.0973115,0.10812247,0.124338865
2027,5,MALISHEVË,Tregtia me shumice dhe pakice; Riparimi i mjeteve motorike dhe motoeikletave,0.06789328706416138,0.091259815,0.1076287,0.11854136,0.13491023
2027,6,MALISHEVË,Tregtia me shumice dhe pakice; Riparimi i mjeteve motorike dhe motoeikletave,0.06789328706416138,0.090079606,0.10643077,0.117331505,0.13368273
2027,7,MALISHEVË,Tregtia me shumice dhe pakice; Riparimi i mjeteve motorike dhe motoeikletave,0.06789328706416138,0.08270723,0.09894776,0.10977483,0.12601542
2027,8,MALISHEVË,Tregtia me shumice dhe pakice; Riparimi i mjeteve motorike dhe motoeikletave,0.06789328706416138,0.08270723,0.09894776,0.10977483,0.12601542
2027,9,MALISHEVË,Tregtia me shumice dhe pakice; Riparimi i mjeteve motorike dhe motoeikletave,0.06789328706416138,0.08438047,0.10064626,0.11149001,0.12775564
2027,10,MALISHEVË,Tregtia me shumice dhe pakice; Riparimi i mjeteve motorike dhe motoeikletave,0.06789328706416138,0.08537852,0.10165918,0.112512946,0.1287936
2027,11,MALISHEVË,Tregtia me shumice dhe pakice; Riparimi i mjeteve motorike dhe motoeikletave,0.06789328706416138,0.088354595,0.10467994,0.11556339,0.13188875
2027,12,MALISHEVË,Tregtia me shumice dhe pakice; Riparimi i mjeteve motorike dhe motoeikletave,0.06789328706416138,0.13907465,0.15616083,0.16755152,0.18463767
2027,3,MAMUSHË,Akomodimi dhe sherbimi ushqimor,0.1139927727485956,-0.3157312,-0.30546713,-0.29862446,-0.28836042
2027,4,MAMUSHË,Akomodimi dhe sherbimi ushqimor,0.005610391941928469,-0.30855036,-0.2981786,-0.29126412,-0.28089237
2027,6,MAMUSHË,Akomodimi dhe sherbimi ushqimor,0.5292134816549805,-0.1902489,-0.17810267,-0.17000514,-0.15785891
2027,7,MAMUSHË,Akomodimi dhe sherbimi ushqimor,0.02297831791723071,0.08373715,0.09999323,0.110830545,0.12708652
2027,8,MAMUSHË,Akomodimi dhe sherbimi ushqimor,-0.25827730807500787,-0.5440813,-0.53724253,-0.5326833,-0.5258446
2027,9,MAMUSHË,Akomodimi dhe sherbimi ushqimor,1.115825034277977,1.0131948,1.0433927,1.0635247,1.0937226
2027,12,MAMUSHË,Akomodimi dhe sherbimi ushqimor,-0.23727368555464076,-0.13519982,-0.12222779,-0.11357981,-0.10060781
2027,1,MAMUSHË,Aktivitetet e tjera sherbyese,0.8644572597422548,-0.060996525,-0.046911478,-0.03752148,-0.023436427
2027,2,MAMUSHË,Aktivitetet e tjera sherbyese,0.11567972200786882,-0.06461529,-0.050584555,-0.04123074,-0.027199984
2027,3,MAMUSHË,Aktivitetet e tjera sherbyese,2.0,1.9489819,1.9932165,2.0227063,2.066941
2027,5,MAMUSHË,Aktivitetet e tjera sherbyese,-0.27054093357177456,-0.4804522,-0.472659,-0.4674635,-0.4596703
2027,6,MAMUSHË,Aktivitetet e tjera sherbyese,1.027489956552467,0.33271194,0.35270262,0.36602974,0.3860203
2027,7,MAMUSHË,Aktivitetet e tjera sherbyese,0.03898660207384958,-0.3664861,-0.35698336,-0.35064822,-0.34114552
2027,8,MAMUSHË,Aktivitetet e tjera sherbyese,-0.16278253968708467,-0.57146263,-0.56503457,-0.5607492,-0.55432117
2027,9,MAMUSHË,Aktivitetet e tjera sherbyese,-0.5969877926698166,-0.7668357,-0.7633382,-0.7610066,-0.7575091
2027,10,MAMUSHË,Aktivitetet e tjera sherbyese,-0.6559716329025687,-0.81162935,-0.8088038,-0.8069201,-0.80409455
2027,11,MAMUSHË,Aktivitetet e tjera sherbyese,0.02243504584878629,-0.4494157,-0.44115692,-0.43565106,-0.4273923
2027,12,MAMUSHË,Aktivitetet e tjera sherbyese,1.0201518007164616,0.8360958,0.8636372,0.8819982,0.9095396
2027,9,MAMUSHË,"Aktivitetet profesionale, shkencore dhe teknike",0.015651655740578765,-0.6944275,-0.6898439,-0.6867882,-0.6822046
2027,1,MAMUSHË,Bujqesia;Pylltaria dhe Peshkimi,2.0,2.0,2.045,2.0749998,2.12
2027,2,MAMUSHË,Bujqesia;Pylltaria dhe Peshkimi,1.5271215324414857,1.4961804,1.5336232,1.5585849,1.5960276
2027,3,MAMUSHË,Bujqesia;Pylltaria dhe Peshkimi,1.4341895772802133,1.2079891,1.2411091,1.2631888,1.2963088
2027,4,MAMUSHË,Bujqesia;Pylltaria dhe Peshkimi,1.8191706627468465,2.0,2.045,2.0749998,2.12
2027,5,MAMUSHË,Bujqesia;Pylltaria dhe Peshkimi,2.0,1.5616523,1.6000769,1.6256933,1.6641183
2027,6,MAMUSHË,Bujqesia;Pylltaria dhe Peshkimi,-0.03278735118903776,0.056162,0.07200444,0.08256602,0.09840846
2027,7,MAMUSHË,Bujqesia;Pylltaria dhe Peshkimi,0.8802020880975991,0.95350033,0.98280275,1.0023377,1.0316403
2027,8,MAMUSHË,Bujqesia;Pylltaria dhe Peshkimi,2.0,2.0,2.045,2.0749998,2.12
2027,9,MAMUSHË,Bujqesia;Pylltaria dhe Peshkimi,0.05403405119279487,-0.34212688,-0.33225876,-0.32568002,-0.31581193
2027,10,MAMUSHË,Bujqesia;Pylltaria dhe Peshkimi,1.5381310117662648,1.6574523,1.697314,1.7238886,1.7637503
2027,11,MAMUSHË,Bujqesia;Pylltaria dhe Peshkimi,1.2959007155960902,0.5173733,0.54013395,0.5553076,0.57806826
2027,12,MAMUSHË,Bujqesia;Pylltaria dhe Peshkimi,1.2654181092276782,1.1343787,1.1663942,1.1877382,1.2197537
2027,1,MAMUSHË,Industria perpunuese,0.5467075447818512,0.5369498,0.5600041,0.57537353,0.5984278
2027,2,MAMUSHË,Industria perpunuese,0.522644407428421,0.5444288,0.56759524,0.5830395,0.60620594
2027,3,MAMUSHË,Industria perpunuese,0.2398367437125908,0.24398021,0.26263988,0.2750796,0.29373932
2027,4,MAMUSHË,Industria perpunuese,0.2115034953836394,0.18243131,0.20016778,0.21199214,0.22972858
2027,5,MAMUSHË,Industria perpunuese,-0.02148726317471966,-0.105107225,-0.091683865,-0.08273494,-0.06931156
2027,6,MAMUSHË,Industria perpunuese,-0.03341361326358099,-0.10064036,-0.08714998,-0.07815641,-0.06466603
2027,7,MAMUSHË,Industria perpunuese,0.03280991671803784,-0.011825578,0.0029970407,0.012878776,0.027701378
2027,8,MAMUSHË,Industria perpunuese,0.20888855547065996,0.13121091,0.14817905,0.15949118,0.17645931
2027,9,MAMUSHË,Industria perpunuese,0.3709102543643068,0.4411808,0.46279848,0.47721028,0.49882805
2027,10,MAMUSHË,Industria perpunuese,0.17780570216901892,0.10740946,0.12402058,0.13509464,0.15170586
2027,11,MAMUSHË,Industria perpunuese,0.5300949851354385,0.22734833,0.24575853,0.25803196,0.27644217
2027,12,MAMUSHË,Industria perpunuese,0.5790831011792391,0.4610486,0.48296428,0.4975748,0.5194905
2027,3,MAMUSHË,Informimi dhe komunikimi,1.119672732638155,0.7764362,0.8030827,0.82084703,0.84749365
2027,6,MAMUSHË,Informimi dhe komunikimi,1.2556467222657388,0.6305938,0.65505266,0.6713586,0.6958175
2027,9,MAMUSHË,Informimi dhe komunikimi,1.4305911752341636,0.6436064,0.66826046,0.68469656,0.7093506
2027,12,MAMUSHË,Informimi dhe komunikimi,1.360556400816487,0.9014925,0.93001485,0.9490297,0.97755206
2027,1,MAMUSHË,Ndertimtaria,2.0,2.0,2.045,2.0749998,2.12
2027,2,MAMUSHË,Ndertimtaria,0.37172959306111086,-0.008441753,0.0064315796,0.01634717,0.031220555
2027,3,MAMUSHË,Ndertimtaria,0.8493416387034863,0.7591585,0.7855458,0.8031374,0.82952476
2027,4,MAMUSHË,Ndertimtaria,1.407547115950583,1.5095747,1.5472183,1.572314,1.6099575
2027,5,MAMUSHË,Ndertimtaria,2.0,2.0,2.045,2.0749998,2.12
2027,6,MAMUSHË,Ndertimtaria,0.48084522085581427,0.558557,0.5819354,0.59752095,0.6208992
2027,7,MAMUSHË,Ndertimtaria,2.0,2.0,2.045,2.0749998,2.12
2027,8,MAMUSHË,Ndertimtaria,0.8175968574908264,1.1217372,1.1535633,1.1747806,1.2066066
2027,9,MAMUSHË,Ndertimtaria,0.2966867247984084,0.3443363,0.36450124,0.3779446,0.39810967
2027,10,MAMUSHË,Ndertimtaria,-0.23849073596624948,-0.19766122,-0.18562615,-0.17760277,-0.1655677
2027,11,MAMUSHË,Ndertimtaria,0.24663249010103958,0.3473461,0.3675562,0.38102973,0.40123987
2027,12,MAMUSHË,Ndertimtaria,0.13983358051981984,0.3091835,0.32882118,0.34191298,0.3615508
2027,3,MAMUSHË,Person Fizik,2.0,2.0,2.045,2.0749998,2.12
2027,6,MAMUSHË,Person Fizik,2.0,2.0,2.045,2.0749998,2.12
2027,3,MAMUSHË,Sherbimet administrative dhe mbeshtetese,1.4229923049053903,1.180453,1.2131596,1.2349641,1.2676709
2027,6,MAMUSHË,Sherbimet administrative dhe mbeshtetese,-0.6353367692913626,-1.0,-1.0,-1.0,-1.0
2027,7,MAMUSHË,Sherbimet administrative dhe mbeshtetese,-0.41184136627696766,-0.94548225,-0.9446645,-0.94411933,-0.94330156
2027,8,MAMUSHË,Sherbimet administrative dhe mbeshtetese,0.30433475740179183,-0.28598943,-0.27527928,-0.26813918,-0.257429
2027,9,MAMUSHË,Sherbimet administrative dhe mbeshtetese,0.5999928038470921,0.14651436,0.16371214,0.17517722,0.19237494
2027,10,MAMUSHË,Sherbimet administrative dhe mbeshtetese,1.7180797417190714,1.3758255,1.4114628,1.435221,1.4708583
2027,12,MAMUSHË,Sherbimet administrative dhe mbeshtetese,1.3922082995965652,2.0,2.045,2.0749998,2.12
2027,1,MAMUSHË,Tregtia me shumice dhe pakice; Riparimi i mjeteve motorike dhe motoeikletave,0.41784216151384246,0.37888387,0.39956713,0.41335595,0.43403912
2027,2,MAMUSHË,Tregtia me shumice dhe pakice; Riparimi i mjeteve motorike dhe motoeikletave,0.21633145108767166,0.097781174,0.11424792,0.12522566,0.1416924
2027,3,MAMUSHË,Tregtia me shumice dhe pakice; Riparimi i mjeteve motorike dhe motoeikletave,0.11833785162349486,0.021212919,0.03653109,0.046743274,0.06206143
2027,4,MAMUSHË,Tregtia me shumice dhe pakice; Riparimi i mjeteve motorike dhe motoeikletave,0.2207795907021847,0.08726798,0.10357702,0.11444962,0.13075864
2027,5,MAMUSHË,Tregtia me shumice dhe pakice; Riparimi i mjeteve motorike dhe motoeikletave,0.10431588288610927,0.057372928,0.073233485,0.08380723,0.09966779
2027,6,MAMUSHË,Tregtia me shumice dhe pakice; Riparimi i mjeteve motorike dhe motoeikletave,0.14190345556908357,0.104418695,0.12098503,0.13202918,0.14859545
2027,7,MAMUSHË,Tregtia me shumice dhe pakice; Riparimi i mjeteve motorike dhe motoeikletave,0.01473516236355263,-0.06876059,-0.054791987,-0.045479596,-0.03151101
2027,8,MAMUSHË,Tregtia me shumice dhe pakice; Riparimi i mjeteve motorike dhe motoeikletave,0.20817636774526907,0.1220511,0.13888192,0.15010238,0.16693318
2027,9,MAMUSHË,Tregtia me shumice dhe pakice; Riparimi i mjeteve motorike dhe motoeikletave,0.2548745585852754,0.19908759,0.21707392,0.22906482,0.24705112
2027,10,MAMUSHË,Tregtia me shumice dhe pakice; Riparimi i mjeteve motorike dhe motoeikletave,0.1885357561788858,0.082600415,0.0988394,0.109665394,0.12590432
2027,11,MAMUSHË,Tregtia me shumice dhe pakice; Riparimi i mjeteve motorike dhe motoeikletave,0.23397154905342413,0.1883438,0.20616889,0.21805239,0.23587751
2027,12,MAMUSHË,Tregtia me shumice dhe pakice; Riparimi i mjeteve motorike dhe motoeikletave,0.14784800406361742,0.16642971,0.18392622,0.1955905,0.21308696
2027,1,MITROVICË,Administrimi publik dhe mbrojtja; Sigurimi social i detyrueshem,0.24915303989678853,0.2051212,0.22319794,0.23524916,0.25332594
2027,2,MITROVICË,Administrimi publik dhe mbrojtja; Sigurimi social i detyrueshem,0.24586702425922619,0.16019255,0.17759538,0.1891973,0.20660019
2027,3,MITROVICË,Administrimi publik dhe mbrojtja; Sigurimi social i detyrueshem,0.15300354081866588,0.35917896,0.37956667,0.39315844,0.4135461
2027,4,MITROVICË,Administrimi publik dhe mbrojtja; Sigurimi social i detyrueshem,0.3123277886729133,0.24394272,0.26260185,0.27504122,0.29370046
2027,5,MITROVICË,Administrimi publik dhe mbrojtja; Sigurimi social i detyrueshem,0.0953780732483819,0.12689437,0.14379776,0.15506673,0.17197013
2027,6,MITROVICË,Administrimi publik dhe mbrojtja; Sigurimi social i detyrueshem,-0.0005418543392174238,0.16402808,0.1814884,0.1931287,0.21058917
2027,7,MITROVICË,Administrimi publik dhe mbrojtja; Sigurimi social i detyrueshem,0.333208684114853,0.13543402,0.15246558,0.16381991,0.18085134
2027,8,MITROVICË,Administrimi publik dhe mbrojtja; Sigurimi social i detyrueshem,0.09248630931123371,0.084560126,0.10082853,0.11167419,0.12794256
2027,9,MITROVICË,Administrimi publik dhe mbrojtja; Sigurimi social i detyrueshem,0.3283483634702595,0.26001763,0.2789179,0.2915181,0.31041825
2027,10,MITROVICË,Administrimi publik dhe mbrojtja; Sigurimi social i detyrueshem,0.2605523866634299,0.035800908,0.051337957,0.061695933,0.07723296
2027,11,MITROVICË,Administrimi publik dhe mbrojtja; Sigurimi social i detyrueshem,-0.14235082261780682,-0.13364913,-0.12065387,-0.11199033,-0.09899509
2027,12,MITROVICË,Administrimi publik dhe mbrojtja; Sigurimi social i detyrueshem,-0.05937955837760007,0.21480738,0.23302948,0.2451775,0.2633996
2027,1,MITROVICË,Akomodimi dhe sherbimi ushqimor,0.2427819796807259,0.15171477,0.1689905,0.18050766,0.19778335
2027,2,MITROVICË,Akomodimi dhe sherbimi ushqimor,0.28655670241735276,0.33983734,0.3599348,0.37333322,0.3934307
2027,3,MITROVICË,Akomodimi dhe sherbimi ushqimor,0.11646590096900515,0.35325512,0.373554,0.3870865,0.40738535
2027,4,MITROVICË,Akomodimi dhe sherbimi ushqimor,0.26480194202762086,0.5264814,0.54937863,0.5646434,0.5875406
2027,5,MITROVICË,Akomodimi dhe sherbimi ushqimor,0.12237891289687176,0.38835973,0.40918517,0.42306876,0.44389415
2027,6,MITROVICË,Akomodimi dhe sherbimi ushqimor,0.12436893946593758,0.42560187,0.44698584,0.46124184,0.48262584
2027,7,MITROVICË,Akomodimi dhe sherbimi ushqimor,0.08855037407123267,0.15510798,0.17243457,0.18398559,0.2013123
2027,8,MITROVICË,Akomodimi dhe sherbimi ushqimor,0.09116159252271709,0.18319738,0.20094538,0.21277726,0.23052526
2027,9,MITROVICË,Akomodimi dhe sherbimi ushqimor,0.10332052359830704,0.25723237,0.27609086,0.28866315,0.3075217
2027,10,MITROVICË,Akomodimi dhe sherbimi ushqimor,0.19568490056615828,0.5343387,0.55735373,0.57269716,0.5957122
2027,11,MITROVICË,Akomodimi dhe sherbimi ushqimor,0.5287893663431726,0.9278418,0.95675933,0.97603774,1.0049553
2027,12,MITROVICË,Akomodimi dhe sherbimi ushqimor,0.1007643998157577,0.30316073,0.322708,0.3357396,0.35528708
2027,1,MITROVICË,Aktivitetet e patundshmerise,0.5261349764911847,0.42049545,0.44180298,0.45600784,0.4773153
2027,2,MITROVICË,Aktivitetet e patundshmerise,-0.16804604584259952,-0.30968747,-0.2993328,-0.2924297,-0.28207505
2027,3,MITROVICË,Aktivitetet e patundshmerise,1.1239556914259154,0.6359236,0.6604625,0.6768217,0.70136046
2027,4,MITROVICË,Aktivitetet e patundshmerise,-0.5199329953724364,-0.5656034,-0.5590874,-0.55474347,-0.54822755
2027,5,MITROVICË,Aktivitetet e patundshmerise,0.21783346853571597,0.07160115,0.087675214,0.098391175,0.11446512
2027,6,MITROVICË,Aktivitetet e patundshmerise,1.1221717283326396,0.9609148,0.99032855,1.0099378,1.0393515
2027,7,MITROVICË,Aktivitetet e patundshmerise,0.30477182653007934,0.175184,0.19281173,0.20456362,0.22219133
2027,8,MITROVICË,Aktivitetet e patundshmerise,0.578348114083232,0.3530238,0.37331915,0.38684928,0.40714467
2027,9,MITROVICË,Aktivitetet e patundshmerise,1.0968684945569398,0.98759806,1.017412,1.037288,1.067102
2027,10,MITROVICË,Aktivitetet e patundshmerise,0.7332856820785668,0.5750953,0.59872174,0.6144726,0.6380991
2027,11,MITROVICË,Aktivitetet e patundshmerise,0.6425440195117741,0.54427415,0.5674381,0.58288085,0.606045
2027,12,MITROVICË,Aktivitetet e patundshmerise,1.0871883209427982,0.9625411,0.99197924,1.0116045,1.0410426
2027,1,MITROVICË,Aktivitetet e shendetit te njeriut dhe te punes sociale,0.47454255437135423,0.3841333,0.4048953,0.4187367,0.43949866
2027,2,MITROVICË,Aktivitetet e shendetit te njeriut dhe te punes sociale,0.6260792658537649,0.3777732,0.39843976,0.4122175,0.4328841
2027,3,MITROVICË,Aktivitetet e shendetit te njeriut dhe te punes sociale,0.16770189955643122,0.1279568,0.14487612,0.15615559,0.17307496
2027,4,MITROVICË,Aktivitetet e shendetit te njeriut dhe te punes sociale,0.7478104236381412,0.38851425,0.40934193,0.42322707,0.44405484
2027,5,MITROVICË,Aktivitetet e shendetit te njeriut dhe te punes sociale,0.2402693717075622,0.23202717,0.2505076,0.26282787,0.28130817
2027,6,MITROVICË,Aktivitetet e shendetit te njeriut dhe te punes sociale,0.21099874505527597,0.13699244,0.15404737,0.1654172,0.18247211
2027,7,MITROVICË,Aktivitetet e shendetit te njeriut dhe te punes sociale,-0.14416284497533857,-0.1380785,-0.12514973,-0.11653048,-0.103601694
2027,8,MITROVICË,Aktivitetet e shendetit te njeriut dhe te punes sociale,-0.10447837956584693,-0.0979173,-0.08438611,-0.075365245,-0.061834037
2027,9,MITROVICË,Aktivitetet e shendetit te njeriut dhe te punes sociale,0.15155799058869324,0.18244137,0.20017791,0.2120024,0.22973895
2027,10,MITROVICË,Aktivitetet e shendetit te njeriut dhe te punes sociale,0.28548521983084874,0.28154808,0.30077124,0.3135867,0.33280993
2027,11,MITROVICË,Aktivitetet e shendetit te njeriut dhe te punes sociale,0.41557994242780333,0.3775705,0.398234,0.41200972,0.43267334
2027,12,MITROVICË,Aktivitetet e shendetit te njeriut dhe te punes sociale,-0.06557029856637353,0.049643878,0.06538856,0.07588494,0.091629624
2027,1,MITROVICË,Aktivitetet e tjera sherbyese,0.21275357941641004,-0.18445697,-0.1722238,-0.1640684,-0.15183526
2027,2,MITROVICË,Aktivitetet e tjera sherbyese,1.2256034772952813,1.0231988,1.0535469,1.0737789,1.1041267
2027,3,MITROVICË,Aktivitetet e tjera sherbyese,0.044471031910490164,0.024648832,0.04001856,0.050264955,0.06563473
2027,4,MITROVICË,Aktivitetet e tjera sherbyese,1.1439864088393876,0.8625874,0.8905263,0.90915215,0.9370909
2027,5,MITROVICË,Aktivitetet e tjera sherbyese,-0.06973764662081657,-0.037752837,-0.023319185,-0.01369673,0.0007369518
2027,6,MITROVICË,Aktivitetet e tjera sherbyese,0.06919488084227989,0.007249848,0.022358537,0.032431006,0.04753983
2027,7,MITROVICË,Aktivitetet e tjera sherbyese,0.0585227807388709,-0.055571903,-0.0414055,-0.031961262,-0.017794847
2027,8,MITROVICË,Aktivitetet e tjera sherbyese,-0.004876489201535295,-0.14066386,-0.12777382,-0.1191805,-0.10629046
2027,9,MITROVICË,Aktivitetet e tjera sherbyese,0.024905742263438887,-0.108915456,-0.095549166,-0.08663833,-0.07327211
2027,10,MITROVICË,Aktivitetet e tjera sherbyese,0.3599866104454422,0.25654596,0.2753942,0.2879597,0.30680776
2027,11,MITROVICË,Aktivitetet e tjera sherbyese,0.5941791828673388,0.31762096,0.3373853,0.3505615,0.3703258
2027,12,MITROVICË,Aktivitetet e tjera sherbyese,-0.08523016737810378,-0.031433392,-0.01690489,-0.007219255,0.0073091984
2027,1,MITROVICË,Aktivitetet financiare dhe te sigurimit,0.30548805966144277,-0.0033390964,0.011610746,0.021577358,0.036527276
2027,2,MITROVICË,Aktivitetet financiare dhe te sigurimit,0.34548498557987195,-0.17960264,-0.16729665,-0.15909272,-0.14678675
2027,3,MITROVICË,Aktivitetet financiare dhe te sigurimit,0.25296803405347407,-0.044996608,-0.030671597,-0.021121562,-0.006796539
2027,4,MITROVICË,Aktivitetet financiare dhe te sigurimit,-0.037767658746392055,-0.37907988,-0.36976606,-0.36355686,-0.3542431
2027,5,MITROVICË,Aktivitetet financiare dhe te sigurimit,-0.16107437761383986,-0.4757818,-0.46791852,-0.46267635,-0.45481306
2027,6,MITROVICË,Aktivitetet financiare dhe te sigurimit,-0.04915590799426268,-0.42299777,-0.41434276,-0.40857273,-0.39991772
2027,7,MITROVICË,Aktivitetet financiare dhe te sigurimit,-0.1210711377958282,-0.28510708,-0.27438366,-0.26723474,-0.2565114
2027,8,MITROVICË,Aktivitetet financiare dhe te sigurimit,-0.23742599505234793,-0.34337586,-0.3335265,-0.32696027,-0.3171109
2027,9,MITROVICË,Aktivitetet financiare dhe te sigurimit,0.21710701869246946,-0.1301346,-0.11708659,-0.10838795,-0.09534001
2027,10,MITROVICË,Aktivitetet financiare dhe te sigurimit,-0.26474926992117426,-0.28953633,-0.2788794,-0.27177477,-0.26111782
2027,11,MITROVICË,Aktivitetet financiare dhe te sigurimit,-0.15952764763845448,-0.32843468,-0.31836122,-0.31164557,-0.30157214
2027,12,MITROVICË,Aktivitetet financiare dhe te sigurimit,-0.3759051353627796,-0.50018126,-0.492684,-0.4876858,-0.48018855
2027,1,MITROVICË,"Aktivitetet profesionale, shkencore dhe teknike",0.4541373229241932,0.37618804,0.3968308,0.41059268,0.43123555
2027,2,MITROVICË,"Aktivitetet profesionale, shkencore dhe teknike",0.29397011426521025,0.2997923,0.3192892,0.33228707,0.351784
2027,3,MITROVICË,"Aktivitetet profesionale, shkencore dhe teknike",0.09575373599229925,0.04052604,0.056133866,0.06653917,0.082147
2027,4,MITROVICË,"Aktivitetet profesionale, shkencore dhe teknike",0.257476166515701,0.055577345,0.07141101,0.08196676,0.09780049
2027,5,MITROVICË,"Aktivitetet profesionale, shkencore dhe teknike",0.0286374457519933,-0.068616495,-0.054645777,-0.045331955,-0.031361222
2027,6,MITROVICË,"Aktivitetet profesionale, shkencore dhe teknike",-0.020784281035242495,-0.055877183,-0.041715384,-0.032274187,-0.018112361
2027,7,MITROVICË,"Aktivitetet profesionale, shkencore dhe teknike",0.028630273264496353,0.07403683,0.090147376,0.100887775,0.116998315
2027,8,MITROVICË,"Aktivitetet profesionale, shkencore dhe teknike",-0.08288618711727223,-0.1442719,-0.13143599,-0.12287873,-0.11004281
2027,9,MITROVICË,"Aktivitetet profesionale, shkencore dhe teknike",-0.011738380992553338,0.030479057,0.045936227,0.056241035,0.07169819
2027,10,MITROVICË,"Aktivitetet profesionale, shkencore dhe teknike",0.32445397073755317,0.21761619,0.23588037,0.24805653,0.26632082
2027,11,MITROVICË,"Aktivitetet profesionale, shkencore dhe teknike",0.286759531358643,0.21698144,0.23523617,0.24740589,0.26566064
2027,12,MITROVICË,"Aktivitetet profesionale, shkencore dhe teknike",-0.007365253989990416,-0.03640591,-0.021952033,-0.012316108,0.0021377802
2027,1,MITROVICË,Arsimi,0.2697118704256521,0.045463633,0.061145663,0.0716002,0.08728218
2027,2,MITROVICË,Arsimi,0.14245920959291933,-0.08311978,-0.069366574,-0.06019777,-0.046444595
2027,3,MITROVICË,Arsimi,0.15070832726324415,0.055307772,0.07113731,0.08169043,0.097519994
2027,4,MITROVICË,Arsimi,0.22376554927663705,0.032068003,0.04754901,0.057869673,0.07335067
2027,5,MITROVICË,Arsimi,-0.06240369186109512,-0.042257126,-0.02789098,-0.018313587,-0.003947437
2027,6,MITROVICË,Arsimi,0.16658750147591717,-0.002828469,0.012129068,0.022100806,0.037058353
2027,7,MITROVICË,Arsimi,0.35595554269446833,0.44914937,0.4708866,0.48537803,0.50711524
2027,8,MITROVICË,Arsimi,0.038711087439569795,0.16203785,0.1794684,0.1910888,0.20851934
2027,9,MITROVICË,Arsimi,0.22156622555035285,0.09294823,0.109342456,0.12027192,0.13666606
2027,10,MITROVICË,Arsimi,0.0702307623457287,-0.014778302,0.0,0.009852171,0.024630547
2027,11,MITROVICË,Arsimi,-0.08449561487222733,-0.16722277,-0.1547311,-0.14640331,-0.13391167
2027,12,MITROVICË,Arsimi,-0.027258616982929525,-0.061612677,-0.04753685,-0.038152993,-0.024077237
2027,1,MITROVICË,"Artet, Argetimi dhe rekreacioni",0.4396333651913369,-0.16230614,-0.14974076,-0.1413638,-0.12879843
2027,2,MITROVICË,"Artet, Argetimi dhe rekreacioni",-0.15045347449174298,-0.4559736,-0.4478132,-0.44237298,-0.43421257
2027,3,MITROVICË,"Artet, Argetimi dhe rekreacioni",0.24219112468620788,0.21067655,0.22883666,0.24094343,0.25910354
2027,4,MITROVICË,"Artet, Argetimi dhe rekreacioni",-0.08783460909806541,-0.17989928,-0.16759777,-0.15939677,-0.14709526
2027,5,MITROVICË,"Artet, Argetimi dhe rekreacioni",-0.19536203801528187,-0.22017185,-0.20847446,-0.2006762,-0.18897879
2027,6,MITROVICË,"Artet, Argetimi dhe rekreacioni",-0.19769873478927522,-0.23389193,-0.22240037,-0.21473926,-0.20324767
2027,7,MITROVICË,"Artet, Argetimi dhe rekreacioni",-0.4228869877771723,-0.49235737,-0.48474276,-0.4796663,-0.47205168
2027,8,MITROVICË,"Artet, Argetimi dhe rekreacioni",-0.051949753810952626,-0.14434776,-0.131513,-0.122956514,-0.11012173
2027,9,MITROVICË,"Artet, Argetimi dhe rekreacioni",-0.016218623667428805,-0.011297496,0.0035330057,0.013419986,0.028250575
2027,10,MITROVICË,"Artet, Argetimi dhe rekreacioni",0.13457324983987862,-0.1862811,-0.1740753,-0.16593814,-0.15373236
2027,11,MITROVICË,"Artet, Argetimi dhe rekreacioni",0.8392886184101143,0.7484442,0.77467084,0.79215527,0.8183819
2027,12,MITROVICË,"Artet, Argetimi dhe rekreacioni",0.007706782443945636,0.032517627,0.04800546,0.058330536,0.073818326
2027,1,MITROVICË,Bujqesia;Pylltaria dhe Peshkimi,0.38783958276736324,0.1840965,0.20185792,0.21369886,0.23146021
2027,2,MITROVICË,Bujqesia;Pylltaria dhe Peshkimi,0.40940765781831895,0.23998778,0.25858748,0.2709874,0.28958714
2027,3,MITROVICË,Bujqesia;Pylltaria dhe Peshkimi,0.22819210518149044,0.1792973,0.1969868,0.2087797,0.22646916
2027,4,MITROVICË,Bujqesia;Pylltaria dhe Peshkimi,0.15834668853494124,0.09254638,0.10893452,0.119859934,0.13624811
2027,5,MITROVICË,Bujqesia;Pylltaria dhe Peshkimi,0.14551735951030687,0.121095866,0.13791227,0.14912331,0.16593969
2027,6,MITROVICË,Bujqesia;Pylltaria dhe Peshkimi,0.37022653993788274,0.2909339,0.31029785,0.32320714,0.34257114
2027,7,MITROVICË,Bujqesia;Pylltaria dhe Peshkimi,1.0407120779364385,0.9324425,0.961429,0.9807534,1.0097401
2027,8,MITROVICË,Bujqesia;Pylltaria dhe Peshkimi,0.6773882072714276,0.32474446,0.34461558,0.35786307,0.37773418
2027,9,MITROVICË,Bujqesia;Pylltaria dhe Peshkimi,-0.09399786884415735,-0.06593497,-0.05192399,-0.042583346,-0.02857238
2027,10,MITROVICË,Bujqesia;Pylltaria dhe Peshkimi,0.19368339493852568,0.110950194,0.1276145,0.13872397,0.15538824
2027,11,MITROVICË,Bujqesia;Pylltaria dhe Peshkimi,0.01131844449069835,-0.056825984,-0.042678416,-0.033246696,-0.019099057
2027,12,MITROVICË,Bujqesia;Pylltaria dhe Peshkimi,0.14956748669458547,0.2631426,0.2820897,0.29472113,0.31366825
2027,1,MITROVICË,"Furnizimi me rryme, gaz, avull dhe ajer te kondicionuar",-0.5421676447621104,-1.0,-1.0,-1.0,-1.0
2027,1,MITROVICË,Furnizimi me uje; Kanalizimi; Aktivitetet e menaxhimit dhe te trajtimit te mbeturinave,0.12057622719203517,0.016852006,0.03210473,0.042273283,0.05752611
2027,2,MITROVICË,Furnizimi me uje; Kanalizimi; Aktivitetet e menaxhimit dhe te trajtimit te mbeturinave,0.00578405627977694,-0.07547812,-0.06161034,-0.052365124,-0.03849727
2027,3,MITROVICË,Furnizimi me uje; Kanalizimi; Aktivitetet e menaxhimit dhe te trajtimit te mbeturinave,0.10485020003643053,0.015458232,0.030690074,0.04084468,0.056076527
2027,4,MITROVICË,Furnizimi me uje; Kanalizimi; Aktivitetet e menaxhimit dhe te trajtimit te mbeturinave,0.13748806872728514,0.035447523,0.050979137,0.061333656,0.076865315
2027,5,MITROVICË,Furnizimi me uje; Kanalizimi; Aktivitetet e menaxhimit dhe te trajtimit te mbeturinave,0.12386894307046868,0.06415773,0.08012009,0.09076166,0.106724024
2027,6,MITROVICË,Furnizimi me uje; Kanalizimi; Aktivitetet e menaxhimit dhe te trajtimit te mbeturinave,0.13394038453181442,0.094253704,0.11066747,0.121609926,0.13802373
2027,7,MITROVICË,Furnizimi me uje; Kanalizimi; Aktivitetet e menaxhimit dhe te trajtimit te mbeturinave,0.11483528190923757,0.00030815174,0.015312791,0.02531588,0.040320396
2027,8,MITROVICË,Furnizimi me uje; Kanalizimi; Aktivitetet e menaxhimit dhe te trajtimit te mbeturinave,0.14308582669395706,0.06949981,0.08554232,0.0962373,0.11227977
2027,9,MITROVICË,Furnizimi me uje; Kanalizimi; Aktivitetet e menaxhimit dhe te trajtimit te mbeturinave,0.17062202010545793,0.15600272,0.17334282,0.18490279,0.20224285
2027,10,MITROVICË,Furnizimi me uje; Kanalizimi; Aktivitetet e menaxhimit dhe te trajtimit te mbeturinave,0.1453240386950607,0.051350154,0.06712031,0.07763386,0.093404055
2027,11,MITROVICË,Furnizimi me uje; Kanalizimi; Aktivitetet e menaxhimit dhe te trajtimit te mbeturinave,0.16936282256438312,0.07985631,0.09605408,0.10685265,0.12305045
2027,12,MITROVICË,Furnizimi me uje; Kanalizimi; Aktivitetet e menaxhimit dhe te trajtimit te mbeturinave,0.11247162594051614,0.06579463,0.08178151,0.09243941,0.10842633
2027,1,MITROVICË,Industria nxjerrese,0.20850117565548534,-0.0060808463,0.008827925,0.018767118,0.03367591
2027,2,MITROVICË,Industria nxjerrese,-0.009634193775070056,-0.10177584,-0.08830249,-0.07932025,-0.06584692
2027,3,MITROVICË,Industria nxjerrese,0.042365395775337475,0.01553466,0.03076768,0.040923,0.05615604
2027,4,MITROVICË,Industria nxjerrese,0.25175647947350255,0.1072523,0.123861074,0.13493359,0.15154243
2027,5,MITROVICË,Industria nxjerrese,0.07947930972412184,0.010973923,0.026138544,0.036248207,0.05141282
2027,6,MITROVICË,Industria nxjerrese,0.0774464602192934,0.034209862,0.04972303,0.06006503,0.07557821
2027,7,MITROVICË,Industria nxjerrese,0.12789733775990372,0.1532536,0.17055237,0.18208492,0.19938362
2027,8,MITROVICË,Industria nxjerrese,0.3136810545059139,0.21642031,0.23466659,0.24683082,0.2650771
2027,9,MITROVICË,Industria nxjerrese,0.02252918722169357,-0.049361706,-0.03510213,-0.025595784,-0.011336207
2027,10,MITROVICË,Industria nxjerrese,0.0801864422377377,-0.06336346,-0.049313903,-0.03994757,-0.02589798
2027,11,MITROVICË,Industria nxjerrese,0.10921241387173998,0.22944526,0.2478869,0.2601813,0.27862298
2027,12,MITROVICË,Industria nxjerrese,0.08559628762305405,0.05202603,0.06780636,0.0783267,0.09410703
2027,1,MITROVICË,Industria perpunuese,0.08541618651550487,0.16861537,0.18614459,0.19783068,0.21535993
2027,2,MITROVICË,Industria perpunuese,0.06912157816275476,0.08177663,0.09800327,0.108821034,0.12504768
2027,3,MITROVICË,Industria perpunuese,0.06908751894652991,0.076847315,0.093000054,0.10376847,0.11992121
2027,4,MITROVICË,Industria perpunuese,0.06863058251048915,0.08741956,0.1037308,0.11460495,0.13091624
2027,5,MITROVICË,Industria perpunuese,0.06863058251048915,0.098637365,0.115116835,0.12610328,0.14258277
2027,6,MITROVICË,Industria perpunuese,0.06937829870578086,0.13540603,0.15243709,0.16379118,0.18082225
2027,7,MITROVICË,Industria perpunuese,0.06937829870578086,0.11986693,0.13666499,0.14786363,0.16466165
2027,8,MITROVICË,Industria perpunuese,0.06937829870578086,0.123280846,0.14013004,0.1513629,0.16821206
2027,9,MITROVICË,Industria perpunuese,0.06789328706416138,0.09338418,0.10978484,0.12071872,0.13711941
2027,10,MITROVICË,Industria perpunuese,0.06789328706416138,0.062024456,0.07795477,0.088575006,0.10450542
2027,11,MITROVICË,Industria perpunuese,0.06937829870578086,0.09407798,0.11048913,0.12142992,0.13784099
2027,12,MITROVICË,Industria perpunuese,0.06789328706416138,0.14420843,0.16137159,0.17281365,0.18997669
2027,1,MITROVICË,Informimi dhe komunikimi,-0.16878619069114387,-0.200868,-0.18888104,-0.18088973,-0.16890275
2027,2,MITROVICË,Informimi dhe komunikimi,-0.27935009586464377,-0.17253603,-0.16012406,-0.15184945,-0.1394375
2027,3,MITROVICË,Informimi dhe komunikimi,0.024407590143986687,-0.0098567,0.0049954653,0.01489687,0.029749036
2027,4,MITROVICË,Informimi dhe komunikimi,-0.0781219400564541,-0.086729586,-0.07303053,-0.06389785,-0.050198793
2027,5,MITROVICË,Informimi dhe komunikimi,-0.10151266011477977,-0.049968563,-0.035718083,-0.026217759,-0.011967301
2027,6,MITROVICË,Informimi dhe komunikimi,-0.0973697212634933,-0.07993526,-0.066134274,-0.05693364,-0.043132722
2027,7,MITROVICË,Informimi dhe komunikimi,-0.1457512040707237,-0.097661905,-0.08412683,-0.07510346,-0.06156844
2027,8,MITROVICË,Informimi dhe komunikimi,-0.12893455022307607,-0.094272874,-0.08068699,-0.0716297,-0.058043778
2027,9,MITROVICË,Informimi dhe komunikimi,0.040502446716370294,0.035752136,0.051288486,0.061645985,0.077182174
2027,10,MITROVICË,Informimi dhe komunikimi,-0.06524017645988879,-0.13474084,-0.12176198,-0.11310935,-0.1001305
2027,11,MITROVICË,Informimi dhe komunikimi,-0.04278426917083927,-0.03672086,-0.022271693,-0.0126389265,0.0018103123
2027,12,MITROVICË,Informimi dhe komunikimi,0.015206281748705752,0.1651371,0.18261409,0.19426548,0.21174252
2027,1,MITROVICË,Mungon aktiviteti,0.2471971859715589,-0.45272845,-0.4445194,-0.43904668,-0.43083763
2027,2,MITROVICË,Mungon aktiviteti,-0.19924492349764905,-0.59825045,-0.59222424,-0.5882067,-0.5821805
2027,3,MITROVICË,Mungon aktiviteti,-0.2579238273476969,-0.44925544,-0.44099432,-0.43548685,-0.4272257
2027,4,MITROVICË,Mungon aktiviteti,0.19748254630327125,-0.05045889,-0.036215782,-0.026720405,-0.012477279
2027,5,MITROVICË,Mungon aktiviteti,-0.1925682368322846,-0.3350959,-0.32512236,-0.31847328,-0.30849975
2027,6,MITROVICË,Mungon aktiviteti,-0.5200511028328452,-0.6603062,-0.65521085,-0.65181386,-0.6467185
2027,7,MITROVICË,Mungon aktiviteti,-0.5034640246943483,-0.4570318,-0.4488873,-0.4434576,-0.4353131
2027,8,MITROVICË,Mungon aktiviteti,-0.668948311976439,-0.6224472,-0.6167839,-0.6130084,-0.6073451
2027,9,MITROVICË,Mungon aktiviteti,1.6333585731892681,1.323856,1.3587136,1.3819523,1.41681
2027,10,MITROVICË,Mungon aktiviteti,1.2673992061036026,1.2689592,1.3029933,1.3256829,1.3597174
2027,11,MITROVICË,Mungon aktiviteti,1.9197682628478578,1.5348358,1.5728583,1.5982068,1.636229
2027,12,MITROVICË,Mungon aktiviteti,-0.06562058618522663,-0.33999082,-0.3300907,-0.32349062,-0.31359053
2027,1,MITROVICË,Ndertimtaria,0.09312707224023153,0.18336976,0.20112026,0.21295393,0.23070455
2027,2,MITROVICË,Ndertimtaria,0.083244374212514,0.12674855,0.14364982,0.15491724,0.1718185
2027,3,MITROVICË,Ndertimtaria,0.0662576960773758,0.0653211,0.081300855,0.09195411,0.10793388
2027,4,MITROVICË,Ndertimtaria,0.08260303977890675,0.116524205,0.13327205,0.14443731,0.16118515
2027,5,MITROVICË,Ndertimtaria,0.078400195598596,0.11330433,0.13000393,0.141137,0.15783656
2027,6,MITROVICË,Ndertimtaria,0.08978225723484962,0.20831959,0.22644436,0.23852754,0.25665224
2027,7,MITROVICË,Ndertimtaria,0.07049538076548839,0.054184366,0.06999707,0.08053887,0.09635162
2027,8,MITROVICË,Ndertimtaria,0.06937829870578086,0.10723663,0.1238451,0.1349175,0.1515261
2027,9,MITROVICË,Ndertimtaria,0.06789328706416138,0.08495436,0.101228714,0.11207819,0.12835252
2027,10,MITROVICË,Ndertimtaria,0.06629506295739529,-0.00842755,0.006446004,0.016361713,0.031235337
2027,11,MITROVICË,Ndertimtaria,0.08733187312169548,0.13802406,0.15509439,0.1664747,0.183545
2027,12,MITROVICË,Ndertimtaria,0.06557725633557603,0.025549041,0.040932298,0.051187754,0.066571
2027,1,MITROVICË,Person Fizik,0.2645421405277087,-0.30806416,-0.29768515,-0.29076576,-0.28038675
2027,2,MITROVICË,Person Fizik,-0.5266278539177521,-0.5555514,-0.5488847,-0.5444402,-0.5377735
2027,3,MITROVICË,Person Fizik,0.12260665746749548,-0.19821167,-0.18618488,-0.17816699,-0.16614014
2027,4,MITROVICË,Person Fizik,-0.14147675986658806,-0.35027727,-0.34053147,-0.33403426,-0.32428843
2027,5,MITROVICË,Person Fizik,-0.165408497614681,-0.32962435,-0.31956875,-0.31286496,-0.30280936
2027,6,MITROVICË,Person Fizik,-0.39386840352424973,-0.3899865,-0.3808363,-0.3747362,-0.36558598
2027,7,MITROVICË,Person Fizik,-0.6891776189442435,-0.6134747,-0.60767686,-0.6038116,-0.59801376
2027,8,MITROVICË,Person Fizik,0.021509762903794326,-0.17175977,-0.15933621,-0.15105379,-0.13863021
2027,9,MITROVICË,Person Fizik,0.24288914638532105,-0.07000502,-0.05605507,-0.046755135,-0.032805264
2027,10,MITROVICË,Person Fizik,0.6301315905728105,-0.033359513,-0.018859923,-0.00919354,0.0053060055
2027,11,MITROVICË,Person Fizik,-0.6234574807798109,-0.6176274,-0.6118918,-0.6080681,-0.6023325
2027,12,MITROVICË,Person Fizik,-0.24106157169147246,-0.5080207,-0.500641,-0.49572122,-0.48834157
2027,1,MITROVICË,Sherbimet administrative dhe mbeshtetese,0.2911291990324739,0.25759146,0.27645528,0.28903127,0.30789506
2027,2,MITROVICË,Sherbimet administrative dhe mbeshtetese,0.16148357426273482,-0.004427108,0.0105063915,0.020462155,0.03539574
2027,3,MITROVICË,Sherbimet administrative dhe mbeshtetese,0.2666157649512077,0.34341562,0.36356688,0.37700093,0.3971522
2027,4,MITROVICË,Sherbimet administrative dhe mbeshtetese,0.24752437515002962,0.15371524,0.17102098,0.18255806,0.19986379
2027,5,MITROVICË,Sherbimet administrative dhe mbeshtetese,0.7024130998735533,0.49355507,0.5159584,0.5308939,0.55329716
2027,6,MITROVICË,Sherbimet administrative dhe mbeshtetese,0.4770212388986753,0.6795967,0.7047906,0.7215866,0.7467805
2027,7,MITROVICË,Sherbimet administrative dhe mbeshtetese,0.11195204842050849,0.039979793,0.055579543,0.06597924,0.08157897
2027,8,MITROVICË,Sherbimet administrative dhe mbeshtetese,1.6614450415202675,1.4284717,1.4648986,1.4891832,1.5256104
2027,9,MITROVICË,Sherbimet administrative dhe mbeshtetese,0.542497954217525,0.5462808,0.56947505,0.5849378,0.608132
2027,10,MITROVICË,Sherbimet administrative dhe mbeshtetese,0.6357050525353226,0.3465819,0.36678064,0.3802464,0.4004451
2027,11,MITROVICË,Sherbimet administrative dhe mbeshtetese,0.6541849608323814,0.4324123,0.45389843,0.4682225,0.48970866
2027,12,MITROVICË,Sherbimet administrative dhe mbeshtetese,0.26097059924462873,0.43321872,0.45471692,0.4690491,0.49054742
2027,1,MITROVICË,Transporti dhe magazinimi,0.2928763048984024,0.18426484,0.20202887,0.21387148,0.23163545
2027,2,MITROVICË,Transporti dhe magazinimi,0.1005146604772424,-0.013332249,0.0014677048,0.011334419,0.026134372
2027,3,MITROVICË,Transporti dhe magazinimi,0.03371819483636411,0.02700353,0.042408586,0.052678585,0.068083644
2027,4,MITROVICË,Transporti dhe magazinimi,-0.03673149586998168,-0.016437355,-0.0016839504,0.00815165,0.022905111
2027,5,MITROVICË,Transporti dhe magazinimi,0.0010757899229831673,-0.015140432,-0.00036752224,0.009481072,0.024253964
2027,6,MITROVICË,Transporti dhe magazinimi,0.02166243790955006,0.050789427,0.06655133,0.07705915,0.092821
2027,7,MITROVICË,Transporti dhe magazinimi,0.03497623294258848,0.03424315,0.049756765,0.060099125,0.07561278
2027,8,MITROVICË,Transporti dhe magazinimi,0.11789420877742188,0.1364557,0.15350246,0.16486704,0.18191385
2027,9,MITROVICË,Transporti dhe magazinimi,0.06332532035319033,0.04558061,0.061264277,0.07172012,0.087403774
2027,10,MITROVICË,Transporti dhe magazinimi,0.09316561782955585,0.06368804,0.07964337,0.090280175,0.106235504
2027,11,MITROVICË,Transporti dhe magazinimi,0.09208203317534075,0.050433878,0.06619036,0.07669473,0.092451215
2027,12,MITROVICË,Transporti dhe magazinimi,0.07023579211116353,0.15847947,0.17585659,0.18744147,0.2048186
2027,1,MITROVICË,Tregtia me shumice dhe pakice; Riparimi i mjeteve motorike dhe motoeikletave,0.07098846413584058,0.08021614,0.09641945,0.1072216,0.12342477
2027,2,MITROVICË,Tregtia me shumice dhe pakice; Riparimi i mjeteve motorike dhe motoeikletave,0.06789328706416138,0.052180406,0.06796312,0.07848489,0.09426761
2027,3,MITROVICË,Tregtia me shumice dhe pakice; Riparimi i mjeteve motorike dhe motoeikletave,0.06789328706416138,0.057082474,0.07293868,0.083509445,0.09936571
2027,4,MITROVICË,Tregtia me shumice dhe pakice; Riparimi i mjeteve motorike dhe motoeikletave,0.06789328706416138,0.05061912,0.066378355,0.07688463,0.09264386
2027,5,MITROVICË,Tregtia me shumice dhe pakice; Riparimi i mjeteve motorike dhe motoeikletave,0.06789328706416138,0.058507614,0.074385166,0.084970236,0.10084784
2027,6,MITROVICË,Tregtia me shumice dhe pakice; Riparimi i mjeteve motorike dhe motoeikletave,0.06789328706416138,0.0531722,0.068969846,0.07950151,0.095299125
2027,7,MITROVICË,Tregtia me shumice dhe pakice; Riparimi i mjeteve motorike dhe motoeikletave,0.06789328706416138,0.04995505,0.065704346,0.07620382,0.09195316
2027,8,MITROVICË,Tregtia me shumice dhe pakice; Riparimi i mjeteve motorike dhe motoeikletave,0.06789328706416138,0.04995505,0.065704346,0.07620382,0.09195316
2027,9,MITROVICË,Tregtia me shumice dhe pakice; Riparimi i mjeteve motorike dhe motoeikletave,0.06789328706416138,0.04747307,0.063185096,0.0736599,0.08937192
2027,10,MITROVICË,Tregtia me shumice dhe pakice; Riparimi i mjeteve motorike dhe motoeikletave,0.06789328706416138,0.040220425,0.055823684,0.06622589,0.08182919
2027,11,MITROVICË,Tregtia me shumice dhe pakice; Riparimi i mjeteve motorike dhe motoeikletave,0.06789328706416138,0.046265304,0.061959386,0.07242203,0.08811593
2027,12,MITROVICË,Tregtia me shumice dhe pakice; Riparimi i mjeteve motorike dhe motoeikletave,0.06789328706416138,0.11032698,0.12698185,0.13808513,0.1547401
2027,1,MITROVICË VERIORE,Akomodimi dhe sherbimi ushqimor,1.3819988471213027,0.44044477,0.4620514,0.4764558,0.4980625
2027,2,MITROVICË VERIORE,Akomodimi dhe sherbimi ushqimor,0.780993802227487,0.38410568,0.4048673,0.41870832,0.4394698
2027,3,MITROVICË VERIORE,Akomodimi dhe sherbimi ushqimor,1.0438293373097227,0.3547872,0.37510908,0.38865685,0.4089787
2027,4,MITROVICË VERIORE,Akomodimi dhe sherbimi ushqimor,2.0,2.0,2.045,2.0749998,2.12
2027,5,MITROVICË VERIORE,Akomodimi dhe sherbimi ushqimor,2.0,1.730229,1.7711823,1.7984846,1.839438
2027,6,MITROVICË VERIORE,Akomodimi dhe sherbimi ushqimor,1.3028673740768297,0.9216253,0.9504497,0.969666,0.99849033
2027,7,MITROVICË VERIORE,Akomodimi dhe sherbimi ushqimor,2.0,2.0,2.045,2.0749998,2.12
2027,8,MITROVICË VERIORE,Akomodimi dhe sherbimi ushqimor,1.7584671413273403,1.8214504,1.8637719,1.8919864,1.934308
2027,9,MITROVICË VERIORE,Akomodimi dhe sherbimi ushqimor,0.7788596387628283,0.73027414,0.7562283,0.77353096,0.7994851
2027,10,MITROVICË VERIORE,Akomodimi dhe sherbimi ushqimor,2.0,2.0,2.045,2.0749998,2.12
2027,11,MITROVICË VERIORE,Akomodimi dhe sherbimi ushqimor,2.0,2.0,2.045,2.0749998,2.12
2027,12,MITROVICË VERIORE,Akomodimi dhe sherbimi ushqimor,0.9146183637034291,1.0902523,1.1216061,1.1425087,1.1738625
2027,12,MITROVICË VERIORE,Aktivitetet e shendetit te njeriut dhe te punes sociale,2.0,2.0,2.045,2.0749998,2.12
2027,3,MITROVICË VERIORE,Aktivitetet e tjera sherbyese,1.839225106086454,2.0,2.045,2.0749998,2.12
2027,6,MITROVICË VERIORE,Aktivitetet e tjera sherbyese,0.9130934851849642,0.6937341,0.7191402,0.7360774,0.76148343
2027,9,MITROVICË VERIORE,Aktivitetet e tjera sherbyese,1.514781901220873,1.1495397,1.1817827,1.2032781,1.2355213
2027,12,MITROVICË VERIORE,Aktivitetet e tjera sherbyese,0.27305321772218216,-0.23097554,-0.21944016,-0.21174991,-0.20021456
2027,3,MITROVICË VERIORE,Aktivitetet financiare dhe te sigurimit,0.37942626125991635,-0.017113524,-0.0023702383,0.007458687,0.022201896
2027,12,MITROVICË VERIORE,Aktivitetet financiare dhe te sigurimit,0.46525746314592603,0.19226782,0.21015179,0.22207439,0.2399584
2027,1,MITROVICË VERIORE,"Aktivitetet profesionale, shkencore dhe teknike",0.1283222161361079,-0.38831446,-0.37913918,-0.37302238,-0.36384708
2027,2,MITROVICË VERIORE,"Aktivitetet profesionale, shkencore dhe teknike",-0.2189904258232611,-0.81039345,-0.80754936,-0.8056533,-0.8028092
2027,3,MITROVICË VERIORE,"Aktivitetet profesionale, shkencore dhe teknike",-0.05341709480696841,-0.24524517,-0.23392385,-0.2263763,-0.21505499
2027,4,MITROVICË VERIORE,"Aktivitetet profesionale, shkencore dhe teknike",0.6368884476757443,0.22863932,0.24706888,0.2593553,0.27778494
2027,5,MITROVICË VERIORE,"Aktivitetet profesionale, shkencore dhe teknike",-0.43766522273553715,-0.78657293,-0.7833715,-0.78123724,-0.7780359
2027,6,MITROVICË VERIORE,"Aktivitetet profesionale, shkencore dhe teknike",0.031487242162237514,-0.1602155,-0.14761877,-0.1392209,-0.12662417
2027,7,MITROVICË VERIORE,"Aktivitetet profesionale, shkencore dhe teknike",0.882513117007951,0.4730556,0.4951514,0.509882,0.5319778
2027,8,MITROVICË VERIORE,"Aktivitetet profesionale, shkencore dhe teknike",2.0,1.4739869,1.5110967,1.5358365,1.5729463
2027,9,MITROVICË VERIORE,"Aktivitetet profesionale, shkencore dhe teknike",0.2812072788085646,-0.22733043,-0.21574044,-0.20801371,-0.19642371
2027,10,MITROVICË VERIORE,"Aktivitetet profesionale, shkencore dhe teknike",1.447841345444944,1.3708024,1.4063644,1.4300723,1.4656343
2027,11,MITROVICË VERIORE,"Aktivitetet profesionale, shkencore dhe teknike",0.0633037661663367,-0.21181557,-0.19999284,-0.19211102,-0.18028826
2027,12,MITROVICË VERIORE,"Aktivitetet profesionale, shkencore dhe teknike",0.4778262015973878,0.47211176,0.49419332,0.5089145,0.5309961
2027,1,MITROVICË VERIORE,Arsimi,2.0,1.1747625,1.2073839,1.2291315,1.2617528
2027,2,MITROVICË VERIORE,Arsimi,0.5999183677844577,0.1984038,0.21637988,0.22836387,0.24633992
2027,3,MITROVICË VERIORE,Arsimi,-0.34405767603101123,-0.42965025,-0.421095,-0.4153915,-0.40683627
2027,4,MITROVICË VERIORE,Arsimi,0.4691810554278125,-0.00452068,0.010411501,0.020366311,0.035298467
2027,5,MITROVICË VERIORE,Arsimi,0.7170443004889463,0.22326747,0.24161649,0.25384915,0.27219808
2027,6,MITROVICË VERIORE,Arsimi,0.8725423220998969,0.5456442,0.56882894,0.5842854,0.60747004
2027,7,MITROVICË VERIORE,Arsimi,0.5414930873227546,0.16828366,0.18580794,0.19749081,0.21501505
2027,8,MITROVICË VERIORE,Arsimi,0.5382461141433093,0.31782967,0.337597,0.35077536,0.37054276
2027,9,MITROVICË VERIORE,Arsimi,0.6952102042234725,0.1748097,0.19243181,0.20417988,0.221802
2027,10,MITROVICË VERIORE,Arsimi,0.3095809509665435,-0.23703612,-0.22559166,-0.21796203,-0.20651758
2027,11,MITROVICË VERIORE,Arsimi,-0.2471567771981845,-0.49451798,-0.48693573,-0.48188096,-0.47429872
2027,12,MITROVICË VERIORE,Arsimi,0.44041844539510955,0.32487625,0.34474945,0.35799813,0.37787127
2027,3,MITROVICË VERIORE,"Artet, Argetimi dhe rekreacioni",0.7178770522692469,0.1420515,0.15918219,0.17060268,0.18773353
2027,6,MITROVICË VERIORE,"Artet, Argetimi dhe rekreacioni",-0.3635939481145786,-0.19788058,-0.18584877,-0.1778276,-0.1657958
2027,9,MITROVICË VERIORE,"Artet, Argetimi dhe rekreacioni",0.3663397611944835,0.1470068,0.16421187,0.17568195,0.19288695
2027,12,MITROVICË VERIORE,"Artet, Argetimi dhe rekreacioni",-0.05153410136328558,-0.026693495,-0.012093961,-0.0023608804,0.012238741
2027,6,MITROVICË VERIORE,Bujqesia;Pylltaria dhe Peshkimi,-0.24524777447085053,-0.25540578,-0.24423689,-0.23679096,-0.22562206
2027,10,MITROVICË VERIORE,Bujqesia;Pylltaria dhe Peshkimi,0.8111279723560713,-0.16714558,-0.15465283,-0.14632428,-0.13383144
2027,12,MITROVICË VERIORE,Bujqesia;Pylltaria dhe Peshkimi,0.0601605437837882,0.0010728376,0.016088963,0.026099682,0.04111576
2027,1,MITROVICË VERIORE,"Furnizimi me rryme, gaz, avull dhe ajer te kondicionuar",0.6746283749203571,0.22826923,0.24669325,0.25897586,0.2773999
2027,2,MITROVICË VERIORE,"Furnizimi me rryme, gaz, avull dhe ajer te kondicionuar",0.08273084931155932,-0.19603065,-0.1839711,-0.1759314,-0.16387188
2027,3,MITROVICË VERIORE,"Furnizimi me rryme, gaz, avull dhe ajer te kondicionuar",0.09670496482542495,0.10475686,0.121328115,0.13237572,0.14894712
2027,4,MITROVICË VERIORE,"Furnizimi me rryme, gaz, avull dhe ajer te kondicionuar",0.07675176220774445,0.07164548,0.087720156,0.098436594,0.11451125
2027,5,MITROVICË VERIORE,"Furnizimi me rryme, gaz, avull dhe ajer te kondicionuar",0.3826074207499262,0.3863139,0.40710855,0.42097175,0.44176638
2027,6,MITROVICË VERIORE,"Furnizimi me rryme, gaz, avull dhe ajer te kondicionuar",0.30537075901099936,0.33594728,0.35598648,0.3693459,0.3893851
2027,7,MITROVICË VERIORE,"Furnizimi me rryme, gaz, avull dhe ajer te kondicionuar",0.2322524797673148,0.16269164,0.18013191,0.19175887,0.20919919
2027,8,MITROVICË VERIORE,"Furnizimi me rryme, gaz, avull dhe ajer te kondicionuar",0.041791151768210535,-0.09642423,-0.0828706,-0.07383484,-0.060281217
2027,9,MITROVICË VERIORE,"Furnizimi me rryme, gaz, avull dhe ajer te kondicionuar",-0.002137091522991162,-0.11003695,-0.096687555,-0.087787926,-0.07443845
2027,10,MITROVICË VERIORE,"Furnizimi me rryme, gaz, avull dhe ajer te kondicionuar",-0.13698212509336585,-0.30272955,-0.29227048,-0.2852978,-0.27483875
2027,11,MITROVICË VERIORE,"Furnizimi me rryme, gaz, avull dhe ajer te kondicionuar",-0.03708747650833784,-0.3117429,-0.30141908,-0.29453647,-0.28421265
2027,12,MITROVICË VERIORE,"Furnizimi me rryme, gaz, avull dhe ajer te kondicionuar",-0.04310402033346936,-0.34438038,-0.3345461,-0.32798988,-0.31815565
2027,1,MITROVICË VERIORE,Industria perpunuese,0.38377402339738753,0.19269322,0.21058357,0.22251058,0.24040091
2027,2,MITROVICË VERIORE,Industria perpunuese,0.6332674937291638,0.657756,0.6826223,0.6991998,0.72406614
2027,3,MITROVICË VERIORE,Industria perpunuese,0.6721840006732839,0.6532506,0.6780493,0.69458175,0.7193805
2027,4,MITROVICË VERIORE,Industria perpunuese,1.7012803624419741,1.2025013,1.2355387,1.2575638,1.2906013
2027,5,MITROVICË VERIORE,Industria perpunuese,1.8471917655738188,1.5516227,1.5898972,1.6154134,1.6536877
2027,6,MITROVICË VERIORE,Industria perpunuese,1.097208914340817,0.8926836,0.9210738,0.94000065,0.96839094
2027,7,MITROVICË VERIORE,Industria perpunuese,2.0,1.9820219,2.026752,2.0565722,2.1013026
2027,8,MITROVICË VERIORE,Industria perpunuese,2.0,2.0,2.045,2.0749998,2.12
2027,9,MITROVICË VERIORE,Industria perpunuese,1.1169163361268655,0.96973854,0.9992845,1.0189819,1.048528
2027,10,MITROVICË VERIORE,Industria perpunuese,1.6669315564402674,1.5163926,1.5541387,1.5793025,1.6170483
2027,11,MITROVICË VERIORE,Industria perpunuese,2.0,1.8325878,1.8750765,1.9034023,1.9458911
2027,12,MITROVICË VERIORE,Industria perpunuese,1.221725049031153,0.855283,0.8831122,0.9016651,0.92949426
2027,1,MITROVICË VERIORE,Informimi dhe komunikimi,0.0287370756714039,-0.21649002,-0.20473737,-0.19690228,-0.18514967
2027,2,MITROVICË VERIORE,Informimi dhe komunikimi,0.0283239190246239,-0.049603373,-0.035347402,-0.025843441,-0.011587501
2027,3,MITROVICË VERIORE,Informimi dhe komunikimi,0.0283239190246239,-0.017848814,-0.003116548,0.0067049265,0.021437168
2027,4,MITROVICË VERIORE,Informimi dhe komunikimi,0.0287370756714039,-0.07576777,-0.06190431,-0.052661955,-0.03879851
2027,5,MITROVICË VERIORE,Informimi dhe komunikimi,0.0287370756714039,-0.037396956,-0.022957921,-0.01333189,0.0011070967
2027,6,MITROVICË VERIORE,Informimi dhe komunikimi,0.028764160924212103,-0.03003119,-0.01548171,-0.005782008,0.008767486
2027,7,MITROVICË VERIORE,Informimi dhe komunikimi,0.026951503825685195,-0.0496546,-0.035399437,-0.025896013,-0.011640847
2027,8,MITROVICË VERIORE,Informimi dhe komunikimi,0.022980827882414165,-0.05095507,-0.03671938,-0.027228951,-0.012993276
2027,9,MITROVICË VERIORE,Informimi dhe komunikimi,0.0269952577976604,-0.035257798,-0.020786703,-0.011139274,0.0033317804
2027,10,MITROVICË VERIORE,Informimi dhe komunikimi,0.030047367730685767,-0.05711053,-0.0429672,-0.03353834,-0.019394994
2027,11,MITROVICË VERIORE,Informimi dhe komunikimi,0.033154343641260776,-0.05693359,-0.04278761,-0.033356965,-0.019210935
2027,12,MITROVICË VERIORE,Informimi dhe komunikimi,0.03833609259344694,0.052132625,0.067914605,0.0784359,0.0942179
2027,1,MITROVICË VERIORE,Ndertimtaria,-0.07657456124249074,-0.41221893,-0.4034022,-0.39752442,-0.3887077
2027,2,MITROVICË VERIORE,Ndertimtaria,0.4012584468682577,0.34981307,0.37006032,0.3835584,0.4038056
2027,3,MITROVICË VERIORE,Ndertimtaria,0.03877021344930331,0.13927512,0.1563642,0.16775692,0.18484604
2027,4,MITROVICË VERIORE,Ndertimtaria,0.39818282919621345,0.3343666,0.35438204,0.36772573,0.3877412
2027,5,MITROVICË VERIORE,Ndertimtaria,-0.224405557044639,-0.22305945,-0.21140534,-0.20363593,-0.19198179
2027,6,MITROVICË VERIORE,Ndertimtaria,0.19896420461172695,0.29183665,0.3112142,0.32413256,0.34351003
2027,7,MITROVICË VERIORE,Ndertimtaria,0.13757896072436,0.23702957,0.25558496,0.2679553,0.2865107
2027,8,MITROVICË VERIORE,Ndertimtaria,-0.41473033734090164,-0.30085224,-0.29036504,-0.28337353,-0.27288634
2027,9,MITROVICË VERIORE,Ndertimtaria,0.6629348934232819,0.59509176,0.6190182,0.6349691,0.6588954
2027,10,MITROVICË VERIORE,Ndertimtaria,-0.23562548221051807,-0.30527347,-0.2948526,-0.28790534,-0.27748442
2027,11,MITROVICË VERIORE,Ndertimtaria,0.004869358742468831,0.03839172,0.053967595,0.06435144,0.079927325
2027,12,MITROVICË VERIORE,Ndertimtaria,-0.23140730030067966,0.097246185,0.1137048,0.1246773,0.14113593
2027,3,MITROVICË VERIORE,Person Fizik,-0.06632980277168674,-0.7429857,-0.7391305,-0.73656034,-0.7327052
2027,6,MITROVICË VERIORE,Person Fizik,0.2241827598357266,-0.8129057,-0.8100993,-0.8082284,-0.80542195
2027,9,MITROVICË VERIORE,Person Fizik,-0.21075484896947952,-0.6219912,-0.6163211,-0.612541,-0.6068709
2027,12,MITROVICË VERIORE,Person Fizik,-0.2255369030042891,-0.8475696,-0.84528315,-0.8437588,-0.8414724
2027,1,MITROVICË VERIORE,Sherbimet administrative dhe mbeshtetese,0.19394934795476818,-0.020621967,-0.005931318,0.0038625002,0.018553138
2027,2,MITROVICË VERIORE,Sherbimet administrative dhe mbeshtetese,0.14009593414658308,-0.050314877,-0.03606963,-0.026572824,-0.012327552
2027,3,MITROVICË VERIORE,Sherbimet administrative dhe mbeshtetese,1.1014463729981487,1.0101782,1.0403306,1.0604324,1.0905852
2027,4,MITROVICË VERIORE,Sherbimet administrative dhe mbeshtetese,-0.48993931460535994,-0.48153898,-0.4737621,-0.4685775,-0.4608006
2027,5,MITROVICË VERIORE,Sherbimet administrative dhe mbeshtetese,0.48330504921644424,0.15241669,0.16970289,0.18122709,0.19851339
2027,6,MITROVICË VERIORE,Sherbimet administrative dhe mbeshtetese,1.5413868137807036,1.8852522,1.9285309,1.9573834,2.0006623
2027,7,MITROVICË VERIORE,Sherbimet administrative dhe mbeshtetese,1.7480522926666242,1.6021693,1.6412017,1.6672235,1.7062559
2027,8,MITROVICË VERIORE,Sherbimet administrative dhe mbeshtetese,0.07148197775892537,-0.08391424,-0.070172966,-0.06101209,-0.047270834
2027,9,MITROVICË VERIORE,Sherbimet administrative dhe mbeshtetese,1.6677372810421627,1.1102004,1.1418533,1.1629553,1.1946084
2027,10,MITROVICË VERIORE,Sherbimet administrative dhe mbeshtetese,0.1434319948196395,-0.0116147045,0.0032111406,0.013094902,0.027920723
2027,11,MITROVICË VERIORE,Sherbimet administrative dhe mbeshtetese,1.3390982978821468,0.3106543,0.33031404,0.34342062,0.36308038
2027,12,MITROVICË VERIORE,Sherbimet administrative dhe mbeshtetese,-0.012013031396061736,0.21552731,0.23376024,0.24591541,0.26414835
2027,1,MITROVICË VERIORE,Transporti dhe magazinimi,1.363997398488033,0.68026924,0.7054733,0.722276,0.7474799
2027,2,MITROVICË VERIORE,Transporti dhe magazinimi,2.0,1.8122492,1.8544328,1.8825552,1.9247391
2027,3,MITROVICË VERIORE,Transporti dhe magazinimi,0.2083444404860722,0.31237575,0.3320614,0.34518516,0.3648708
2027,4,MITROVICË VERIORE,Transporti dhe magazinimi,0.6508475745501372,0.7902953,0.81714976,0.8350527,0.8619071
2027,5,MITROVICË VERIORE,Transporti dhe magazinimi,0.7387584558427176,0.6658981,0.6908865,0.7075455,0.73253393
2027,6,MITROVICË VERIORE,Transporti dhe magazinimi,0.281344206885021,0.16324012,0.18068862,0.19232106,0.2097696
2027,7,MITROVICË VERIORE,Transporti dhe magazinimi,1.2689736575318282,0.86972755,0.8977735,0.91647077,0.94451666
2027,8,MITROVICË VERIORE,Transporti dhe magazinimi,0.08707167326270039,0.13637163,0.15341723,0.16478086,0.18182647
2027,9,MITROVICË VERIORE,Transporti dhe magazinimi,0.8873466234853413,1.1418394,1.1739671,1.1953855,1.2275131
2027,10,MITROVICË VERIORE,Transporti dhe magazinimi,0.8682002242881233,0.82199156,0.84932137,0.8675413,0.8948711
2027,11,MITROVICË VERIORE,Transporti dhe magazinimi,0.5937317259102066,0.45783544,0.47970295,0.4942813,0.5161488
2027,12,MITROVICË VERIORE,Transporti dhe magazinimi,1.6540400758343847,1.6458642,1.6855521,1.7120109,1.7516987
2027,1,MITROVICË VERIORE,Tregtia me shumice dhe pakice; Riparimi i mjeteve motorike dhe motoeikletave,0.3046790558614317,0.041019093,0.056634307,0.0670445,0.08265984
2027,2,MITROVICË VERIORE,Tregtia me shumice dhe pakice; Riparimi i mjeteve motorike dhe motoeikletave,1.067707521311462,0.7130817,0.7387779,0.7559087,0.7816049
2027,3,MITROVICË VERIORE,Tregtia me shumice dhe pakice; Riparimi i mjeteve motorike dhe motoeikletave,0.5289537388634521,0.4406989,0.46230936,0.47671628,0.49832678
2027,4,MITROVICË VERIORE,Tregtia me shumice dhe pakice; Riparimi i mjeteve motorike dhe motoeikletave,0.9182520400976567,0.60266554,0.6267055,0.64273214,0.6667721
2027,5,MITROVICË VERIORE,Tregtia me shumice dhe pakice; Riparimi i mjeteve motorike dhe motoeikletave,0.6549339145573739,0.4772379,0.49939644,0.51416886,0.53632736
2027,6,MITROVICË VERIORE,Tregtia me shumice dhe pakice; Riparimi i mjeteve motorike dhe motoeikletave,0.6245686362002721,0.49662155,0.51907086,0.5340371,0.55648637
2027,7,MITROVICË VERIORE,Tregtia me shumice dhe pakice; Riparimi i mjeteve motorike dhe motoeikletave,0.6058299415059781,0.43898985,0.46057475,0.47496462,0.49654937
2027,8,MITROVICË VERIORE,Tregtia me shumice dhe pakice; Riparimi i mjeteve motorike dhe motoeikletave,0.3366559643996703,0.15496618,0.17229056,0.18384027,0.20116472
2027,9,MITROVICË VERIORE,Tregtia me shumice dhe pakice; Riparimi i mjeteve motorike dhe motoeikletave,0.1349389081285378,0.11628468,0.13302898,0.14419186,0.16093612
2027,10,MITROVICË VERIORE,Tregtia me shumice dhe pakice; Riparimi i mjeteve motorike dhe motoeikletave,0.6155482292743611,0.4877896,0.51010644,0.52498436,0.5473012
2027,11,MITROVICË VERIORE,Tregtia me shumice dhe pakice; Riparimi i mjeteve motorike dhe motoeikletave,0.7000611788943938,0.5356785,0.5587137,0.57407045,0.5971056
2027,12,MITROVICË VERIORE,Tregtia me shumice dhe pakice; Riparimi i mjeteve motorike dhe motoeikletave,0.3145046306388014,0.33928016,0.35936928,0.37276208,0.39285123
2027,1,NOVOBËRDË,Akomodimi dhe sherbimi ushqimor,0.35366661080102035,0.25517997,0.27400768,0.28655946,0.30538714
2027,2,NOVOBËRDË,Akomodimi dhe sherbimi ushqimor,0.3787105132656781,0.4101204,0.43127215,0.4453733,0.46652508
2027,3,NOVOBËRDË,Akomodimi dhe sherbimi ushqimor,0.14838821632700144,0.24188337,0.26051164,0.2729305,0.29155874
2027,4,NOVOBËRDË,Akomodimi dhe sherbimi ushqimor,-0.05769761510629275,0.1476014,0.16481543,0.17629135,0.1935054
2027,5,NOVOBËRDË,Akomodimi dhe sherbimi ushqimor,0.023946464942912096,0.159438,0.17682958,0.18842399,0.20581543
2027,6,NOVOBËRDË,Akomodimi dhe sherbimi ushqimor,0.17244747264465718,0.1417201,0.15884578,0.17026305,0.18738878
2027,7,NOVOBËRDË,Akomodimi dhe sherbimi ushqimor,-0.26839916150741455,-0.08385347,-0.070111275,-0.060949862,-0.047207654
2027,8,NOVOBËRDË,Akomodimi dhe sherbimi ushqimor,-0.05805013118462777,-0.02407797,-0.009439111,0.00032007694,0.0149588585
2027,9,NOVOBËRDË,Akomodimi dhe sherbimi ushqimor,1.295050376943251,1.0548005,1.0856225,1.1061704,1.1369925
2027,10,NOVOBËRDË,Akomodimi dhe sherbimi ushqimor,0.43041669060167237,0.51331306,0.53601277,0.5511458,0.5738455
2027,11,NOVOBËRDË,Akomodimi dhe sherbimi ushqimor,0.5633040943964582,0.552841,0.5761335,0.59166193,0.6149545
2027,12,NOVOBËRDË,Akomodimi dhe sherbimi ushqimor,0.1443632077838854,0.050352465,0.06610775,0.07661128,0.09236646
2027,1,NOVOBËRDË,Aktivitetet financiare dhe te sigurimit,0.16185018723169536,0.045751642,0.061437964,0.07189548,0.087581754
2027,2,NOVOBËRDË,Aktivitetet financiare dhe te sigurimit,0.47858393370973545,0.69948024,0.7249725,0.7419673,0.7674594
2027,3,NOVOBËRDË,Aktivitetet financiare dhe te sigurimit,-0.2074051625134998,-0.12001406,-0.106814325,-0.098014474,-0.08481467
2027,4,NOVOBËRDË,Aktivitetet financiare dhe te sigurimit,0.230137431142339,-0.0036834972,0.011261225,0.02122438,0.03616917
2027,5,NOVOBËRDË,Aktivitetet financiare dhe te sigurimit,-0.43093474630621786,-0.42630368,-0.41769826,-0.41196132,-0.40335584
2027,6,NOVOBËRDË,Aktivitetet financiare dhe te sigurimit,1.8274334407641333,1.9531605,1.997458,2.0269895,2.071287
2027,7,NOVOBËRDË,Aktivitetet financiare dhe te sigurimit,-0.3586130061855996,-0.6594473,-0.654339,-0.6509335,-0.6458252
2027,8,NOVOBËRDË,Aktivitetet financiare dhe te sigurimit,0.39203694875575795,-0.28096092,-0.27017534,-0.26298493,-0.2521994
2027,9,NOVOBËRDË,Aktivitetet financiare dhe te sigurimit,-0.7560521926513055,-0.7525421,-0.7488302,-0.74635565,-0.7426438
2027,10,NOVOBËRDË,Aktivitetet financiare dhe te sigurimit,0.6025602647101886,0.053247828,0.0690465,0.079578996,0.09537768
2027,11,NOVOBËRDË,Aktivitetet financiare dhe te sigurimit,0.24153856776970306,0.091721006,0.10809684,0.119014025,0.1353898
2027,12,NOVOBËRDË,Aktivitetet financiare dhe te sigurimit,0.02579068285422814,0.060293842,0.07619822,0.08680117,0.10270548
2027,1,NOVOBËRDË,"Aktivitetet profesionale, shkencore dhe teknike",1.0395512760707493,0.9033535,0.9319037,0.9509373,0.97948754
2027,2,NOVOBËRDË,"Aktivitetet profesionale, shkencore dhe teknike",0.9250446164934774,1.0466144,1.0773137,1.0977798,1.128479
2027,3,NOVOBËRDË,"Aktivitetet profesionale, shkencore dhe teknike",0.4817213537214011,0.7598404,0.7862381,0.80383646,0.83023405
2027,4,NOVOBËRDË,"Aktivitetet profesionale, shkencore dhe teknike",0.4693173296792331,0.82059795,0.8479068,0.8661128,0.89342177
2027,5,NOVOBËRDË,"Aktivitetet profesionale, shkencore dhe teknike",0.4599297844693583,0.67227036,0.6973543,0.714077,0.739161
2027,6,NOVOBËRDË,"Aktivitetet profesionale, shkencore dhe teknike",0.5003877266841861,0.6986091,0.7240882,0.7410743,0.7665534
2027,7,NOVOBËRDË,"Aktivitetet profesionale, shkencore dhe teknike",0.9987649414229416,0.9665783,0.99607694,1.0157425,1.0452414
2027,8,NOVOBËRDË,"Aktivitetet profesionale, shkencore dhe teknike",0.378387991237687,0.55254406,0.57583225,0.5913577,0.61464584
2027,9,NOVOBËRDË,"Aktivitetet profesionale, shkencore dhe teknike",-0.10003599370976826,0.19687925,0.21483243,0.22680128,0.24475443
2027,10,NOVOBËRDË,"Aktivitetet profesionale, shkencore dhe teknike",0.13255228586654427,0.4310814,0.45254767,0.4668584,0.48832464
2027,11,NOVOBËRDË,"Aktivitetet profesionale, shkencore dhe teknike",0.040478661760217,0.15014893,0.16740108,0.1789025,0.19615483
2027,12,NOVOBËRDË,"Aktivitetet profesionale, shkencore dhe teknike",-0.2625248534043205,-0.08546581,-0.07174778,-0.06260246,-0.04888445
2027,1,NOVOBËRDË,Bujqesia;Pylltaria dhe Peshkimi,1.2788406896430502,1.5759013,1.6145399,1.6402988,1.6789372
2027,2,NOVOBËRDË,Bujqesia;Pylltaria dhe Peshkimi,0.26871896633994924,0.512268,0.53495204,0.5500747,0.5727587
2027,3,NOVOBËRDË,Bujqesia;Pylltaria dhe Peshkimi,0.5117049469383109,0.62023854,0.6445421,0.6607444,0.685048
2027,4,NOVOBËRDË,Bujqesia;Pylltaria dhe Peshkimi,-0.0016348953022723473,0.32138562,0.34120643,0.35442019,0.374241
2027,5,NOVOBËRDË,Bujqesia;Pylltaria dhe Peshkimi,0.31452345618262917,0.4974363,0.5198978,0.5348722,0.5573337
2027,6,NOVOBËRDË,Bujqesia;Pylltaria dhe Peshkimi,0.021712824663172776,0.097245775,0.11370444,0.12467694,0.14113557
2027,7,NOVOBËRDË,Bujqesia;Pylltaria dhe Peshkimi,0.4896254891806695,0.9074885,0.93610084,0.95517576,0.983788
2027,8,NOVOBËRDË,Bujqesia;Pylltaria dhe Peshkimi,-0.25143194888173065,0.008677069,0.023807287,0.033894062,0.049024224
2027,9,NOVOBËRDË,Bujqesia;Pylltaria dhe Peshkimi,0.30166738206118815,0.30647042,0.32606745,0.33913207,0.35872912
2027,10,NOVOBËRDË,Bujqesia;Pylltaria dhe Peshkimi,0.37030055278928065,0.8217065,0.84903216,0.86724913,0.89457476
2027,11,NOVOBËRDË,Bujqesia;Pylltaria dhe Peshkimi,0.41883998392779187,0.72166234,0.7474872,0.76470375,0.79052866
2027,12,NOVOBËRDË,Bujqesia;Pylltaria dhe Peshkimi,0.1593518041027579,0.05409497,0.06990647,0.080447435,0.09625876
2027,2,NOVOBËRDË,Industria nxjerrese,-0.8094320263131752,-0.9798588,-0.9795567,-0.9793553,-0.97905314
2027,3,NOVOBËRDË,Industria nxjerrese,-0.7864410939339265,-1.0,-1.0,-1.0,-1.0
2027,4,NOVOBËRDË,Industria nxjerrese,-0.842530558818811,-0.99347365,-0.9933758,-0.9933105,-0.9932126
2027,5,NOVOBËRDË,Industria nxjerrese,-0.8488954544209616,-0.91598606,-0.91472584,-0.9138857,-0.9126255
2027,6,NOVOBËRDË,Industria nxjerrese,-0.9029048648790017,-1.0,-1.0,-1.0,-1.0
2027,7,NOVOBËRDË,Industria nxjerrese,-0.8808094910037018,-1.0,-1.0,-1.0,-1.0
2027,8,NOVOBËRDË,Industria nxjerrese,-0.8715405421376733,-1.0,-1.0,-1.0,-1.0
2027,1,NOVOBËRDË,Industria perpunuese,2.0,2.0,2.045,2.0749998,2.12
2027,2,NOVOBËRDË,Industria perpunuese,0.3980700133593799,0.475677,0.49781215,0.51256895,0.5347041
2027,3,NOVOBËRDË,Industria perpunuese,-0.06892484098691185,0.11806131,0.13483226,0.14601278,0.16278374
2027,4,NOVOBËRDË,Industria perpunuese,0.07675288433396006,0.2968964,0.31634986,0.32931888,0.3487723
2027,5,NOVOBËRDË,Industria perpunuese,-0.12098041462215148,-0.014094736,0.00069379807,0.010552883,0.02534151
2027,6,NOVOBËRDË,Industria perpunuese,0.29611264918199426,0.4350923,0.45661867,0.47096956,0.492496
2027,7,NOVOBËRDË,Industria perpunuese,0.008584077091595343,-0.036317926,-0.021862745,-0.012225926,0.002229333
2027,8,NOVOBËRDË,Industria perpunuese,0.8537357828886881,0.6431423,0.66778934,0.6842208,0.7088679
2027,9,NOVOBËRDË,Industria perpunuese,1.0290137593490563,0.97902083,1.0087061,1.0284963,1.0581815
2027,10,NOVOBËRDË,Industria perpunuese,0.1984885577292723,0.14750938,0.16472197,0.17619705,0.19340968
2027,11,NOVOBËRDË,Industria perpunuese,0.16898788256847622,0.13980804,0.15690517,0.16830325,0.18540037
2027,12,NOVOBËRDË,Industria perpunuese,0.03845160703755067,0.27803195,0.29720235,0.30998266,0.32915318
2027,3,NOVOBËRDË,Informimi dhe komunikimi,0.9781172686369531,0.047211863,0.06292009,0.07339215,0.08910036
2027,6,NOVOBËRDË,Informimi dhe komunikimi,0.9319244997788432,-0.059344184,-0.045234323,-0.035827816,-0.021717966
2027,9,NOVOBËRDË,Informimi dhe komunikimi,0.9771928579711667,0.033132575,0.048629522,0.058960795,0.074457765
2027,12,NOVOBËRDË,Informimi dhe komunikimi,1.3572352321463361,0.15325493,0.1705538,0.18208635,0.19938517
2027,6,NOVOBËRDË,Ndertimtaria,0.9004573838600173,0.065208524,0.08118665,0.09183872,0.107816815
2027,9,NOVOBËRDË,Ndertimtaria,1.018508679440445,0.10675218,0.12335348,0.13442099,0.1510222
2027,10,NOVOBËRDË,Ndertimtaria,0.5335814781232571,0.013080401,0.028276563,0.038407326,0.05360353
2027,12,NOVOBËRDË,Ndertimtaria,0.4558833385010963,0.25150847,0.27028108,0.28279614,0.30156875
2027,1,NOVOBËRDË,Transporti dhe magazinimi,1.2934219482761435,0.7284386,0.7543652,0.7716496,0.79757607
2027,2,NOVOBËRDË,Transporti dhe magazinimi,0.006111481204350774,-0.19701597,-0.18497127,-0.1769414,-0.16489667
2027,3,NOVOBËRDË,Transporti dhe magazinimi,2.0,2.0,2.045,2.0749998,2.12
2027,5,NOVOBËRDË,Transporti dhe magazinimi,-0.16792409557958293,-0.2220413,-0.21037191,-0.20259237,-0.19092298
2027,6,NOVOBËRDË,Transporti dhe magazinimi,0.9136201411559163,0.75310504,0.77940154,0.7969326,0.8232292
2027,7,NOVOBËRDË,Transporti dhe magazinimi,0.7091162826477189,0.85642844,0.88427484,0.90283906,0.9306854
2027,8,NOVOBËRDË,Transporti dhe magazinimi,-0.5270500855997097,-0.5744265,-0.5680429,-0.5637871,-0.55740356
2027,9,NOVOBËRDË,Transporti dhe magazinimi,-0.0012938066425358696,0.23053598,0.248994,0.26129937,0.27975738
2027,10,NOVOBËRDË,Transporti dhe magazinimi,-0.6832821327118843,-0.41860387,-0.40988296,-0.404069,-0.39534807
2027,11,NOVOBËRDË,Transporti dhe magazinimi,0.045129128777241054,0.20384338,0.22190094,0.23393941,0.251997
2027,12,NOVOBËRDË,Transporti dhe magazinimi,-0.2480147310300688,0.0055236155,0.020606399,0.030661583,0.04574442
2027,1,NOVOBËRDË,Tregtia me shumice dhe pakice; Riparimi i mjeteve motorike dhe motoeikletave,0.9345088622958739,0.6405857,0.6651944,0.6816002,0.70620906
2027,2,NOVOBËRDË,Tregtia me shumice dhe pakice; Riparimi i mjeteve motorike dhe motoeikletave,0.9385389148564252,0.68562883,0.7109133,0.7277696,0.753054
2027,3,NOVOBËRDË,Tregtia me shumice dhe pakice; Riparimi i mjeteve motorike dhe motoeikletave,0.10044692875863616,0.2515224,0.27029526,0.28281045,0.3015833
2027,4,NOVOBËRDË,Tregtia me shumice dhe pakice; Riparimi i mjeteve motorike dhe motoeikletave,1.1148582214232508,0.9682267,0.99775004,1.0174322,1.0469556
2027,5,NOVOBËRDË,Tregtia me shumice dhe pakice; Riparimi i mjeteve motorike dhe motoeikletave,0.5954626492998663,0.5259489,0.54883814,0.5640975,0.5869868
2027,6,NOVOBËRDË,Tregtia me shumice dhe pakice; Riparimi i mjeteve motorike dhe motoeikletave,0.4536403365008592,0.5528357,0.57612824,0.59165657,0.6149491
2027,7,NOVOBËRDË,Tregtia me shumice dhe pakice; Riparimi i mjeteve motorike dhe motoeikletave,0.5541842747571314,0.6088121,0.6329442,0.64903235,0.6731645
2027,8,NOVOBËRDË,Tregtia me shumice dhe pakice; Riparimi i mjeteve motorike dhe motoeikletave,0.5546852078662781,0.6656523,0.690637,0.7072935,0.73227835
2027,9,NOVOBËRDË,Tregtia me shumice dhe pakice; Riparimi i mjeteve motorike dhe motoeikletave,0.5226332480481779,0.60957366,0.6337172,0.64981294,0.6739565
2027,10,NOVOBËRDË,Tregtia me shumice dhe pakice; Riparimi i mjeteve motorike dhe motoeikletave,0.4246343285745712,0.45604512,0.47788584,0.4924463,0.5142869
2027,11,NOVOBËRDË,Tregtia me shumice dhe pakice; Riparimi i mjeteve motorike dhe motoeikletave,0.2038052738808319,0.35150364,0.3717761,0.38529122,0.4055637
2027,12,NOVOBËRDË,Tregtia me shumice dhe pakice; Riparimi i mjeteve motorike dhe motoeikletave,-0.04131332907130441,0.18865205,0.20648181,0.21836829,0.23619807
2027,1,OBILIQ,Administrimi publik dhe mbrojtja; Sigurimi social i detyrueshem,-0.026839627975856963,-0.32017747,-0.3099801,-0.3031819,-0.29298455
2027,2,OBILIQ,Administrimi publik dhe mbrojtja; Sigurimi social i detyrueshem,0.4848080212176386,0.0012555532,0.016274333,0.02628684,0.04130566
2027,3,OBILIQ,Administrimi publik dhe mbrojtja; Sigurimi social i detyrueshem,0.6636735465031619,0.17095967,0.18852413,0.2002337,0.21779811
2027,4,OBILIQ,Administrimi publik dhe mbrojtja; Sigurimi social i detyrueshem,0.16362802910729077,0.10575776,0.12234402,0.13340163,0.14998794
2027,5,OBILIQ,Administrimi publik dhe mbrojtja; Sigurimi social i detyrueshem,0.1181861265870963,0.0049390015,0.020012975,0.030062437,0.04513645
2027,6,OBILIQ,Administrimi publik dhe mbrojtja; Sigurimi social i detyrueshem,-0.4678681001228425,-0.72152257,-0.7173454,-0.7145606,-0.7103835
2027,7,OBILIQ,Administrimi publik dhe mbrojtja; Sigurimi social i detyrueshem,0.1549821074298695,0.018110374,0.03338206,0.043563128,0.05883479
2027,8,OBILIQ,Administrimi publik dhe mbrojtja; Sigurimi social i detyrueshem,-0.5238722514475468,-0.43972313,-0.431319,-0.42571622,-0.4173121
2027,9,OBILIQ,Administrimi publik dhe mbrojtja; Sigurimi social i detyrueshem,0.4258590784795529,-0.2622922,-0.2512266,-0.24384952,-0.23278391
2027,10,OBILIQ,Administrimi publik dhe mbrojtja; Sigurimi social i detyrueshem,-0.3981097150116318,-0.5827073,-0.5764479,-0.572275,-0.5660156
2027,11,OBILIQ,Administrimi publik dhe mbrojtja; Sigurimi social i detyrueshem,-0.6454809935715923,-0.79817855,-0.79515123,-0.793133,-0.7901057
2027,12,OBILIQ,Administrimi publik dhe mbrojtja; Sigurimi social i detyrueshem,1.7246808739086925,1.587799,1.626616,1.652494,1.6913109
2027,1,OBILIQ,Akomodimi dhe sherbimi ushqimor,0.24216184693714907,0.28013766,0.29933965,0.31214106,0.33134317
2027,2,OBILIQ,Akomodimi dhe sherbimi ushqimor,0.23552135940841268,0.23487006,0.25339305,0.26574183,0.2842648
2027,3,OBILIQ,Akomodimi dhe sherbimi ushqimor,0.17743900605014795,0.080470294,0.09667742,0.107482076,0.123689055
2027,4,OBILIQ,Akomodimi dhe sherbimi ushqimor,0.09485661657792925,0.018217113,0.0334903,0.043672442,0.058945775
2027,5,OBILIQ,Akomodimi dhe sherbimi ushqimor,0.05739953361941235,0.011271546,0.02644062,0.036553383,0.051722407
2027,6,OBILIQ,Akomodimi dhe sherbimi ushqimor,0.03580278000265926,0.12544826,0.14232993,0.15358436,0.17046607
2027,7,OBILIQ,Akomodimi dhe sherbimi ushqimor,-0.043022129485552923,-0.027079372,-0.012485564,-0.0027563572,0.011837482
2027,8,OBILIQ,Akomodimi dhe sherbimi ushqimor,-0.0891584569110551,-0.025679445,-0.011064649,-0.0013214946,0.013293266
2027,9,OBILIQ,Akomodimi dhe sherbimi ushqimor,0.30168728457144717,0.5226012,0.5454401,0.5606661,0.58350515
2027,10,OBILIQ,Akomodimi dhe sherbimi ushqimor,0.21690103393386348,0.059800334,0.07569742,0.08629537,0.1021924
2027,11,OBILIQ,Akomodimi dhe sherbimi ushqimor,0.3803355599124873,0.20747842,0.22559059,0.2376653,0.25577748
2027,12,OBILIQ,Akomodimi dhe sherbimi ushqimor,-0.07521945893528302,0.07762887,0.09379327,0.104569554,0.12073398
2027,1,OBILIQ,Aktivitetet e patundshmerise,0.1581546497521069,0.16756159,0.18507493,0.19675052,0.21426392
2027,2,OBILIQ,Aktivitetet e patundshmerise,0.6603341909132908,1.3806783,1.4163883,1.4401951,1.4759052
2027,3,OBILIQ,Aktivitetet e patundshmerise,2.0,2.0,2.045,2.0749998,2.12
2027,4,OBILIQ,Aktivitetet e patundshmerise,2.0,2.0,2.045,2.0749998,2.12
2027,5,OBILIQ,Aktivitetet e patundshmerise,2.0,2.0,2.045,2.0749998,2.12
2027,6,OBILIQ,Aktivitetet e patundshmerise,2.0,2.0,2.045,2.0749998,2.12
2027,7,OBILIQ,Aktivitetet e patundshmerise,2.0,2.0,2.045,2.0749998,2.12
2027,8,OBILIQ,Aktivitetet e patundshmerise,2.0,2.0,2.045,2.0749998,2.12
2027,9,OBILIQ,Aktivitetet e patundshmerise,2.0,2.0,2.045,2.0749998,2.12
2027,10,OBILIQ,Aktivitetet e patundshmerise,2.0,2.0,2.045,2.0749998,2.12
2027,11,OBILIQ,Aktivitetet e patundshmerise,2.0,2.0,2.045,2.0749998,2.12
2027,12,OBILIQ,Aktivitetet e patundshmerise,2.0,2.0,2.045,2.0749998,2.12
2027,1,OBILIQ,Aktivitetet e shendetit te njeriut dhe te punes sociale,0.4682253352703122,0.34038454,0.3604902,0.3738941,0.39399981
2027,2,OBILIQ,Aktivitetet e shendetit te njeriut dhe te punes sociale,0.39589056107540493,0.23374662,0.25225282,0.26459026,0.28309643
2027,3,OBILIQ,Aktivitetet e shendetit te njeriut dhe te punes sociale,0.31783074199778755,0.40032434,0.42132914,0.43533242,0.4563372
2027,4,OBILIQ,Aktivitetet e shendetit te njeriut dhe te punes sociale,0.16301614923777852,0.15011114,0.16736281,0.178864,0.19611561
2027,5,OBILIQ,Aktivitetet e shendetit te njeriut dhe te punes sociale,0.2164725817168743,0.36437687,0.38484251,0.39848626,0.41895187
2027,6,OBILIQ,Aktivitetet e shendetit te njeriut dhe te punes sociale,0.046169932321722014,0.12213178,0.13896382,0.15018511,0.1670171
2027,7,OBILIQ,Aktivitetet e shendetit te njeriut dhe te punes sociale,-0.015750690550853923,0.051976427,0.06775606,0.0782758,0.094055414
2027,8,OBILIQ,Aktivitetet e shendetit te njeriut dhe te punes sociale,0.1464445505485771,0.30861357,0.32824278,0.34132886,0.36095798
2027,9,OBILIQ,Aktivitetet e shendetit te njeriut dhe te punes sociale,0.618220015623337,0.5963554,0.62030077,0.6362643,0.66020954
2027,10,OBILIQ,Aktivitetet e shendetit te njeriut dhe te punes sociale,0.4268271863643805,0.41712955,0.43838644,0.45255768,0.4738146
2027,11,OBILIQ,Aktivitetet e shendetit te njeriut dhe te punes sociale,0.32776131021917293,0.27032498,0.28937984,0.30208302,0.3211379
2027,12,OBILIQ,Aktivitetet e shendetit te njeriut dhe te punes sociale,-0.14173913674236788,0.13293761,0.14993167,0.16126108,0.17825508
2027,1,OBILIQ,Aktivitetet e tjera sherbyese,0.09171507162480165,0.07737908,0.093539834,0.10431361,0.12047422
2027,2,OBILIQ,Aktivitetet e tjera sherbyese,0.015326019011337084,0.017417248,0.032678485,0.04285264,0.058113813
2027,3,OBILIQ,Aktivitetet e tjera sherbyese,0.23360996219120259,0.16800228,0.18552232,0.19720232,0.21472228
2027,4,OBILIQ,Aktivitetet e tjera sherbyese,0.2351130219857387,0.0027474936,0.017788768,0.027816176,0.04285741
2027,5,OBILIQ,Aktivitetet e tjera sherbyese,-0.11706776847450644,-0.28935334,-0.27869368,-0.2715872,-0.26092756
2027,6,OBILIQ,Aktivitetet e tjera sherbyese,0.015759042446214563,-0.005718119,0.009196043,0.019138932,0.034053087
2027,7,OBILIQ,Aktivitetet e tjera sherbyese,-0.14424256910579725,-0.18386759,-0.17162561,-0.16346431,-0.15122229
2027,8,OBILIQ,Aktivitetet e tjera sherbyese,-0.41794644854379875,-0.38561857,-0.37640285,-0.37025905,-0.36104333
2027,9,OBILIQ,Aktivitetet e tjera sherbyese,0.09139044052775186,0.020234883,0.035538316,0.045740724,0.061044216
2027,10,OBILIQ,Aktivitetet e tjera sherbyese,0.2000266492773296,0.12440939,0.14127553,0.1525197,0.16938579
2027,11,OBILIQ,Aktivitetet e tjera sherbyese,-0.02727350446166095,0.021427263,0.036748648,0.046962976,0.06228435
2027,12,OBILIQ,Aktivitetet e tjera sherbyese,-0.0036414011992543876,0.038735442,0.0543164,0.0647037,0.080284715
2027,12,OBILIQ,Aktivitetet financiare dhe te sigurimit,2.0,2.0,2.045,2.0749998,2.12
2027,1,OBILIQ,"Aktivitetet profesionale, shkencore dhe teknike",2.0,2.0,2.045,2.0749998,2.12
2027,2,OBILIQ,"Aktivitetet profesionale, shkencore dhe teknike",1.230943088125261,1.2998223,1.3343196,1.3573179,1.3918152
2027,3,OBILIQ,"Aktivitetet profesionale, shkencore dhe teknike",1.6890819512947652,1.6985606,1.7390392,1.7660246,1.806503
2027,4,OBILIQ,"Aktivitetet profesionale, shkencore dhe teknike",1.107869287775997,0.56214297,0.5855751,0.6011965,0.62462866
2027,5,OBILIQ,"Aktivitetet profesionale, shkencore dhe teknike",2.0,2.0,2.045,2.0749998,2.12
2027,6,OBILIQ,"Aktivitetet profesionale, shkencore dhe teknike",2.0,1.952034,1.9963145,2.0258348,2.0701153
2027,7,OBILIQ,"Aktivitetet profesionale, shkencore dhe teknike",2.0,2.0,2.045,2.0749998,2.12
2027,8,OBILIQ,"Aktivitetet profesionale, shkencore dhe teknike",2.0,1.858389,1.9012647,1.9298487,1.9727244
2027,9,OBILIQ,"Aktivitetet profesionale, shkencore dhe teknike",1.617621208841892,1.5286633,1.5665932,1.5918796,1.6298096
2027,10,OBILIQ,"Aktivitetet profesionale, shkencore dhe teknike",1.7786000244359863,1.6615298,1.7014527,1.7280679,1.7679908
2027,11,OBILIQ,"Aktivitetet profesionale, shkencore dhe teknike",1.8392418670149386,2.0,2.045,2.0749998,2.12
2027,12,OBILIQ,"Aktivitetet profesionale, shkencore dhe teknike",0.29138814207306807,0.45128325,0.4730525,0.48756528,0.50933444
2027,1,OBILIQ,Arsimi,-0.5567941026235845,-1.0,-1.0,-1.0,-1.0
2027,2,OBILIQ,Arsimi,0.06811410271748487,-0.6216569,-0.61598176,-0.61219835,-0.60652316
2027,3,OBILIQ,Arsimi,0.2751794312317613,0.18460228,0.20237124,0.2142173,0.23198628
2027,4,OBILIQ,Arsimi,0.5247038557921732,0.2219924,0.24032223,0.25254214,0.270872
2027,5,OBILIQ,Arsimi,0.40584701271252804,0.27111313,0.29017985,0.3028909,0.3219576
2027,6,OBILIQ,Arsimi,0.42840238701768185,0.3440685,0.36422956,0.37767017,0.3978312
2027,7,OBILIQ,Arsimi,0.44485086315558886,0.26951826,0.288561,0.30125618,0.3202989
2027,8,OBILIQ,Arsimi,0.4440876047386338,0.26951826,0.288561,0.30125618,0.3202989
2027,9,OBILIQ,Arsimi,0.4259717315633697,0.34956145,0.36980486,0.38330042,0.40354383
2027,12,OBILIQ,Arsimi,2.0,2.0,2.045,2.0749998,2.12
2027,1,OBILIQ,"Artet, Argetimi dhe rekreacioni",1.5046769049746673,1.1542485,1.1865621,1.2081046,1.2404184
2027,2,OBILIQ,"Artet, Argetimi dhe rekreacioni",2.0,2.0,2.045,2.0749998,2.12
2027,3,OBILIQ,"Artet, Argetimi dhe rekreacioni",0.660663825709187,0.38435006,0.40511525,0.41895878,0.43972397
2027,4,OBILIQ,"Artet, Argetimi dhe rekreacioni",0.23230832376611835,0.128881,0.14581418,0.15710294,0.17403615
2027,5,OBILIQ,"Artet, Argetimi dhe rekreacioni",1.0387645080242216,0.7598179,0.78621507,0.8038132,0.83021045
2027,6,OBILIQ,"Artet, Argetimi dhe rekreacioni",-0.5063714845892249,-0.4239438,-0.41530293,-0.40954238,-0.40090156
2027,7,OBILIQ,"Artet, Argetimi dhe rekreacioni",-0.27061387418365934,-0.0018658751,0.013106108,0.023087502,0.038059473
2027,8,OBILIQ,"Artet, Argetimi dhe rekreacioni",0.07104865905978866,0.04284964,0.058492422,0.06892085,0.08456361
2027,9,OBILIQ,"Artet, Argetimi dhe rekreacioni",0.006982471002881647,0.19063051,0.20849001,0.22039628,0.23825574
2027,10,OBILIQ,"Artet, Argetimi dhe rekreacioni",1.8325894834421554,1.262532,1.2964699,1.3190951,1.3530333
2027,11,OBILIQ,"Artet, Argetimi dhe rekreacioni",0.3307529654055641,-0.041354116,-0.02697444,-0.017387986,-0.003008306
2027,12,OBILIQ,"Artet, Argetimi dhe rekreacioni",0.4755416685859662,0.5821054,0.605837,0.62165797,0.64538956
2027,1,OBILIQ,Bujqesia;Pylltaria dhe Peshkimi,0.30663876122665956,0.2026432,0.22068274,0.23270917,0.25074887
2027,2,OBILIQ,Bujqesia;Pylltaria dhe Peshkimi,1.3151588401061545,1.4133835,1.4495842,1.4737179,1.5099187
2027,3,OBILIQ,Bujqesia;Pylltaria dhe Peshkimi,1.0225283705967838,1.3650179,1.4004931,1.4241433,1.4596186
2027,4,OBILIQ,Bujqesia;Pylltaria dhe Peshkimi,2.0,2.0,2.045,2.0749998,2.12
2027,5,OBILIQ,Bujqesia;Pylltaria dhe Peshkimi,2.0,2.0,2.045,2.0749998,2.12
2027,6,OBILIQ,Bujqesia;Pylltaria dhe Peshkimi,-0.10043572537341242,-0.052288666,-0.038073003,-0.028595865,-0.014380217
2027,7,OBILIQ,Bujqesia;Pylltaria dhe Peshkimi,2.0,2.0,2.045,2.0749998,2.12
2027,8,OBILIQ,Bujqesia;Pylltaria dhe Peshkimi,2.0,2.0,2.045,2.0749998,2.12
2027,9,OBILIQ,Bujqesia;Pylltaria dhe Peshkimi,2.0,2.0,2.045,2.0749998,2.12
2027,10,OBILIQ,Bujqesia;Pylltaria dhe Peshkimi,2.0,2.0,2.045,2.0749998,2.12
2027,11,OBILIQ,Bujqesia;Pylltaria dhe Peshkimi,2.0,2.0,2.045,2.0749998,2.12
2027,12,OBILIQ,Bujqesia;Pylltaria dhe Peshkimi,-0.237153786573293,-0.05947414,-0.045366228,-0.035960972,-0.02185309
2027,1,OBILIQ,Furnizimi me uje; Kanalizimi; Aktivitetet e menaxhimit dhe te trajtimit te mbeturinave,2.0,2.0,2.045,2.0749998,2.12
2027,2,OBILIQ,Furnizimi me uje; Kanalizimi; Aktivitetet e menaxhimit dhe te trajtimit te mbeturinave,2.0,2.0,2.045,2.0749998,2.12
2027,3,OBILIQ,Furnizimi me uje; Kanalizimi; Aktivitetet e menaxhimit dhe te trajtimit te mbeturinave,2.0,2.0,2.045,2.0749998,2.12
2027,4,OBILIQ,Furnizimi me uje; Kanalizimi; Aktivitetet e menaxhimit dhe te trajtimit te mbeturinave,0.48752349925181165,0.39310992,0.4140066,0.42793763,0.4488343
2027,5,OBILIQ,Furnizimi me uje; Kanalizimi; Aktivitetet e menaxhimit dhe te trajtimit te mbeturinave,1.6577591554855626,1.5162991,1.5540438,1.5792067,1.6169512
2027,6,OBILIQ,Furnizimi me uje; Kanalizimi; Aktivitetet e menaxhimit dhe te trajtimit te mbeturinave,0.3286379221818022,0.26451933,0.28348708,0.29613233,0.31510007
2027,7,OBILIQ,Furnizimi me uje; Kanalizimi; Aktivitetet e menaxhimit dhe te trajtimit te mbeturinave,0.09671705113236259,0.10630994,0.12290454,0.13396764,0.15056229
2027,8,OBILIQ,Furnizimi me uje; Kanalizimi; Aktivitetet e menaxhimit dhe te trajtimit te mbeturinave,0.17307774763795422,0.22081704,0.2391293,0.25133753,0.26964974
2027,9,OBILIQ,Furnizimi me uje; Kanalizimi; Aktivitetet e menaxhimit dhe te trajtimit te mbeturinave,0.31404160818254456,0.47355258,0.4956559,0.51039135,0.53249466
2027,10,OBILIQ,Furnizimi me uje; Kanalizimi; Aktivitetet e menaxhimit dhe te trajtimit te mbeturinave,-0.10704430072004494,-0.09557679,-0.08201045,-0.07296622,-0.059399843
2027,11,OBILIQ,Furnizimi me uje; Kanalizimi; Aktivitetet e menaxhimit dhe te trajtimit te mbeturinave,0.114240050742192,0.09146801,0.10783994,0.118754625,0.13512671
2027,12,OBILIQ,Furnizimi me uje; Kanalizimi; Aktivitetet e menaxhimit dhe te trajtimit te mbeturinave,0.2256452867801862,0.39033377,0.41118872,0.4250921,0.44594705
2027,2,OBILIQ,Industria nxjerrese,-0.424020647899139,-0.5605162,-0.55392396,-0.5495291,-0.5429368
2027,3,OBILIQ,Industria nxjerrese,0.18420741762046322,0.0015865866,0.016610384,0.02662623,0.041649938
2027,4,OBILIQ,Industria nxjerrese,-0.27765671167899325,-0.051296905,-0.03706634,-0.027579308,-0.013348818
2027,5,OBILIQ,Industria nxjerrese,-0.4962221081122508,-0.20775843,-0.19587481,-0.1879524,-0.17606878
2027,6,OBILIQ,Industria nxjerrese,1.771210746270807,1.5192937,1.5570831,1.5822761,1.6200655
2027,7,OBILIQ,Industria nxjerrese,-0.3289418927749084,-0.14700764,-0.13421279,-0.12568283,-0.11288798
2027,8,OBILIQ,Industria nxjerrese,1.628657968906607,1.0807464,1.1119576,1.132765,1.1639762
2027,9,OBILIQ,Industria nxjerrese,0.92379587232376,0.25224563,0.27102935,0.2835518,0.3023355
2027,10,OBILIQ,Industria nxjerrese,0.3755134213445235,0.46144077,0.48336244,0.49797678,0.5198984
2027,11,OBILIQ,Industria nxjerrese,0.6870171938827639,0.8037336,0.83078957,0.8488269,0.87588286
2027,12,OBILIQ,Industria nxjerrese,0.04913830570093423,0.6349137,0.6594374,0.6757865,0.7003101
2027,1,OBILIQ,Industria perpunuese,0.07172575958216833,0.16721895,0.18472719,0.19639933,0.2139076
2027,2,OBILIQ,Industria perpunuese,0.06789328706416138,0.11655358,0.13330185,0.14446735,0.16121566
2027,3,OBILIQ,Industria perpunuese,0.06789328706416138,0.12220048,0.13903344,0.15025544,0.16708851
2027,4,OBILIQ,Industria perpunuese,0.06789328706416138,0.10977326,0.1264199,0.13751757,0.1541642
2027,5,OBILIQ,Industria perpunuese,0.06789328706416138,0.12064488,0.13745463,0.14866102,0.16547072
2027,6,OBILIQ,Industria perpunuese,0.06789328706416138,0.12855406,0.14548242,0.15676796,0.17369628
2027,7,OBILIQ,Industria perpunuese,0.06789328706416138,0.12305241,0.13989818,0.15112865,0.16797435
2027,8,OBILIQ,Industria perpunuese,0.06789328706416138,0.12305241,0.13989818,0.15112865,0.16797435
2027,9,OBILIQ,Industria perpunuese,0.06789328706416138,0.11547585,0.13220799,0.14336276,0.16009486
2027,10,OBILIQ,Industria perpunuese,0.06789328706416138,0.119161844,0.13594925,0.14714086,0.16392827
2027,11,OBILIQ,Industria perpunuese,0.06789328706416138,0.12213791,0.1389699,0.1501913,0.16702342
2027,12,OBILIQ,Industria perpunuese,0.06789328706416138,0.16920689,0.18674493,0.19843698,0.21597505
2027,1,OBILIQ,Informimi dhe komunikimi,0.5573157292263838,0.37866166,0.39934158,0.41312814,0.4338081
2027,2,OBILIQ,Informimi dhe komunikimi,0.18571781206151824,0.2776032,0.29676723,0.30954325,0.32870722
2027,3,OBILIQ,Informimi dhe komunikimi,0.5316430671386841,0.48942176,0.511763,0.5266572,0.5489986
2027,4,OBILIQ,Informimi dhe komunikimi,0.7440669393886803,0.9098742,0.93852234,0.957621,0.9862691
2027,5,OBILIQ,Informimi dhe komunikimi,1.0232091728216925,1.1418953,1.1740236,1.1954427,1.227571
2027,6,OBILIQ,Informimi dhe komunikimi,0.3418805705983158,0.32627624,0.34617043,0.35943317,0.3793273
2027,7,OBILIQ,Informimi dhe komunikimi,0.26340196985904796,0.4392894,0.4608786,0.47527158,0.49686086
2027,8,OBILIQ,Informimi dhe komunikimi,0.22528537502274715,0.3085127,0.32814038,0.3412255,0.3608532
2027,9,OBILIQ,Informimi dhe komunikimi,0.14199425380252387,0.14886306,0.16609597,0.17758465,0.19481754
2027,10,OBILIQ,Informimi dhe komunikimi,0.737410350294722,0.5840009,0.6077608,0.62360084,0.6473608
2027,11,OBILIQ,Informimi dhe komunikimi,0.6748372924425583,0.45987558,0.48177373,0.49637246,0.5182705
2027,12,OBILIQ,Informimi dhe komunikimi,0.19771525152461675,0.25773945,0.2766055,0.2891829,0.30804896
2027,1,OBILIQ,Ndertimtaria,0.19647792142317871,0.50724256,0.5298512,0.54492354,0.5675322
2027,2,OBILIQ,Ndertimtaria,-0.3393302978089947,-0.14270873,-0.12984937,-0.12127644,-0.108417094
2027,3,OBILIQ,Ndertimtaria,-0.3267290159805028,-0.14447746,-0.13164467,-0.12308943,-0.11025661
2027,4,OBILIQ,Ndertimtaria,-0.18514942686691216,-0.19914863,-0.18713588,-0.1791274,-0.16711462
2027,5,OBILIQ,Ndertimtaria,0.10024898455344608,0.36258185,0.38302052,0.39664638,0.41708505
2027,6,OBILIQ,Ndertimtaria,-0.0013919774382253447,0.0784202,0.094596505,0.105380654,0.12155688
2027,7,OBILIQ,Ndertimtaria,-0.004667900194941649,0.062054526,0.07798529,0.08860588,0.10453665
2027,8,OBILIQ,Ndertimtaria,0.07102347323639843,0.059649464,0.07554424,0.08614063,0.1020354
2027,9,OBILIQ,Ndertimtaria,-0.0016486429422871006,0.14404067,0.16120124,0.17264163,0.18980229
2027,10,OBILIQ,Ndertimtaria,-0.05267108155651693,-0.06416238,-0.050124824,-0.040766478,-0.026728928
2027,11,OBILIQ,Ndertimtaria,-0.055328679277769244,-0.11269712,-0.099387586,-0.0905146,-0.07720506
2027,12,OBILIQ,Ndertimtaria,0.06250248787040018,0.11390223,0.1306107,0.14174974,0.15845823
2027,3,OBILIQ,Person Fizik,2.0,2.0,2.045,2.0749998,2.12
2027,6,OBILIQ,Person Fizik,0.7437347619810245,0.11924178,0.13603044,0.14722288,0.16401148
2027,9,OBILIQ,Person Fizik,0.06782767788067313,-0.3790509,-0.36973667,-0.36352718,-0.354213
2027,12,OBILIQ,Person Fizik,-0.77594646906622,-0.95803213,-0.9574026,-0.9569829,-0.9563534
2027,1,OBILIQ,Sherbimet administrative dhe mbeshtetese,1.1167550264940083,1.323439,1.3582907,1.381525,1.4163766
2027,2,OBILIQ,Sherbimet administrative dhe mbeshtetese,1.8123153037242359,1.6833371,1.7235873,1.7504206,1.7906706
2027,3,OBILIQ,Sherbimet administrative dhe mbeshtetese,1.0000623742503914,1.1892371,1.2220757,1.243968,1.2768066
2027,4,OBILIQ,Sherbimet administrative dhe mbeshtetese,2.0,2.0,2.045,2.0749998,2.12
2027,5,OBILIQ,Sherbimet administrative dhe mbeshtetese,2.0,2.0,2.045,2.0749998,2.12
2027,6,OBILIQ,Sherbimet administrative dhe mbeshtetese,1.4547984378081982,1.4521402,1.4889224,1.5134437,1.5502257
2027,7,OBILIQ,Sherbimet administrative dhe mbeshtetese,2.0,2.0,2.045,2.0749998,2.12
2027,8,OBILIQ,Sherbimet administrative dhe mbeshtetese,2.0,2.0,2.045,2.0749998,2.12
2027,9,OBILIQ,Sherbimet administrative dhe mbeshtetese,1.5343763609451035,1.7272518,1.7681606,1.795433,1.8363416
2027,10,OBILIQ,Sherbimet administrative dhe mbeshtetese,-0.018704358177676145,-0.18561839,-0.17340267,-0.16525888,-0.15304315
2027,11,OBILIQ,Sherbimet administrative dhe mbeshtetese,2.0,2.0,2.045,2.0749998,2.12
2027,12,OBILIQ,Sherbimet administrative dhe mbeshtetese,0.550694208954401,0.6564505,0.6812973,0.6978618,0.72270846
2027,1,OBILIQ,Transporti dhe magazinimi,-0.012836895234534884,-0.03326503,-0.018764019,-0.009096682,0.005404353
2027,2,OBILIQ,Transporti dhe magazinimi,-0.05173034425717549,-0.09942533,-0.0859167,-0.07691097,-0.063402355
2027,3,OBILIQ,Transporti dhe magazinimi,-0.07630645573675016,-0.04597288,-0.031662464,-0.022122204,-0.0078118443
2027,4,OBILIQ,Transporti dhe magazinimi,-0.07174493514258166,-0.0019596666,0.0130108595,0.0229913,0.03796184
2027,5,OBILIQ,Transporti dhe magazinimi,-0.05080930659267907,0.01148502,0.026657224,0.036772132,0.051944375
2027,6,OBILIQ,Transporti dhe magazinimi,0.011739999163327842,0.053321794,0.0691216,0.07965481,0.09545469
2027,7,OBILIQ,Transporti dhe magazinimi,0.0406957728526272,0.09996344,0.11646283,0.1274625,0.1439619
2027,8,OBILIQ,Transporti dhe magazinimi,0.24393354756122568,0.25044557,0.26920223,0.2817067,0.30046344
2027,9,OBILIQ,Transporti dhe magazinimi,0.2525588614602687,0.25495487,0.27377915,0.28632867,0.305153
2027,10,OBILIQ,Transporti dhe magazinimi,0.14021360601846705,0.19496799,0.21289253,0.22484219,0.24276662
2027,11,OBILIQ,Transporti dhe magazinimi,0.22761344794686797,0.23956479,0.2581582,0.27055383,0.28914738
2027,12,OBILIQ,Transporti dhe magazinimi,0.1161783809653716,0.31155318,0.33122647,0.344342,0.36401534
2027,1,OBILIQ,Tregtia me shumice dhe pakice; Riparimi i mjeteve motorike dhe motoeikletave,0.07098846413584058,0.10305088,0.1195966,0.13062704,0.14717281
2027,2,OBILIQ,Tregtia me shumice dhe pakice; Riparimi i mjeteve motorike dhe motoeikletave,0.06789328706416138,0.09537914,0.11180973,0.122763515,0.13919425
2027,3,OBILIQ,Tregtia me shumice dhe pakice; Riparimi i mjeteve motorike dhe motoeikletave,0.06789328706416138,0.10512111,0.1216979,0.13274908,0.14932597
2027,4,OBILIQ,Tregtia me shumice dhe pakice; Riparimi i mjeteve motorike dhe motoeikletave,0.06789328706416138,0.08245458,0.098691344,0.109515905,0.12575269
2027,5,OBILIQ,Tregtia me shumice dhe pakice; Riparimi i mjeteve motorike dhe motoeikletave,0.06789328706416138,0.098244004,0.1147176,0.1257,0.14217365
2027,6,OBILIQ,Tregtia me shumice dhe pakice; Riparimi i mjeteve motorike dhe motoeikletave,0.06789328706416138,0.10584998,0.122437716,0.13349617,0.1500839
2027,7,OBILIQ,Tregtia me shumice dhe pakice; Riparimi i mjeteve motorike dhe motoeikletave,0.06789328706416138,0.09287641,0.10926962,0.12019837,0.13659143
2027,8,OBILIQ,Tregtia me shumice dhe pakice; Riparimi i mjeteve motorike dhe motoeikletave,0.06789328706416138,0.09287641,0.10926962,0.12019837,0.13659143
2027,9,OBILIQ,Tregtia me shumice dhe pakice; Riparimi i mjeteve motorike dhe motoeikletave,0.06789328706416138,0.09330493,0.109704375,0.12063742,0.13703704
2027,10,OBILIQ,Tregtia me shumice dhe pakice; Riparimi i mjeteve motorike dhe motoeikletave,0.06789328706416138,0.09021223,0.106565356,0.11746752,0.13382065
2027,11,OBILIQ,Tregtia me shumice dhe pakice; Riparimi i mjeteve motorike dhe motoeikletave,0.06789328706416138,0.09318831,0.10958612,0.12051797,0.1369158
2027,12,OBILIQ,Tregtia me shumice dhe pakice; Riparimi i mjeteve motorike dhe motoeikletave,0.06789328706416138,0.14837903,0.16560471,0.1770885,0.19431424
2027,3,PARTESH,Administrimi publik dhe mbrojtja; Sigurimi social i detyrueshem,1.0269279681052612,0.6784146,0.70359075,0.72037494,0.7455511
2027,6,PARTESH,Administrimi publik dhe mbrojtja; Sigurimi social i detyrueshem,0.04256762809984974,-0.42388022,-0.41523844,-0.40947723,-0.40083545
2027,9,PARTESH,Administrimi publik dhe mbrojtja; Sigurimi social i detyrueshem,0.23185641474247157,-0.5956104,-0.58954453,-0.58550066,-0.5794348
2027,12,PARTESH,Administrimi publik dhe mbrojtja; Sigurimi social i detyrueshem,-0.3223121261525465,-0.6597448,-0.654641,-0.65123844,-0.6461346
2027,3,PARTESH,Akomodimi dhe sherbimi ushqimor,0.30768529556227636,-0.09783353,-0.084301054,-0.075279355,-0.061746895
2027,6,PARTESH,Akomodimi dhe sherbimi ushqimor,0.36049334123190696,0.21379569,0.23200262,0.2441405,0.26234746
2027,9,PARTESH,Akomodimi dhe sherbimi ushqimor,-0.08057199536618173,-0.33532825,-0.32535815,-0.31871146,-0.3087414
2027,12,PARTESH,Akomodimi dhe sherbimi ushqimor,-0.1531983450710091,-0.18508653,-0.17286289,-0.16471374,-0.15249002
2027,3,PARTESH,Aktivitetet e shendetit te njeriut dhe te punes sociale,0.13634956575292892,0.2648758,0.28384888,0.29649758,0.3154707
2027,6,PARTESH,Aktivitetet e shendetit te njeriut dhe te punes sociale,0.8991122431524041,0.67123896,0.6963074,0.71301985,0.73808837
2027,9,PARTESH,Aktivitetet e shendetit te njeriut dhe te punes sociale,0.8322368419764061,0.5385033,0.5615808,0.5769658,0.6000434
2027,12,PARTESH,Aktivitetet e shendetit te njeriut dhe te punes sociale,0.196295412528578,0.53699726,0.5600523,0.57542217,0.5984771
2027,3,PARTESH,Aktivitetet e tjera sherbyese,0.7816530107290202,0.69674486,0.7221961,0.7391635,0.7646147
2027,6,PARTESH,Aktivitetet e tjera sherbyese,1.5056763153915909,0.80882734,0.8359598,0.854048,0.8811804
2027,9,PARTESH,Aktivitetet e tjera sherbyese,0.47056964860541445,-0.23939663,-0.22798759,-0.22038156,-0.20897251
2027,12,PARTESH,Aktivitetet e tjera sherbyese,1.1574611160720703,1.4299879,1.4664376,1.4907374,1.5271873
2027,9,PARTESH,Bujqesia;Pylltaria dhe Peshkimi,1.4220614791049626,0.7020462,0.72757685,0.7445973,0.7701279
2027,12,PARTESH,Bujqesia;Pylltaria dhe Peshkimi,-0.28537905661348134,-0.41304088,-0.4042365,-0.39836693,-0.38956255
2027,1,PARTESH,Industria perpunuese,0.37657071626405936,0.05715403,0.0730114,0.08358288,0.09944022
2027,2,PARTESH,Industria perpunuese,0.24557979660039236,-0.026919559,-0.0123233795,-0.0025925636,0.01200366
2027,3,PARTESH,Industria perpunuese,0.0990424087426028,0.069049925,0.08508563,0.0957762,0.11181188
2027,4,PARTESH,Industria perpunuese,0.4188638003749242,0.21690486,0.23515844,0.24732745,0.265581
2027,5,PARTESH,Industria perpunuese,0.09496669094183957,-0.024817558,-0.010189891,-0.00043803453,0.01418972
2027,6,PARTESH,Industria perpunuese,0.17189133742334492,0.1539137,0.17122245,0.18276155,0.20007026
2027,7,PARTESH,Industria perpunuese,0.29971008684998574,0.1524594,0.16974628,0.18127084,0.19855773
2027,8,PARTESH,Industria perpunuese,0.4589801375864629,0.17310783,0.19070446,0.2024355,0.2200321
2027,9,PARTESH,Industria perpunuese,0.2087761404399439,0.061406683,0.07732785,0.087941885,0.103863
2027,10,PARTESH,Industria perpunuese,0.2244503706877601,0.037754998,0.05332136,0.06369889,0.07926512
2027,11,PARTESH,Industria perpunuese,0.5600243376537283,0.16999036,0.18754017,0.19924009,0.21678984
2027,12,PARTESH,Industria perpunuese,0.11262679042408287,0.11714624,0.13390338,0.14507484,0.1618321
2027,3,PARTESH,Informimi dhe komunikimi,0.8294316111051822,0.24249636,0.2611338,0.27355874,0.29219615
2027,6,PARTESH,Informimi dhe komunikimi,0.6022167159707265,0.22407103,0.24243212,0.25467277,0.27303386
2027,9,PARTESH,Informimi dhe komunikimi,-0.15504843702383067,-0.30201975,-0.29155004,-0.28457022,-0.27410054
2027,12,PARTESH,Informimi dhe komunikimi,1.4150170782759475,0.79348683,0.82038915,0.83832395,0.86522627
2027,1,PARTESH,Ndertimtaria,1.301960100052272,0.32618025,0.3460729,0.3593347,0.3792274
2027,2,PARTESH,Ndertimtaria,0.5334246936990796,-0.5283376,-0.52126265,-0.516546,-0.5094711
2027,3,PARTESH,Ndertimtaria,0.24264777600918833,-0.3017134,-0.29123914,-0.28425628,-0.27378196
2027,6,PARTESH,Ndertimtaria,-0.3436928671007457,-0.36423966,-0.3547033,-0.3483457,-0.3388093
2027,8,PARTESH,Ndertimtaria,2.0,2.0,2.045,2.0749998,2.12
2027,9,PARTESH,Ndertimtaria,-0.15382563414208172,-0.34750026,-0.33771276,-0.33118778,-0.32140028
2027,10,PARTESH,Ndertimtaria,-0.40645161385531836,-0.897157,-0.8956144,-0.89458597,-0.8930433
2027,11,PARTESH,Ndertimtaria,-0.23901869376828747,-0.56436694,-0.5578325,-0.5534761,-0.54694164
2027,12,PARTESH,Ndertimtaria,0.33270333382777567,0.52425665,0.5471206,0.562363,0.5852269
2027,3,PARTESH,Sherbimet administrative dhe mbeshtetese,1.8614195770941004,1.2993684,1.333859,1.3568525,1.3913431
2027,6,PARTESH,Sherbimet administrative dhe mbeshtetese,1.867316573100192,0.8425009,0.8701384,0.8885634,0.9162009
2027,9,PARTESH,Sherbimet administrative dhe mbeshtetese,1.638688367363335,1.2486281,1.2823575,1.3048439,1.3385732
2027,12,PARTESH,Sherbimet administrative dhe mbeshtetese,2.0,1.2536088,1.2874129,1.3099489,1.3437529
2027,3,PARTESH,Transporti dhe magazinimi,2.0,2.0,2.045,2.0749998,2.12
2027,6,PARTESH,Transporti dhe magazinimi,2.0,2.0,2.045,2.0749998,2.12
2027,9,PARTESH,Transporti dhe magazinimi,2.0,2.0,2.045,2.0749998,2.12
2027,12,PARTESH,Transporti dhe magazinimi,2.0,2.0,2.045,2.0749998,2.12
2027,1,PARTESH,Tregtia me shumice dhe pakice; Riparimi i mjeteve motorike dhe motoeikletave,-0.23002037514485518,-0.6640008,-0.6589608,-0.65560085,-0.65056086
2027,2,PARTESH,Tregtia me shumice dhe pakice; Riparimi i mjeteve motorike dhe motoeikletave,-0.4934055619089429,-0.5015004,-0.49402297,-0.48903793,-0.48156047
2027,3,PARTESH,Tregtia me shumice dhe pakice; Riparimi i mjeteve motorike dhe motoeikletave,0.04094853430941116,-0.109315135,-0.095954895,-0.087048054,-0.07368779
2027,4,PARTESH,Tregtia me shumice dhe pakice; Riparimi i mjeteve motorike dhe motoeikletave,0.5873238620671113,0.28799284,0.30731273,0.32019258,0.33951247
2027,5,PARTESH,Tregtia me shumice dhe pakice; Riparimi i mjeteve motorike dhe motoeikletave,0.5231047668479023,0.47172233,0.49379814,0.50851536,0.53059125
2027,6,PARTESH,Tregtia me shumice dhe pakice; Riparimi i mjeteve motorike dhe motoeikletave,0.0619023032972635,-0.033186812,-0.018684626,-0.009016514,0.005485654
2027,7,PARTESH,Tregtia me shumice dhe pakice; Riparimi i mjeteve motorike dhe motoeikletave,0.554670357264675,0.44273984,0.46438098,0.47880828,0.5004494
2027,8,PARTESH,Tregtia me shumice dhe pakice; Riparimi i mjeteve motorike dhe motoeikletave,0.4813761712205441,0.31684503,0.33659768,0.34976614,0.36951876
2027,9,PARTESH,Tregtia me shumice dhe pakice; Riparimi i mjeteve motorike dhe motoeikletave,0.06004023704788291,-0.059291482,-0.045180857,-0.035773814,-0.021663189
2027,10,PARTESH,Tregtia me shumice dhe pakice; Riparimi i mjeteve motorike dhe motoeikletave,0.2034920943641825,0.14322135,0.16036963,0.17180192,0.18895018
2027,11,PARTESH,Tregtia me shumice dhe pakice; Riparimi i mjeteve motorike dhe motoeikletave,-0.016360863917794132,-0.008420155,0.006453514,0.016369343,0.031242967
2027,12,PARTESH,Tregtia me shumice dhe pakice; Riparimi i mjeteve motorike dhe motoeikletave,0.16591897585555493,0.07887435,0.09505749,0.10584617,0.122029305
2027,1,PEJË,Administrimi publik dhe mbrojtja; Sigurimi social i detyrueshem,0.03150695199639118,-0.07579526,-0.061932206,-0.052690208,-0.03882712
2027,2,PEJË,Administrimi publik dhe mbrojtja; Sigurimi social i detyrueshem,0.3807038904181328,-0.06960004,-0.055644035,-0.04634005,-0.032384098
2027,3,PEJË,Administrimi publik dhe mbrojtja; Sigurimi social i detyrueshem,0.9053910998086488,0.49722826,0.5196867,0.5346589,0.55711734
2027,4,PEJË,Administrimi publik dhe mbrojtja; Sigurimi social i detyrueshem,0.2701085670297696,0.37192366,0.39250255,0.40622175,0.4268006
2027,5,PEJË,Administrimi publik dhe mbrojtja; Sigurimi social i detyrueshem,1.2323063666696492,0.75777274,0.7841393,0.8017169,0.8280835
2027,6,PEJË,Administrimi publik dhe mbrojtja; Sigurimi social i detyrueshem,0.0895920532665745,0.19324385,0.21114254,0.22307491,0.24097359
2027,7,PEJË,Administrimi publik dhe mbrojtja; Sigurimi social i detyrueshem,0.6465001814706962,1.0673836,1.0983944,1.1190684,1.150079
2027,8,PEJË,Administrimi publik dhe mbrojtja; Sigurimi social i detyrueshem,1.6332534682542905,1.4739263,1.5110352,1.5357745,1.5728834
2027,9,PEJË,Administrimi publik dhe mbrojtja; Sigurimi social i detyrueshem,1.2899497172561112,0.96979463,0.9993415,1.0190394,1.0485864
2027,10,PEJË,Administrimi publik dhe mbrojtja; Sigurimi social i detyrueshem,0.07723219779381564,0.155209,0.17253721,0.1840893,0.20141733
2027,11,PEJË,Administrimi publik dhe mbrojtja; Sigurimi social i detyrueshem,1.6350430223055528,1.4002521,1.4362559,1.4602582,1.4962621
2027,12,PEJË,Administrimi publik dhe mbrojtja; Sigurimi social i detyrueshem,0.4013138634141551,0.73658997,0.7626387,0.7800046,0.8060534
2027,1,PEJË,Akomodimi dhe sherbimi ushqimor,0.2445004747522807,0.2068513,0.22495401,0.23702252,0.25512528
2027,2,PEJË,Akomodimi dhe sherbimi ushqimor,0.25761340816572126,0.19662227,0.2145716,0.22653782,0.24448705
2027,3,PEJË,Akomodimi dhe sherbimi ushqimor,-0.0265126481775448,-0.028167266,-0.013589799,-0.003871441,0.010706067
2027,4,PEJË,Akomodimi dhe sherbimi ushqimor,0.22713255189008913,0.28362703,0.30288148,0.3157177,0.33497202
2027,5,PEJË,Akomodimi dhe sherbimi ushqimor,0.1769539586219823,0.14234883,0.15948403,0.1709075,0.18804264
2027,6,PEJË,Akomodimi dhe sherbimi ushqimor,0.015725550928850338,-0.010682387,0.0041573048,0.014050484,0.028890252
2027,7,PEJË,Akomodimi dhe sherbimi ushqimor,0.05891302043390405,0.0315062,0.046978712,0.057293773,0.07276642
2027,8,PEJË,Akomodimi dhe sherbimi ushqimor,0.08401347079688329,0.040647358,0.05625713,0.0666635,0.082273245
2027,9,PEJË,Akomodimi dhe sherbimi ushqimor,0.09623022138251333,0.15397893,0.17128861,0.18282843,0.20013809
2027,10,PEJË,Akomodimi dhe sherbimi ushqimor,0.3154590787326326,0.3780489,0.39871967,0.41250014,0.4331708
2027,11,PEJË,Akomodimi dhe sherbimi ushqimor,0.30958610071246945,0.38526118,0.40604007,0.41989267,0.44067156
2027,12,PEJË,Akomodimi dhe sherbimi ushqimor,-0.0035037224479640343,0.06595888,0.08194828,0.092607856,0.10859716
2027,1,PEJË,Aktivitetet e patundshmerise,0.7232245206066032,0.72020084,0.74600375,0.76320577,0.78900874
2027,2,PEJË,Aktivitetet e patundshmerise,2.0,2.0,2.045,2.0749998,2.12
2027,3,PEJË,Aktivitetet e patundshmerise,2.0,1.9405618,1.9846702,2.0140758,2.0581841
2027,4,PEJË,Aktivitetet e patundshmerise,2.0,2.0,2.045,2.0749998,2.12
2027,5,PEJË,Aktivitetet e patundshmerise,1.1302109515008147,1.3195772,1.3543708,1.3775666,1.4123602
2027,6,PEJË,Aktivitetet e patundshmerise,0.9120692140786497,0.9122743,0.9409585,0.9600812,0.98876524
2027,7,PEJË,Aktivitetet e patundshmerise,-0.022161261512169784,-0.12109271,-0.10790908,-0.09912002,-0.08593643
2027,8,PEJË,Aktivitetet e patundshmerise,-0.45137421992940574,-0.5319624,-0.5249418,-0.52026147,-0.51324093
2027,9,PEJË,Aktivitetet e patundshmerise,0.09175781189463801,-0.08974265,-0.076088786,-0.06698626,-0.05333239
2027,10,PEJË,Aktivitetet e patundshmerise,-0.647792288656782,-0.8021815,-0.79921424,-0.797236,-0.7942687
2027,11,PEJË,Aktivitetet e patundshmerise,-0.41711066396273483,-0.3837355,-0.37449157,-0.36832893,-0.35908496
2027,12,PEJË,Aktivitetet e patundshmerise,-0.14838682278620843,-0.16411291,-0.15157461,-0.14321578,-0.13067746
2027,1,PEJË,Aktivitetet e shendetit te njeriut dhe te punes sociale,0.28187656766310426,0.37677813,0.39742982,0.41119754,0.43184924
2027,2,PEJË,Aktivitetet e shendetit te njeriut dhe te punes sociale,0.2863901182166253,0.26029423,0.27919865,0.29180157,0.3107059
2027,3,PEJË,Aktivitetet e shendetit te njeriut dhe te punes sociale,0.1620912606078354,0.073990904,0.090100765,0.10084069,0.11695051
2027,4,PEJË,Aktivitetet e shendetit te njeriut dhe te punes sociale,0.23696543810939333,0.28132117,0.30054092,0.31335413,0.332574
2027,5,PEJË,Aktivitetet e shendetit te njeriut dhe te punes sociale,0.24019101286451489,0.16671665,0.18421745,0.19588459,0.21338534
2027,6,PEJË,Aktivitetet e shendetit te njeriut dhe te punes sociale,0.04397537258649293,0.08862946,0.10495889,0.1158452,0.13217461
2027,7,PEJË,Aktivitetet e shendetit te njeriut dhe te punes sociale,0.037484287104020325,0.11199147,0.12867141,0.13979125,0.15647113
2027,8,PEJË,Aktivitetet e shendetit te njeriut dhe te punes sociale,0.03716036273312565,0.0631977,0.07914567,0.08977771,0.105725646
2027,9,PEJË,Aktivitetet e shendetit te njeriut dhe te punes sociale,0.08422231366859297,0.0713843,0.087455034,0.09816885,0.11423969
2027,10,PEJË,Aktivitetet e shendetit te njeriut dhe te punes sociale,0.3016469170525251,0.20418134,0.22224402,0.23428583,0.25234854
2027,11,PEJË,Aktivitetet e shendetit te njeriut dhe te punes sociale,0.33702712634973575,0.19889207,0.21687543,0.22886443,0.24684775
2027,12,PEJË,Aktivitetet e shendetit te njeriut dhe te punes sociale,-0.0109852114071123,0.12839524,0.14532113,0.156605,0.17353094
2027,1,PEJË,Aktivitetet e tjera sherbyese,0.4425108282381066,0.17228332,0.1898675,0.2015903,0.21917462
2027,2,PEJË,Aktivitetet e tjera sherbyese,0.4990906908064296,0.34162948,0.36175394,0.37517023,0.39529467
2027,3,PEJË,Aktivitetet e tjera sherbyese,0.06449092396845879,-0.0070786164,0.007815242,0.017744422,0.032638192
2027,4,PEJË,Aktivitetet e tjera sherbyese,0.1670532384439264,0.118385755,0.13516152,0.14634538,0.16312122
2027,5,PEJË,Aktivitetet e tjera sherbyese,0.11528412310440381,0.026103176,0.041494727,0.051755667,0.067147255
2027,6,PEJË,Aktivitetet e tjera sherbyese,0.0830448379481347,-0.02377892,-0.009135604,0.000626564,0.0152698755
2027,7,PEJË,Aktivitetet e tjera sherbyese,0.11009395050532494,-0.045531753,-0.031214714,-0.021670043,-0.0073530674
2027,8,PEJË,Aktivitetet e tjera sherbyese,0.2808008137325212,0.14476086,0.16193223,0.1733799,0.19055128
2027,9,PEJË,Aktivitetet e tjera sherbyese,-0.0010592076001962735,-0.030862657,-0.016325593,-0.0066342354,0.007902861
2027,10,PEJË,Aktivitetet e tjera sherbyese,0.680685743019368,0.39500844,0.4159336,0.4298836,0.45080876
2027,11,PEJË,Aktivitetet e tjera sherbyese,0.575107084817818,0.28537017,0.30465066,0.3175043,0.33678484
2027,12,PEJË,Aktivitetet e tjera sherbyese,-0.05601587051315266,-0.031568836,-0.017042398,-0.007358074,0.007168412
2027,1,PEJË,Aktivitetet financiare dhe te sigurimit,0.21479425606503638,-0.036627755,-0.02217722,-0.0125434995,0.0019071102
2027,2,PEJË,Aktivitetet financiare dhe te sigurimit,0.20103817349068276,0.039383702,0.054974437,0.065368176,0.08095896
2027,3,PEJË,Aktivitetet financiare dhe te sigurimit,0.18471507390566133,0.038513295,0.054090977,0.06447613,0.08005381
2027,4,PEJË,Aktivitetet financiare dhe te sigurimit,0.2110069060155533,-0.008535688,0.006336212,0.016250849,0.031122804
2027,5,PEJË,Aktivitetet financiare dhe te sigurimit,0.2118396251960657,-0.0019354728,0.013035417,0.023016095,0.037987113
2027,6,PEJË,Aktivitetet financiare dhe te sigurimit,0.22687581822110417,0.058092434,0.07396388,0.08454478,0.10041618
2027,7,PEJË,Aktivitetet financiare dhe te sigurimit,0.2421724664282659,0.0047143153,0.019785047,0.029832244,0.04490292
2027,8,PEJË,Aktivitetet financiare dhe te sigurimit,0.22836997659311892,0.04712092,0.06282771,0.07329893,0.08900571
2027,9,PEJË,Aktivitetet financiare dhe te sigurimit,0.19694064398617436,0.09323176,0.10963023,0.12056255,0.13696098
2027,10,PEJË,Aktivitetet financiare dhe te sigurimit,0.162544571202607,-0.0018608888,0.0131111145,0.023092508,0.0380646
2027,11,PEJË,Aktivitetet financiare dhe te sigurimit,0.2003816694224181,0.03378377,0.049290538,0.059628367,0.07513511
2027,12,PEJË,Aktivitetet financiare dhe te sigurimit,0.0331325367073322,0.15390569,0.17121422,0.1827532,0.2000618
2027,1,PEJË,"Aktivitetet profesionale, shkencore dhe teknike",0.763507896497161,0.5486938,0.5719242,0.58741105,0.6106415
2027,2,PEJË,"Aktivitetet profesionale, shkencore dhe teknike",0.23318722769798952,0.21402183,0.2322321,0.24437237,0.26258266
2027,3,PEJË,"Aktivitetet profesionale, shkencore dhe teknike",0.18747908505416913,0.17117704,0.18874466,0.20045638,0.21802402
2027,4,PEJË,"Aktivitetet profesionale, shkencore dhe teknike",0.23116509775333086,0.25041318,0.26916933,0.28167343,0.3004297
2027,5,PEJË,"Aktivitetet profesionale, shkencore dhe teknike",0.17691939522890338,0.20076415,0.21877563,0.23078322,0.24879467
2027,6,PEJË,"Aktivitetet profesionale, shkencore dhe teknike",-0.0027948501228157708,0.0006361628,0.015645742,0.025652051,0.040661573
2027,7,PEJË,"Aktivitetet profesionale, shkencore dhe teknike",0.1925653795174576,0.1085674,0.12519586,0.13628149,0.15291
2027,8,PEJË,"Aktivitetet profesionale, shkencore dhe teknike",0.26153445322997687,0.33781278,0.35788,0.37125802,0.39132524
2027,9,PEJË,"Aktivitetet profesionale, shkencore dhe teknike",0.2691064780852423,0.27670664,0.2958573,0.3086244,0.32777488
2027,10,PEJË,"Aktivitetet profesionale, shkencore dhe teknike",0.32515246345817433,0.3392098,0.35929787,0.37268996,0.39277816
2027,11,PEJË,"Aktivitetet profesionale, shkencore dhe teknike",0.4791116993141246,0.3758854,0.3965236,0.4102825,0.43092072
2027,12,PEJË,"Aktivitetet profesionale, shkencore dhe teknike",-0.1113037913920539,-0.05943708,-0.045328677,-0.035923064,-0.021814644
2027,1,PEJË,Arsimi,0.2536483264419255,0.21056066,0.22871912,0.2408247,0.25898302
2027,2,PEJË,Arsimi,0.1763927066944134,-0.0028922856,0.012064338,0.02203536,0.036992073
2027,3,PEJË,Arsimi,0.17567324647647398,0.059807606,0.07570481,0.08630288,0.10219991
2027,4,PEJË,Arsimi,0.17313864701543488,0.07226504,0.088348985,0.09907162,0.11515558
2027,5,PEJË,Arsimi,0.16707117450348188,-0.035779927,-0.021316648,-0.011674464,0.0027887821
2027,6,PEJË,Arsimi,0.1761680381677534,0.08920588,0.10554397,0.116436005,0.132774
2027,7,PEJË,Arsimi,0.24614302659826634,0.1521948,0.1694777,0.18099964,0.19828248
2027,8,PEJË,Arsimi,0.17482673402817883,-0.038383573,-0.023959398,-0.014343202,8.106232e-05
2027,9,PEJË,Arsimi,-0.1701675736118042,-0.24886656,-0.23759955,-0.23008823,-0.21882123
2027,10,PEJË,Arsimi,-0.06220592481597706,-0.18814968,-0.17597193,-0.16785347,-0.15567571
2027,11,PEJË,Arsimi,-0.1597419663163073,-0.15157913,-0.13885283,-0.13036865,-0.11764234
2027,12,PEJË,Arsimi,-0.10048909728647927,-0.033341207,-0.018841386,-0.009174764,0.005325079
2027,1,PEJË,"Artet, Argetimi dhe rekreacioni",1.7575388256350557,1.5987844,1.6377661,1.663754,1.7027357
2027,2,PEJË,"Artet, Argetimi dhe rekreacioni",0.842641289319406,0.8520136,0.87979376,0.8983139,0.92609406
2027,3,PEJË,"Artet, Argetimi dhe rekreacioni",0.47264429678842135,0.50297076,0.5255152,0.54054487,0.5630895
2027,4,PEJË,"Artet, Argetimi dhe rekreacioni",0.7754337856002785,0.73708606,0.76314235,0.78051317,0.80656946
2027,5,PEJË,"Artet, Argetimi dhe rekreacioni",0.5119594898971317,0.5557081,0.57904375,0.5946008,0.6179365
2027,6,PEJË,"Artet, Argetimi dhe rekreacioni",-0.007511425706638413,-0.014816865,-3.916025e-05,0.009812713,0.024590373
2027,7,PEJË,"Artet, Argetimi dhe rekreacioni",0.018288426630484002,0.12504119,0.14191687,0.15316725,0.17004287
2027,8,PEJË,"Artet, Argetimi dhe rekreacioni",-0.15635608029814474,-0.09474402,-0.081165195,-0.07211262,-0.058533847
2027,9,PEJË,"Artet, Argetimi dhe rekreacioni",-0.10837826916496485,-0.19565594,-0.18359077,-0.17554736,-0.16348219
2027,10,PEJË,"Artet, Argetimi dhe rekreacioni",0.6278490934927455,0.83963645,0.867231,0.88562727,0.91322184
2027,11,PEJË,"Artet, Argetimi dhe rekreacioni",0.709974474730262,0.26498044,0.2839551,0.29660487,0.31557965
2027,12,PEJË,"Artet, Argetimi dhe rekreacioni",0.12929876320499983,0.22376567,0.24212205,0.25435972,0.27271616
2027,1,PEJË,Bujqesia;Pylltaria dhe Peshkimi,0.528324198772321,0.24664006,0.2653396,0.27780604,0.2965057
2027,2,PEJË,Bujqesia;Pylltaria dhe Peshkimi,0.31344856905596463,0.1792175,0.19690573,0.20869792,0.22638607
2027,3,PEJË,Bujqesia;Pylltaria dhe Peshkimi,-0.011558282774729735,-0.04113874,-0.02675587,-0.01716727,-0.0027843714
2027,4,PEJË,Bujqesia;Pylltaria dhe Peshkimi,-0.038565543943876894,0.01532021,0.030550003,0.040703177,0.055933
2027,5,PEJË,Bujqesia;Pylltaria dhe Peshkimi,-0.014843248997442667,-0.028557211,-0.013985574,-0.0042711496,0.010300517
2027,6,PEJË,Bujqesia;Pylltaria dhe Peshkimi,0.09227143000081871,0.14279312,0.15993512,0.171363,0.18850482
2027,7,PEJË,Bujqesia;Pylltaria dhe Peshkimi,0.08607533639419591,0.004072144,0.01913321,0.02917397,0.04423499
2027,8,PEJË,Bujqesia;Pylltaria dhe Peshkimi,0.1612770719330545,0.15667231,0.17402244,0.1855892,0.20293915
2027,9,PEJË,Bujqesia;Pylltaria dhe Peshkimi,0.13856659954584258,0.1810057,0.19872081,0.21053088,0.22824585
2027,10,PEJË,Bujqesia;Pylltaria dhe Peshkimi,0.11781480438513453,0.0630551,0.07900083,0.08963144,0.10557723
2027,11,PEJË,Bujqesia;Pylltaria dhe Peshkimi,0.0864178748207902,0.034958147,0.05048251,0.060832024,0.07635641
2027,12,PEJË,Bujqesia;Pylltaria dhe Peshkimi,0.05728747634571331,0.14993034,0.16717935,0.17867863,0.1959275
2027,1,PEJË,"Furnizimi me rryme, gaz, avull dhe ajer te kondicionuar",0.31556268175606966,0.02321902,0.038567305,0.048799396,0.06414771
2027,2,PEJË,"Furnizimi me rryme, gaz, avull dhe ajer te kondicionuar",0.06315624561032648,-0.05171561,-0.03749138,-0.02800852,-0.013784289
2027,3,PEJË,"Furnizimi me rryme, gaz, avull dhe ajer te kondicionuar",-0.001826024963401687,0.009523032,0.024665833,0.03476107,0.04990387
2027,4,PEJË,"Furnizimi me rryme, gaz, avull dhe ajer te kondicionuar",0.1299131693584303,0.1752781,0.19290721,0.20465994,0.2222892
2027,5,PEJË,"Furnizimi me rryme, gaz, avull dhe ajer te kondicionuar",0.19539150233748073,0.13335262,0.15035295,0.16168642,0.17868674
2027,6,PEJË,"Furnizimi me rryme, gaz, avull dhe ajer te kondicionuar",0.4779133901397295,0.25224692,0.27103055,0.283553,0.3023367
2027,7,PEJË,"Furnizimi me rryme, gaz, avull dhe ajer te kondicionuar",-0.00628750723790778,-0.03361545,-0.01911974,-0.00945586,0.0050399303
2027,8,PEJË,"Furnizimi me rryme, gaz, avull dhe ajer te kondicionuar",0.006374299594423798,0.002596788,0.017635703,0.027661681,0.04270053
2027,9,PEJË,"Furnizimi me rryme, gaz, avull dhe ajer te kondicionuar",0.6756052090314354,0.48788774,0.510206,0.52508485,0.5474032
2027,10,PEJË,"Furnizimi me rryme, gaz, avull dhe ajer te kondicionuar",1.0140535137682405,0.5121521,0.5348344,0.54995584,0.57263815
2027,11,PEJË,"Furnizimi me rryme, gaz, avull dhe ajer te kondicionuar",0.6228164715093825,0.27107853,0.2901448,0.3028555,0.3219217
2027,12,PEJË,"Furnizimi me rryme, gaz, avull dhe ajer te kondicionuar",0.14033491147514737,0.25431556,0.2731303,0.2856735,0.30448818
2027,1,PEJË,Furnizimi me uje; Kanalizimi; Aktivitetet e menaxhimit dhe te trajtimit te mbeturinave,8.100596267201844e-05,-0.08125629,-0.06747514,-0.05828768,-0.04450655
2027,2,PEJË,Furnizimi me uje; Kanalizimi; Aktivitetet e menaxhimit dhe te trajtimit te mbeturinave,0.06982673472304758,-0.08639474,-0.072690666,-0.063554645,-0.049850523
2027,3,PEJË,Furnizimi me uje; Kanalizimi; Aktivitetet e menaxhimit dhe te trajtimit te mbeturinave,0.10500701704134503,-0.03209894,-0.01758045,-0.00790143,0.0066170692
2027,4,PEJË,Furnizimi me uje; Kanalizimi; Aktivitetet e menaxhimit dhe te trajtimit te mbeturinave,0.13738410460692033,0.036597397,0.052146316,0.06251228,0.07806122
2027,5,PEJË,Furnizimi me uje; Kanalizimi; Aktivitetet e menaxhimit dhe te trajtimit te mbeturinave,0.13982222471952718,0.110179044,0.12683177,0.1379335,0.1545862
2027,6,PEJË,Furnizimi me uje; Kanalizimi; Aktivitetet e menaxhimit dhe te trajtimit te mbeturinave,0.14063563173874488,0.080160275,0.09636259,0.10716426,0.123366594
2027,7,PEJË,Furnizimi me uje; Kanalizimi; Aktivitetet e menaxhimit dhe te trajtimit te mbeturinave,0.11130795113469108,-0.019684805,-0.0049800873,0.0048230886,0.019527793
2027,8,PEJË,Furnizimi me uje; Kanalizimi; Aktivitetet e menaxhimit dhe te trajtimit te mbeturinave,0.13842307587409003,0.09048839,0.10684574,0.117750645,0.13410795
2027,9,PEJË,Furnizimi me uje; Kanalizimi; Aktivitetet e menaxhimit dhe te trajtimit te mbeturinave,0.16150372517075853,0.124941565,0.14181566,0.15306509,0.16993916
2027,10,PEJË,Furnizimi me uje; Kanalizimi; Aktivitetet e menaxhimit dhe te trajtimit te mbeturinave,0.11369772867025828,-0.05044897,-0.03620571,-0.026710212,-0.012466967
2027,11,PEJË,Furnizimi me uje; Kanalizimi; Aktivitetet e menaxhimit dhe te trajtimit te mbeturinave,0.15254299527027415,0.057042573,0.07289827,0.083468676,0.09932423
2027,12,PEJË,Furnizimi me uje; Kanalizimi; Aktivitetet e menaxhimit dhe te trajtimit te mbeturinave,0.11914778413045816,0.095500804,0.11193335,0.12288833,0.13932085
2027,1,PEJË,Industria nxjerrese,1.595697541586891,0.84772795,0.87544394,0.89392114,0.92163706
2027,2,PEJË,Industria nxjerrese,0.1938588130305725,0.08201039,0.098240495,0.109060645,0.12529075
2027,3,PEJË,Industria nxjerrese,0.15129987265549397,0.13349119,0.1504935,0.1618284,0.17883074
2027,4,PEJË,Industria nxjerrese,0.6479506757743907,0.8395911,0.8671849,0.8855808,0.9131746
2027,5,PEJË,Industria nxjerrese,-0.16303361429138402,-0.1566018,-0.14395082,-0.13551682,-0.122865915
2027,6,PEJË,Industria nxjerrese,0.3685699285607898,0.5470379,0.57024336,0.58571374,0.60891926
2027,7,PEJË,Industria nxjerrese,-0.07422163496057751,0.08730848,0.103618145,0.114491224,0.13080084
2027,8,PEJË,Industria nxjerrese,0.6733739746044272,0.5262035,0.5490966,0.5643586,0.58725154
2027,9,PEJË,Industria nxjerrese,0.11937051852410815,0.16344479,0.1808964,0.19253087,0.20998251
2027,10,PEJË,Industria nxjerrese,-0.39344478239048786,-0.51338226,-0.506083,-0.5012168,-0.49391758
2027,11,PEJË,Industria nxjerrese,0.13333462832184384,0.107843146,0.12446082,0.13553917,0.15215683
2027,12,PEJË,Industria nxjerrese,-0.079633246724601,0.122251466,0.1390853,0.15030777,0.16714156
2027,1,PEJË,Industria perpunuese,0.07098846413584058,0.10754846,0.12416172,0.13523722,0.15185034
2027,2,PEJË,Industria perpunuese,0.06789328706416138,0.06960703,0.08565116,0.09634721,0.11239123
2027,3,PEJË,Industria perpunuese,0.06789328706416138,0.075735494,0.0918715,0.10262883,0.11876488
2027,4,PEJË,Industria perpunuese,0.06789328706416138,0.06927212,0.085311174,0.09600389,0.11204302
2027,5,PEJË,Industria perpunuese,0.06789328706416138,0.07716065,0.093317986,0.10408962,0.12024701
2027,6,PEJË,Industria perpunuese,0.06789328706416138,0.07716065,0.093317986,0.10408962,0.12024701
2027,7,PEJË,Industria perpunuese,0.06789328706416138,0.0739435,0.090052605,0.10079205,0.11690116
2027,8,PEJË,Industria perpunuese,0.06789328706416138,0.0739435,0.090052605,0.10079205,0.11690116
2027,9,PEJË,Industria perpunuese,0.06789328706416138,0.07146151,0.087533474,0.098248124,0.11431992
2027,10,PEJË,Industria perpunuese,0.06789328706416138,0.062982485,0.07892716,0.08955693,0.10550165
2027,11,PEJË,Industria perpunuese,0.06789328706416138,0.06902736,0.08506274,0.095752954,0.11178839
2027,12,PEJË,Industria perpunuese,0.06789328706416138,0.13387696,0.1508851,0.16222382,0.179232
2027,1,PEJË,Informimi dhe komunikimi,0.2158176384416997,0.095033266,0.11145878,0.122409105,0.1388346
2027,2,PEJË,Informimi dhe komunikimi,0.27409162013237354,0.26973706,0.28878307,0.3014804,0.32052648
2027,3,PEJË,Informimi dhe komunikimi,0.1725608005507039,0.22644573,0.24484229,0.25710678,0.2755034
2027,4,PEJË,Informimi dhe komunikimi,0.20140781714539244,0.19712597,0.21508276,0.227054,0.24501085
2027,5,PEJË,Informimi dhe komunikimi,0.14638613863501707,0.17275167,0.1903429,0.20207047,0.21966171
2027,6,PEJË,Informimi dhe komunikimi,0.12942935806092581,0.14642037,0.16361666,0.1750809,0.19227707
2027,7,PEJË,Informimi dhe komunikimi,0.15456825308678196,0.19103684,0.20890236,0.22081268,0.23867822
2027,8,PEJË,Informimi dhe komunikimi,0.16324021188653853,0.18626742,0.20406139,0.21592402,0.23371804
2027,9,PEJË,Informimi dhe komunikimi,0.10910319565696114,0.14033459,0.15743959,0.16884291,0.1859479
2027,10,PEJË,Informimi dhe komunikimi,0.14205032867448067,0.072949864,0.089044094,0.099773645,0.11586785
2027,11,PEJË,Informimi dhe komunikimi,0.11292921071499665,0.11571988,0.1324557,0.14361286,0.16034865
2027,12,PEJË,Informimi dhe komunikimi,0.029314403781865513,0.0876452,0.1039598,0.114836335,0.13115096
2027,1,PEJË,Mungon aktiviteti,1.400080462406122,1.5483888,1.5866148,1.6120987,1.6503243
2027,2,PEJË,Mungon aktiviteti,0.8285931894088304,0.76287293,0.78931606,0.8069447,0.83338773
2027,3,PEJË,Mungon aktiviteti,1.2706404121930346,1.0115923,1.0417662,1.0618823,1.092056
2027,4,PEJË,Mungon aktiviteti,1.0053839664392636,0.7524446,0.7787312,0.7962557,0.8225423
2027,5,PEJË,Mungon aktiviteti,0.9503437222778954,0.7774331,0.8040947,0.8218689,0.8485304
2027,6,PEJË,Mungon aktiviteti,1.1887372547958122,0.79083115,0.8176935,0.8356018,0.8624643
2027,7,PEJË,Mungon aktiviteti,0.891018644603515,0.5010113,0.52352655,0.53853667,0.5610517
2027,8,PEJË,Mungon aktiviteti,1.9732512366918702,1.4124254,1.448612,1.4727361,1.5089223
2027,9,PEJË,Mungon aktiviteti,1.0203022904267394,0.5129759,0.5356705,0.5508003,0.5734949
2027,10,PEJË,Mungon aktiviteti,-0.3733015280563701,-0.45492598,-0.44674993,-0.4412992,-0.43312305
2027,11,PEJË,Mungon aktiviteti,0.18705786869897414,-0.057343718,-0.04320389,-0.033777356,-0.019637525
2027,12,PEJË,Mungon aktiviteti,-0.24849138282337194,-0.33855408,-0.3286324,-0.32201797,-0.3120963
2027,1,PEJË,Ndertimtaria,0.09312707224023153,0.21031107,0.22846568,0.24056876,0.2587235
2027,2,PEJË,Ndertimtaria,0.0897865100482156,0.2506495,0.26940918,0.28191566,0.3006754
2027,3,PEJË,Ndertimtaria,0.09021069507829983,0.26341194,0.28236318,0.29499722,0.3139484
2027,4,PEJË,Ndertimtaria,0.078400195598596,0.110244244,0.12689793,0.13800037,0.15465403
2027,5,PEJË,Ndertimtaria,0.08434185171939781,0.11312998,0.1298269,0.14095819,0.15765512
2027,6,PEJË,Ndertimtaria,0.08904850919395531,0.21178967,0.2299664,0.24208426,0.26026118
2027,7,PEJË,Ndertimtaria,0.07123579042701846,0.048382796,0.06410849,0.07459235,0.090318084
2027,8,PEJË,Ndertimtaria,0.06937829870578086,0.101435065,0.11795652,0.12897086,0.14549243
2027,9,PEJË,Ndertimtaria,0.08398237506677428,0.16764338,0.18515801,0.19683444,0.21434915
2027,10,PEJË,Ndertimtaria,0.06697550269919508,0.05907333,0.0749594,0.08555019,0.10143626
2027,11,PEJË,Ndertimtaria,0.08207562432348889,0.112918146,0.12961185,0.14074111,0.15743482
2027,12,PEJË,Ndertimtaria,0.06557725633557603,0.062010717,0.07794094,0.08856106,0.104491115
2027,1,PEJË,Person Fizik,0.4241618681270866,-0.3674123,-0.3579235,-0.35159767,-0.34210885
2027,2,PEJË,Person Fizik,1.146856619301712,-0.022285793,-0.007620096,0.002156973,0.016822696
2027,3,PEJË,Person Fizik,0.6164518668853346,-0.08968556,-0.07603085,-0.06692773,-0.053273022
2027,4,PEJË,Person Fizik,-0.4801237387772958,-0.79480255,-0.79172456,-0.7896726,-0.7865946
2027,5,PEJË,Person Fizik,-0.48555880502019627,-0.6661982,-0.66119117,-0.6578531,-0.6528461
2027,6,PEJË,Person Fizik,-0.5806329079338255,-0.70801985,-0.70364016,-0.70072037,-0.6963407
2027,7,PEJË,Person Fizik,-0.5128956340876939,-0.97946334,-0.9791553,-0.9789499,-0.97864187
2027,8,PEJË,Person Fizik,-0.7698620081842132,-1.0,-1.0,-1.0,-1.0
2027,9,PEJË,Person Fizik,-0.6573972995966331,-1.0,-1.0,-1.0,-1.0
2027,12,PEJË,Person Fizik,-0.51590765287925,-0.4345285,-0.42604643,-0.42039168,-0.41190964
2027,1,PEJË,Sherbimet administrative dhe mbeshtetese,0.5970953442107225,0.46700135,0.48900628,0.5036763,0.52568126
2027,2,PEJË,Sherbimet administrative dhe mbeshtetese,0.4027962800088933,0.3163822,0.33612788,0.34929168,0.3690374
2027,3,PEJË,Sherbimet administrative dhe mbeshtetese,0.041075044208449964,0.043660738,0.05931568,0.06975222,0.08540714
2027,4,PEJË,Sherbimet administrative dhe mbeshtetese,0.6260528829339533,0.45534167,0.47717178,0.4917252,0.5135553
2027,5,PEJË,Sherbimet administrative dhe mbeshtetese,0.08300821508698741,0.08039516,0.09660113,0.10740507,0.12361097
2027,6,PEJË,Sherbimet administrative dhe mbeshtetese,0.18878207781090614,0.21213947,0.23032153,0.24244297,0.260625
2027,7,PEJË,Sherbimet administrative dhe mbeshtetese,0.22498833660846548,0.28179434,0.30102122,0.31383908,0.333066
2027,8,PEJË,Sherbimet administrative dhe mbeshtetese,0.1038808156835556,0.016044738,0.031285405,0.04144585,0.05668652
2027,9,PEJË,Sherbimet administrative dhe mbeshtetese,0.11895987553458963,0.15909857,0.17648506,0.18807602,0.20546257
2027,10,PEJË,Sherbimet administrative dhe mbeshtetese,0.1689158758360761,0.004721951,0.019792795,0.029839993,0.04491079
2027,11,PEJË,Sherbimet administrative dhe mbeshtetese,0.11464155209235685,0.0253197,0.040699482,0.050952673,0.06633246
2027,12,PEJË,Sherbimet administrative dhe mbeshtetese,-0.0006831231612086965,0.09033936,0.10669446,0.11759794,0.13395298
2027,1,PEJË,Transporti dhe magazinimi,0.5263024391212274,0.26921773,0.28825593,0.30094814,0.31998634
2027,2,PEJË,Transporti dhe magazinimi,0.23248916191746924,0.19155292,0.20942616,0.22134173,0.2392149
2027,3,PEJË,Transporti dhe magazinimi,0.20807165537716618,0.1905796,0.20843828,0.22034407,0.23820281
2027,4,PEJË,Transporti dhe magazinimi,0.22536085386291588,0.24767825,0.26639342,0.27887022,0.29758537
2027,5,PEJË,Transporti dhe magazinimi,0.13808149532966335,0.069341935,0.085381985,0.096075416,0.1121155
2027,6,PEJË,Transporti dhe magazinimi,0.1497077249277639,0.16711555,0.18462229,0.19629347,0.21380019
2027,7,PEJË,Transporti dhe magazinimi,0.16916002725263693,0.14358056,0.1607343,0.17217004,0.18932378
2027,8,PEJË,Transporti dhe magazinimi,0.10674464417889404,0.09442457,0.11084092,0.121785164,0.1382016
2027,9,PEJË,Transporti dhe magazinimi,0.17676560246918208,0.17711161,0.19476831,0.20653939,0.22419608
2027,10,PEJË,Transporti dhe magazinimi,0.1240488297858656,0.07491103,0.09103465,0.10178375,0.117907405
2027,11,PEJË,Transporti dhe magazinimi,0.24193460584211446,0.20899439,0.22712934,0.23921919,0.25735414
2027,12,PEJË,Transporti dhe magazinimi,0.12850833579543633,0.11219775,0.12888074,0.14000273,0.15668559
2027,1,PEJË,Tregtia me shumice dhe pakice; Riparimi i mjeteve motorike dhe motoeikletave,0.07098846413584058,0.07237844,0.08846402,0.09918785,0.115273476
2027,2,PEJË,Tregtia me shumice dhe pakice; Riparimi i mjeteve motorike dhe motoeikletave,0.06789328706416138,0.044342723,0.06000793,0.07045126,0.08611643
2027,3,PEJË,Tregtia me shumice dhe pakice; Riparimi i mjeteve motorike dhe motoeikletave,0.06789328706416138,0.0492448,0.06498337,0.07547581,0.09121454
2027,4,PEJË,Tregtia me shumice dhe pakice; Riparimi i mjeteve motorike dhe motoeikletave,0.06789328706416138,0.042781442,0.05842316,0.068850994,0.08449268
2027,5,PEJË,Tregtia me shumice dhe pakice; Riparimi i mjeteve motorike dhe motoeikletave,0.06789328706416138,0.050669946,0.06642997,0.0769366,0.09269667
2027,6,PEJË,Tregtia me shumice dhe pakice; Riparimi i mjeteve motorike dhe motoeikletave,0.06789328706416138,0.050669946,0.06642997,0.0769366,0.09269667
2027,7,PEJË,Tregtia me shumice dhe pakice; Riparimi i mjeteve motorike dhe motoeikletave,0.06789328706416138,0.047452796,0.06316459,0.073639154,0.08935094
2027,8,PEJË,Tregtia me shumice dhe pakice; Riparimi i mjeteve motorike dhe motoeikletave,0.06789328706416138,0.047452796,0.06316459,0.073639154,0.08935094
2027,9,PEJË,Tregtia me shumice dhe pakice; Riparimi i mjeteve motorike dhe motoeikletave,0.06789328706416138,0.044970814,0.06064546,0.07109511,0.0867697
2027,10,PEJË,Tregtia me shumice dhe pakice; Riparimi i mjeteve motorike dhe motoeikletave,0.06789328706416138,0.03771815,0.05328393,0.0636611,0.07922685
2027,11,PEJË,Tregtia me shumice dhe pakice; Riparimi i mjeteve motorike dhe motoeikletave,0.06789328706416138,0.04376303,0.059419513,0.06985712,0.08551347
2027,12,PEJË,Tregtia me shumice dhe pakice; Riparimi i mjeteve motorike dhe motoeikletave,0.06789328706416138,0.10782473,0.12444198,0.13552022,0.15213764
2027,1,PODUJEVË,Administrimi publik dhe mbrojtja; Sigurimi social i detyrueshem,0.49304527643626933,0.25347993,0.27228212,0.28481698,0.30361915
2027,2,PODUJEVË,Administrimi publik dhe mbrojtja; Sigurimi social i detyrueshem,0.672736796531268,0.2364592,0.25500607,0.2673707,0.28591752
2027,3,PODUJEVË,Administrimi publik dhe mbrojtja; Sigurimi social i detyrueshem,0.8883729508343269,0.4086419,0.42977154,0.4438579,0.46498752
2027,4,PODUJEVË,Administrimi publik dhe mbrojtja; Sigurimi social i detyrueshem,0.6802556079890278,0.2516203,0.27039456,0.28291082,0.3016851
2027,5,PODUJEVË,Administrimi publik dhe mbrojtja; Sigurimi social i detyrueshem,0.8427929075941244,0.3136249,0.3333292,0.34646547,0.3661698
2027,6,PODUJEVË,Administrimi publik dhe mbrojtja; Sigurimi social i detyrueshem,1.131968215709378,0.9848097,1.0145817,1.0344298,1.0642018
2027,7,PODUJEVË,Administrimi publik dhe mbrojtja; Sigurimi social i detyrueshem,0.49412730703742785,0.18878852,0.20662034,0.21850824,0.23634005
2027,8,PODUJEVË,Administrimi publik dhe mbrojtja; Sigurimi social i detyrueshem,0.6904085220547528,0.59291244,0.61680615,0.63273525,0.65662885
2027,9,PODUJEVË,Administrimi publik dhe mbrojtja; Sigurimi social i detyrueshem,0.9623793830867805,0.8335222,0.861025,0.8793602,0.906863
2027,10,PODUJEVË,Administrimi publik dhe mbrojtja; Sigurimi social i detyrueshem,1.8910344562646184,1.9144555,1.9581723,1.9873168,2.0310335
2027,11,PODUJEVË,Administrimi publik dhe mbrojtja; Sigurimi social i detyrueshem,0.7012325619667276,0.5809847,0.6046995,0.62050927,0.64422405
2027,12,PODUJEVË,Administrimi publik dhe mbrojtja; Sigurimi social i detyrueshem,1.2280534861776113,1.0833136,1.1145632,1.1353962,1.166646
2027,1,PODUJEVË,Akomodimi dhe sherbimi ushqimor,0.5183819387644093,0.37325698,0.3938558,0.40758836,0.42818713
2027,2,PODUJEVË,Akomodimi dhe sherbimi ushqimor,0.5116884642017963,0.44150215,0.46312463,0.47753966,0.49916208
2027,3,PODUJEVË,Akomodimi dhe sherbimi ushqimor,0.023749789649482034,-0.00780407,0.007078886,0.017000794,0.031883717
2027,4,PODUJEVË,Akomodimi dhe sherbimi ushqimor,0.21013998454245197,0.22720711,0.24561512,0.25788724,0.2762953
2027,5,PODUJEVË,Akomodimi dhe sherbimi ushqimor,0.24818784954655598,0.085054904,0.10133064,0.11218119,0.12845707
2027,6,PODUJEVË,Akomodimi dhe sherbimi ushqimor,0.012895739172442956,0.005585522,0.020669341,0.030725121,0.04580891
2027,7,PODUJEVË,Akomodimi dhe sherbimi ushqimor,-0.03386144200002104,-0.0051104394,0.009812832,0.0197618,0.034685135
2027,8,PODUJEVË,Akomodimi dhe sherbimi ushqimor,-0.11486796008431685,-0.07602673,-0.062167168,-0.052927434,-0.039067864
2027,9,PODUJEVË,Akomodimi dhe sherbimi ushqimor,0.11683235116757527,0.095688075,0.11212337,0.12308025,0.13951564
2027,10,PODUJEVË,Akomodimi dhe sherbimi ushqimor,0.6068428411491956,0.5038364,0.5263939,0.54143226,0.56398976
2027,11,PODUJEVË,Akomodimi dhe sherbimi ushqimor,0.6496530943758287,0.21376303,0.23196948,0.24410701,0.2623135
2027,12,PODUJEVË,Akomodimi dhe sherbimi ushqimor,0.031421438119832584,0.130867,0.14783001,0.15913868,0.17610168
2027,1,PODUJEVË,Aktivitetet e patundshmerise,0.7659893070409256,0.82966113,0.857106,0.87540257,0.9028475
2027,2,PODUJEVË,Aktivitetet e patundshmerise,-0.017965625354070067,0.12742576,0.14433718,0.1556114,0.17252278
2027,3,PODUJEVË,Aktivitetet e patundshmerise,0.04355305620886971,0.31571537,0.335451,0.34860814,0.36834383
2027,4,PODUJEVË,Aktivitetet e patundshmerise,-0.1268344350830894,-0.17186342,-0.15944141,-0.15116006,-0.13873798
2027,5,PODUJEVË,Aktivitetet e patundshmerise,-0.1175183929654344,-0.1555376,-0.14287066,-0.13442606,-0.12175912
2027,6,PODUJEVË,Aktivitetet e patundshmerise,0.19923564955799164,0.12783246,0.14474988,0.15602815,0.17294562
2027,7,PODUJEVË,Aktivitetet e patundshmerise,-0.2081035603769759,-0.21968263,-0.20797789,-0.20017469,-0.18846995
2027,8,PODUJEVË,Aktivitetet e patundshmerise,0.09505688038630232,0.33463064,0.35465002,0.36799634,0.38801575
2027,9,PODUJEVË,Aktivitetet e patundshmerise,-0.3284328312723478,-0.032061737,-0.01754272,-0.007863343,0.006655693
2027,10,PODUJEVË,Aktivitetet e patundshmerise,0.2835118959857686,0.33165058,0.35162532,0.36494184,0.38491654
2027,11,PODUJEVË,Aktivitetet e patundshmerise,0.5334531783560017,0.8337692,0.8612757,0.8796134,0.90711987
2027,12,PODUJEVË,Aktivitetet e patundshmerise,-0.05808069557157837,0.5017978,0.5243248,0.53934276,0.5618696
2027,1,PODUJEVË,Aktivitetet e shendetit te njeriut dhe te punes sociale,0.5115404718434312,0.23244683,0.25093353,0.26325798,0.2817446
2027,2,PODUJEVË,Aktivitetet e shendetit te njeriut dhe te punes sociale,0.5271774361282944,0.1434754,0.16062748,0.17206228,0.18921435
2027,3,PODUJEVË,Aktivitetet e shendetit te njeriut dhe te punes sociale,0.2848026113973621,0.19796209,0.21593142,0.22791111,0.24588048
2027,4,PODUJEVË,Aktivitetet e shendetit te njeriut dhe te punes sociale,0.48383083478495376,0.39380637,0.41471338,0.42865145,0.4495585
2027,5,PODUJEVË,Aktivitetet e shendetit te njeriut dhe te punes sociale,0.12542447284297245,0.19170064,0.20957625,0.22149324,0.23936868
2027,6,PODUJEVË,Aktivitetet e shendetit te njeriut dhe te punes sociale,0.13387981962781118,0.103859656,0.120417595,0.13145614,0.14801395
2027,7,PODUJEVË,Aktivitetet e shendetit te njeriut dhe te punes sociale,0.13093629348739977,0.28023055,0.29943395,0.3122363,0.33143973
2027,8,PODUJEVË,Aktivitetet e shendetit te njeriut dhe te punes sociale,0.03471132366144298,0.026300589,0.041695,0.051958084,0.06735253
2027,9,PODUJEVË,Aktivitetet e shendetit te njeriut dhe te punes sociale,0.3111400509852161,0.18101448,0.19872975,0.21053982,0.22825503
2027,10,PODUJEVË,Aktivitetet e shendetit te njeriut dhe te punes sociale,0.7103621092677214,0.3372876,0.357347,0.3707198,0.39077914
2027,11,PODUJEVË,Aktivitetet e shendetit te njeriut dhe te punes sociale,0.8777242716081958,0.44753864,0.46925163,0.4837271,0.5054401
2027,12,PODUJEVË,Aktivitetet e shendetit te njeriut dhe te punes sociale,0.036757975006911386,0.0953429,0.111773014,0.12272644,0.13915658
2027,1,PODUJEVË,Aktivitetet e tjera sherbyese,0.3827469304445562,0.41585386,0.4370916,0.4512502,0.47248793
2027,2,PODUJEVË,Aktivitetet e tjera sherbyese,0.5632858479345407,0.7422594,0.7683933,0.78581583,0.81194973
2027,3,PODUJEVË,Aktivitetet e tjera sherbyese,0.11574675764808645,0.1287481,0.14567924,0.15696669,0.17389798
2027,4,PODUJEVË,Aktivitetet e tjera sherbyese,2.0,1.8356464,1.878181,1.9065375,1.9490721
2027,5,PODUJEVË,Aktivitetet e tjera sherbyese,0.6184802386642446,0.60220206,0.626235,0.6422571,0.66629004
2027,6,PODUJEVË,Aktivitetet e tjera sherbyese,0.11696825566750628,0.17674743,0.19439864,0.20616615,0.22381735
2027,7,PODUJEVË,Aktivitetet e tjera sherbyese,0.9435896296208927,1.0170257,1.047281,1.0674512,1.0977066
2027,8,PODUJEVË,Aktivitetet e tjera sherbyese,0.6412614026185559,0.659807,0.68470407,0.70130205,0.72619915
2027,9,PODUJEVË,Aktivitetet e tjera sherbyese,0.01732340378719469,-0.011954435,0.0028662682,0.012746692,0.027567387
2027,10,PODUJEVË,Aktivitetet e tjera sherbyese,0.8700480991674744,1.3189775,1.3537619,1.3769517,1.4117362
2027,11,PODUJEVË,Aktivitetet e tjera sherbyese,0.6071657107081415,0.63593787,0.6604769,0.6768364,0.70137537
2027,12,PODUJEVË,Aktivitetet e tjera sherbyese,0.09781645380881075,0.18213685,0.19986892,0.2116903,0.22942233
2027,3,PODUJEVË,Aktivitetet financiare dhe te sigurimit,0.4916322755728713,0.55382,0.57712734,0.59266543,0.61597276
2027,6,PODUJEVË,Aktivitetet financiare dhe te sigurimit,0.6547000359982269,0.38416395,0.40492642,0.41876805,0.4395305
2027,9,PODUJEVË,Aktivitetet financiare dhe te sigurimit,0.6118373739559948,0.53787446,0.56094253,0.57632124,0.59938943
2027,12,PODUJEVË,Aktivitetet financiare dhe te sigurimit,0.12454732439564481,0.24779898,0.26651585,0.27899384,0.29771078
2027,1,PODUJEVË,"Aktivitetet profesionale, shkencore dhe teknike",0.4434793505314993,0.5009847,0.52349937,0.53850925,0.56102395
2027,2,PODUJEVË,"Aktivitetet profesionale, shkencore dhe teknike",0.4377621360384409,0.35129827,0.37156785,0.3850808,0.4053502
2027,3,PODUJEVË,"Aktivitetet profesionale, shkencore dhe teknike",0.10795203625469346,0.109989926,0.12663972,0.13773966,0.15438938
2027,4,PODUJEVË,"Aktivitetet profesionale, shkencore dhe teknike",0.2878534958128007,0.48241413,0.50465035,0.5194744,0.5417106
2027,5,PODUJEVË,"Aktivitetet profesionale, shkencore dhe teknike",0.7371132721865421,0.8636605,0.8916155,0.9102521,0.9382069
2027,6,PODUJEVË,"Aktivitetet profesionale, shkencore dhe teknike",0.004563473815700045,-0.0025360566,0.0124258995,0.022400498,0.037362456
2027,7,PODUJEVË,"Aktivitetet profesionale, shkencore dhe teknike",0.33673296957891585,0.4676363,0.48965085,0.5043272,0.5263418
2027,8,PODUJEVË,"Aktivitetet profesionale, shkencore dhe teknike",0.8659351451769975,0.7308489,0.7568116,0.7741201,0.8000828
2027,9,PODUJEVË,"Aktivitetet profesionale, shkencore dhe teknike",0.041588625100543467,0.07650537,0.092653036,0.10341799,0.119565606
2027,10,PODUJEVË,"Aktivitetet profesionale, shkencore dhe teknike",0.8561904842368163,0.9024538,0.9309906,0.95001507,0.97855186
2027,11,PODUJEVË,"Aktivitetet profesionale, shkencore dhe teknike",1.0945790363480594,1.1144261,1.1461425,1.1672866,1.1990032
2027,12,PODUJEVË,"Aktivitetet profesionale, shkencore dhe teknike",-0.025629762722823156,0.10186291,0.1183908,0.12940943,0.14593732
2027,1,PODUJEVË,Arsimi,0.2787699238931862,0.3235852,0.34343898,0.3566749,0.37652862
2027,2,PODUJEVË,Arsimi,0.8169562011798097,0.74480987,0.770982,0.7884301,0.81460214
2027,3,PODUJEVË,Arsimi,0.0442960365858091,0.08146706,0.09768903,0.1085037,0.1247257
2027,4,PODUJEVË,Arsimi,0.5446511397748989,0.6266315,0.6510309,0.66729724,0.69169664
2027,5,PODUJEVË,Arsimi,-0.10599066876648967,0.010718176,0.025879025,0.035986185,0.051146865
2027,6,PODUJEVË,Arsimi,-0.03697314238167106,-0.0046707145,0.010259151,0.020212412,0.03514242
2027,7,PODUJEVË,Arsimi,0.22096256171439999,0.15655175,0.17390001,0.18546546,0.20281374
2027,8,PODUJEVË,Arsimi,0.0907937358984127,-0.05551308,-0.041345775,-0.031900942,-0.017733634
2027,9,PODUJEVË,Arsimi,0.15467675528474864,0.14805196,0.16527271,0.17675328,0.19397402
2027,10,PODUJEVË,Arsimi,-0.21834205012582117,-0.14665799,-0.1338579,-0.12532449,-0.11252433
2027,11,PODUJEVË,Arsimi,0.1071471107423569,0.10177042,0.11829698,0.12931466,0.14584112
2027,12,PODUJEVË,Arsimi,-0.2789542363005419,-0.24752034,-0.23623312,-0.22870833,-0.21742117
2027,1,PODUJEVË,"Artet, Argetimi dhe rekreacioni",0.4740337665298898,0.18138394,0.19910467,0.21091855,0.22863925
2027,2,PODUJEVË,"Artet, Argetimi dhe rekreacioni",1.1162142387717682,0.52858627,0.551515,0.56680083,0.58972967
2027,3,PODUJEVË,"Artet, Argetimi dhe rekreacioni",0.7203367704411315,0.7356141,0.7616483,0.77900434,0.8050386
2027,4,PODUJEVË,"Artet, Argetimi dhe rekreacioni",0.5467916916635344,0.4761757,0.4983183,0.51308,0.53522265
2027,5,PODUJEVË,"Artet, Argetimi dhe rekreacioni",-0.16855653214748478,-0.10404706,-0.09060776,-0.08164823,-0.06820899
2027,6,PODUJEVË,"Artet, Argetimi dhe rekreacioni",0.1900000150889394,0.15344602,0.17074764,0.18228209,0.19958377
2027,7,PODUJEVË,"Artet, Argetimi dhe rekreacioni",-0.38750031844663285,-0.50323737,-0.49578595,-0.49081832,-0.4833669
2027,8,PODUJEVË,"Artet, Argetimi dhe rekreacioni",-0.64227391028209,-0.68775886,-0.68307525,-0.67995286,-0.67526925
2027,9,PODUJEVË,"Artet, Argetimi dhe rekreacioni",-0.11525402760376667,-0.15343265,-0.1407342,-0.13226849,-0.11957002
2027,10,PODUJEVË,"Artet, Argetimi dhe rekreacioni",0.7967190547926045,0.5233744,0.54622495,0.5614586,0.5843092
2027,11,PODUJEVË,"Artet, Argetimi dhe rekreacioni",-0.021341914683066364,-0.14852391,-0.13575178,-0.12723702,-0.11446494
2027,12,PODUJEVË,"Artet, Argetimi dhe rekreacioni",0.25346437444384473,0.4024395,0.4234761,0.43750048,0.45853698
2027,1,PODUJEVË,Bujqesia;Pylltaria dhe Peshkimi,0.5502984953177659,0.45610955,0.47795117,0.49251223,0.5143539
2027,2,PODUJEVË,Bujqesia;Pylltaria dhe Peshkimi,0.17414943029729033,0.096069016,0.112509966,0.123470664,0.13991165
2027,3,PODUJEVË,Bujqesia;Pylltaria dhe Peshkimi,0.17576962588478698,0.28014046,0.2993425,0.31214392,0.33134592
2027,4,PODUJEVË,Bujqesia;Pylltaria dhe Peshkimi,0.12714359929050373,0.11841477,0.13519096,0.14637506,0.16315126
2027,5,PODUJEVË,Bujqesia;Pylltaria dhe Peshkimi,0.377119089360973,0.5930677,0.6169636,0.6328943,0.65679026
2027,6,PODUJEVË,Bujqesia;Pylltaria dhe Peshkimi,0.6069862656868105,0.5128702,0.53556323,0.55069196,0.573385
2027,7,PODUJEVË,Bujqesia;Pylltaria dhe Peshkimi,0.6060970799177806,0.5643552,0.5878204,0.603464,0.6269293
2027,8,PODUJEVË,Bujqesia;Pylltaria dhe Peshkimi,0.22324406894322688,0.27052724,0.2895851,0.30229044,0.3213483
2027,9,PODUJEVË,Bujqesia;Pylltaria dhe Peshkimi,0.23952558364672757,0.33689913,0.35695267,0.37032163,0.39037502
2027,10,PODUJEVË,Bujqesia;Pylltaria dhe Peshkimi,0.29206079592309064,0.36658695,0.38708568,0.4007516,0.42125034
2027,11,PODUJEVË,Bujqesia;Pylltaria dhe Peshkimi,0.2245437459058284,0.17484148,0.19246411,0.20421255,0.22183514
2027,12,PODUJEVË,Bujqesia;Pylltaria dhe Peshkimi,0.02069257340964982,0.12903023,0.1459657,0.157256,0.17419136
2027,1,PODUJEVË,Furnizimi me uje; Kanalizimi; Aktivitetet e menaxhimit dhe te trajtimit te mbeturinave,1.3372176127708197,1.1344604,1.1664774,1.1878219,1.2198389
2027,2,PODUJEVË,Furnizimi me uje; Kanalizimi; Aktivitetet e menaxhimit dhe te trajtimit te mbeturinave,0.5547629611374039,0.394141,0.415053,0.42899442,0.4499066
2027,3,PODUJEVË,Furnizimi me uje; Kanalizimi; Aktivitetet e menaxhimit dhe te trajtimit te mbeturinave,0.7554916903693806,0.69019425,0.7155471,0.73244905,0.757802
2027,4,PODUJEVË,Furnizimi me uje; Kanalizimi; Aktivitetet e menaxhimit dhe te trajtimit te mbeturinave,0.6291277386396336,0.83378804,0.86129487,0.8796327,0.90713954
2027,5,PODUJEVË,Furnizimi me uje; Kanalizimi; Aktivitetet e menaxhimit dhe te trajtimit te mbeturinave,0.15437033740306647,0.2395866,0.25818038,0.27057624,0.28917003
2027,6,PODUJEVË,Furnizimi me uje; Kanalizimi; Aktivitetet e menaxhimit dhe te trajtimit te mbeturinave,-0.09816607341546699,-0.048860677,-0.034593582,-0.02508223,-0.010815144
2027,7,PODUJEVË,Furnizimi me uje; Kanalizimi; Aktivitetet e menaxhimit dhe te trajtimit te mbeturinave,0.2059230640988688,0.3476105,0.36782455,0.3813007,0.4015149
2027,8,PODUJEVË,Furnizimi me uje; Kanalizimi; Aktivitetet e menaxhimit dhe te trajtimit te mbeturinave,0.4477458471144871,0.5098643,0.5325123,0.5476109,0.57025886
2027,9,PODUJEVË,Furnizimi me uje; Kanalizimi; Aktivitetet e menaxhimit dhe te trajtimit te mbeturinave,-0.12614021623824692,-0.16455488,-0.15202326,-0.14366877,-0.13113713
2027,10,PODUJEVË,Furnizimi me uje; Kanalizimi; Aktivitetet e menaxhimit dhe te trajtimit te mbeturinave,-0.3662585488197196,-0.4018005,-0.3928275,-0.38684553,-0.3778726
2027,11,PODUJEVË,Furnizimi me uje; Kanalizimi; Aktivitetet e menaxhimit dhe te trajtimit te mbeturinave,-0.39142949345416245,-0.29147726,-0.28084946,-0.2737642,-0.2631364
2027,12,PODUJEVË,Furnizimi me uje; Kanalizimi; Aktivitetet e menaxhimit dhe te trajtimit te mbeturinave,-0.23018081524162434,0.039604247,0.055198193,0.065594316,0.08118832
2027,1,PODUJEVË,Industria nxjerrese,2.0,2.0,2.045,2.0749998,2.12
2027,2,PODUJEVË,Industria nxjerrese,0.6636068901044847,0.14162208,0.15874636,0.17016256,0.18728685
2027,3,PODUJEVË,Industria nxjerrese,-0.4311716955752922,-0.3697898,-0.36033672,-0.3540346,-0.34458148
2027,4,PODUJEVË,Industria nxjerrese,-0.1886474451868674,-0.36598015,-0.35646987,-0.35012966,-0.3406194
2027,5,PODUJEVË,Industria nxjerrese,0.04129158519176212,-0.017925888,-0.0031947494,0.00662601,0.02135706
2027,6,PODUJEVË,Industria nxjerrese,0.12941552289984637,0.30551207,0.3250947,0.3381498,0.35773253
2027,7,PODUJEVË,Industria nxjerrese,0.19549859759255617,0.21645343,0.2347002,0.2468648,0.26511157
2027,8,PODUJEVË,Industria nxjerrese,0.22383549106802897,0.23288913,0.25138247,0.26371133,0.28220475
2027,9,PODUJEVË,Industria nxjerrese,0.20095617103538857,0.18181494,0.19954216,0.21136022,0.22908747
2027,10,PODUJEVË,Industria nxjerrese,0.03608265406186109,-0.11323277,-0.0999313,-0.09106362,-0.07776213
2027,11,PODUJEVË,Industria nxjerrese,0.04218643939818967,0.0007373418,0.015748382,0.025755763,0.040766716
2027,12,PODUJEVË,Industria nxjerrese,0.015451088972031598,0.3034138,0.32296503,0.33599913,0.3555504
2027,1,PODUJEVË,Industria perpunuese,0.08541618651550487,0.14478153,0.16195333,0.17340112,0.19057286
2027,2,PODUJEVË,Industria perpunuese,0.07123579042701846,0.061470274,0.07739234,0.08800697,0.10392904
2027,3,PODUJEVË,Industria perpunuese,0.06844113842095496,0.058522485,0.074400306,0.084985495,0.10086334
2027,4,PODUJEVË,Industria perpunuese,0.06844113842095496,0.04702876,0.062734246,0.07320452,0.088909864
2027,5,PODUJEVË,Industria perpunuese,0.06844113842095496,0.05719347,0.07305145,0.08362329,0.099481225
2027,6,PODUJEVË,Industria perpunuese,0.07123579042701846,0.061988536,0.07791841,0.08853829,0.10446811
2027,7,PODUJEVË,Industria perpunuese,0.06844113842095496,0.06216673,0.07809913,0.0887208,0.10465336
2027,8,PODUJEVË,Industria perpunuese,0.06937829870578086,0.10627027,0.122864366,0.13392699,0.15052104
2027,9,PODUJEVË,Industria perpunuese,0.06912157816275476,0.1088438,0.12547648,0.13656485,0.15319753
2027,10,PODUJEVË,Industria perpunuese,0.06912157816275476,0.10177963,0.11830628,0.12932408,0.14585078
2027,11,PODUJEVË,Industria perpunuese,0.06912157816275476,0.11380234,0.13050938,0.14164734,0.1583544
2027,12,PODUJEVË,Industria perpunuese,0.06769342222566326,0.11771801,0.1344837,0.14566088,0.16242671
2027,1,PODUJEVË,Informimi dhe komunikimi,0.20285163662410574,-0.021928089,-0.0072569847,0.0025236607,0.017194748
2027,2,PODUJEVË,Informimi dhe komunikimi,0.373738921716892,0.2351927,0.25372052,0.2660724,0.28460026
2027,3,PODUJEVË,Informimi dhe komunikimi,0.17074664832405198,0.21053632,0.22869444,0.24079978,0.25895774
2027,4,PODUJEVË,Informimi dhe komunikimi,0.13447795541530477,0.15401222,0.17132235,0.18286252,0.20017266
2027,5,PODUJEVË,Informimi dhe komunikimi,0.12180417503967196,0.16927618,0.18681538,0.19850814,0.21604729
2027,6,PODUJEVË,Informimi dhe komunikimi,0.18098417657490723,0.3001345,0.31963658,0.3326379,0.35213983
2027,7,PODUJEVË,Informimi dhe komunikimi,0.15283360695725154,0.19347282,0.21137488,0.22330964,0.24121177
2027,8,PODUJEVË,Informimi dhe komunikimi,0.26096015635588987,0.35763085,0.37799525,0.39157164,0.41193604
2027,9,PODUJEVË,Informimi dhe komunikimi,0.25004320746811604,0.28170633,0.30093193,0.31374896,0.33297455
2027,10,PODUJEVË,Informimi dhe komunikimi,0.24193257867079435,0.26028076,0.27918494,0.29178774,0.31069195
2027,11,PODUJEVË,Informimi dhe komunikimi,0.2123989238805942,0.24823114,0.26695466,0.27943695,0.2981603
2027,12,PODUJEVË,Informimi dhe komunikimi,-0.07678243504663787,0.058361858,0.07423735,0.08482087,0.100696325
2027,1,PODUJEVË,Ndertimtaria,0.10622747362854044,0.22831516,0.24673986,0.25902295,0.2774477
2027,2,PODUJEVË,Ndertimtaria,0.09309274029087952,0.33427086,0.35428488,0.36762762,0.38764167
2027,3,PODUJEVË,Ndertimtaria,0.06340472090477127,0.21101668,0.22918189,0.241292,0.25945723
2027,4,PODUJEVË,Ndertimtaria,0.075540721430185,0.04657055,0.06226909,0.07273483,0.088433266
2027,5,PODUJEVË,Ndertimtaria,0.08597929025789999,0.17785667,0.19552457,0.20730305,0.22497094
2027,6,PODUJEVË,Ndertimtaria,0.08765780718178083,0.21656393,0.23481238,0.24697804,0.26522648
2027,7,PODUJEVË,Ndertimtaria,0.0813691853088571,0.16220385,0.17963684,0.1912589,0.20869195
2027,8,PODUJEVË,Ndertimtaria,0.0813691853088571,0.16220385,0.17963684,0.1912589,0.20869195
2027,9,PODUJEVË,Ndertimtaria,0.07067714565917355,0.093452245,0.10985398,0.120788455,0.13719022
2027,10,PODUJEVË,Ndertimtaria,0.08260303977890675,0.13132066,0.14829051,0.15960371,0.17657351
2027,11,PODUJEVË,Ndertimtaria,0.0795376818924574,0.123866506,0.14072454,0.15196323,0.16882122
2027,12,PODUJEVË,Ndertimtaria,0.06306219677966726,0.041011702,0.056626797,0.06703699,0.08265209
2027,1,PODUJEVË,Person Fizik,0.3087526954497879,0.0102695525,0.025423527,0.035526276,0.05068028
2027,2,PODUJEVË,Person Fizik,1.4449421760625036,0.78616446,0.8129569,0.83081853,0.85761106
2027,3,PODUJEVË,Person Fizik,1.159744366440499,0.642117,0.66674876,0.68316996,0.7078017
2027,4,PODUJEVË,Person Fizik,1.7094595361489393,0.9493599,0.97860026,0.99809384,1.0273342
2027,5,PODUJEVË,Person Fizik,1.1489076915816798,0.46932963,0.4913695,0.50606275,0.52810276
2027,6,PODUJEVË,Person Fizik,0.7540688506212965,0.24471276,0.2633834,0.2758305,0.2945012
2027,7,PODUJEVË,Person Fizik,0.8631257863854976,0.3648316,0.38530397,0.39895236,0.41942477
2027,8,PODUJEVË,Person Fizik,0.4061071468620118,0.01569756,0.030933022,0.04109001,0.056325436
2027,9,PODUJEVË,Person Fizik,-0.34556280541528855,-0.32101068,-0.31082588,-0.30403602,-0.29385114
2027,10,PODUJEVË,Person Fizik,-0.2822560425708473,-0.5054265,-0.49800795,-0.4930622,-0.48564363
2027,11,PODUJEVË,Person Fizik,-0.44162721402199734,-0.6809999,-0.6762149,-0.6730249,-0.6682399
2027,12,PODUJEVË,Person Fizik,-0.45364665860960296,-0.55277133,-0.54606295,-0.54159063,-0.5348822
2027,1,PODUJEVË,Sherbimet administrative dhe mbeshtetese,0.1045654810945894,0.018455464,0.033732295,0.04391682,0.05919373
2027,2,PODUJEVË,Sherbimet administrative dhe mbeshtetese,0.8102060525036285,0.6188739,0.6431569,0.6593456,0.6836287
2027,3,PODUJEVË,Sherbimet administrative dhe mbeshtetese,0.5518028575261934,0.5875253,0.61133826,0.6272135,0.65102637
2027,4,PODUJEVË,Sherbimet administrative dhe mbeshtetese,0.33719569741697014,0.33364025,0.35364485,0.36698115,0.38698578
2027,5,PODUJEVË,Sherbimet administrative dhe mbeshtetese,0.64620971392586,0.70043755,0.72594404,0.7429484,0.768455
2027,6,PODUJEVË,Sherbimet administrative dhe mbeshtetese,0.5694442954134742,0.5500161,0.5732664,0.5887666,0.6120168
2027,7,PODUJEVË,Sherbimet administrative dhe mbeshtetese,1.3128599649190194,1.1372012,1.1692593,1.1906314,1.2226894
2027,8,PODUJEVË,Sherbimet administrative dhe mbeshtetese,0.23493507742935799,0.2680843,0.28710556,0.29978633,0.3188076
2027,9,PODUJEVË,Sherbimet administrative dhe mbeshtetese,0.4590015757547558,0.4848624,0.5071353,0.52198386,0.5442568
2027,10,PODUJEVË,Sherbimet administrative dhe mbeshtetese,1.4223263354869167,0.79513496,0.822062,0.8400134,0.8669404
2027,11,PODUJEVË,Sherbimet administrative dhe mbeshtetese,0.7696104398087967,0.7247719,0.7506435,0.7678913,0.7937628
2027,12,PODUJEVË,Sherbimet administrative dhe mbeshtetese,0.12734606301537177,0.28476483,0.30403626,0.3168838,0.3361553
2027,1,PODUJEVË,Transporti dhe magazinimi,0.08315825922802383,-0.03623839,-0.021781981,-0.012144327,0.0023120642
2027,2,PODUJEVË,Transporti dhe magazinimi,-0.30136245465599676,-0.13377003,-0.12077659,-0.11211431,-0.099120855
2027,3,PODUJEVË,Transporti dhe magazinimi,-0.10583962242174416,-0.15351586,-0.1408186,-0.13235378,-0.11965656
2027,4,PODUJEVË,Transporti dhe magazinimi,-0.07726965312622079,-0.12980448,-0.11675155,-0.10804963,-0.09499669
2027,5,PODUJEVË,Transporti dhe magazinimi,-0.09908961862908881,-0.16093493,-0.14834899,-0.13995832,-0.12737232
2027,6,PODUJEVË,Transporti dhe magazinimi,-0.022776468891673826,-0.05490845,-0.040732086,-0.031281173,-0.017104805
2027,7,PODUJEVË,Transporti dhe magazinimi,-0.032070315777109656,-0.0860775,-0.07236868,-0.06322944,-0.04952067
2027,8,PODUJEVË,Transporti dhe magazinimi,-0.04515739170640983,-0.11756285,-0.10432631,-0.0955019,-0.08226538
2027,9,PODUJEVË,Transporti dhe magazinimi,-0.14068910315674757,-0.17207393,-0.1596551,-0.15137583,-0.13895696
2027,10,PODUJEVË,Transporti dhe magazinimi,-0.07836408010458218,-0.13948199,-0.12657428,-0.117969096,-0.10506135
2027,11,PODUJEVË,Transporti dhe magazinimi,-0.051787024404309455,-0.121777035,-0.108603716,-0.09982151,-0.086648166
2027,12,PODUJEVË,Transporti dhe magazinimi,-0.09961606978668794,-0.025714615,-0.011100352,-0.0013574958,0.013256788
2027,1,PODUJEVË,Tregtia me shumice dhe pakice; Riparimi i mjeteve motorike dhe motoeikletave,0.07098846413584058,0.0953314,0.11176133,0.12271464,0.13914466
2027,2,PODUJEVË,Tregtia me shumice dhe pakice; Riparimi i mjeteve motorike dhe motoeikletave,0.06789328706416138,0.08425066,0.10051441,0.11135697,0.1276207
2027,3,PODUJEVË,Tregtia me shumice dhe pakice; Riparimi i mjeteve motorike dhe motoeikletave,0.06789328706416138,0.08185232,0.09808004,0.10889864,0.12512636
2027,4,PODUJEVË,Tregtia me shumice dhe pakice; Riparimi i mjeteve motorike dhe motoeikletave,0.06789328706416138,0.07827124,0.09444535,0.10522807,0.121402025
2027,5,PODUJEVË,Tregtia me shumice dhe pakice; Riparimi i mjeteve motorike dhe motoeikletave,0.06789328706416138,0.08843596,0.104762554,0.11564684,0.13197339
2027,6,PODUJEVË,Tregtia me shumice dhe pakice; Riparimi i mjeteve motorike dhe motoeikletave,0.06789328706416138,0.08791661,0.10423529,0.11511445,0.13143325
2027,7,PODUJEVË,Tregtia me shumice dhe pakice; Riparimi i mjeteve motorike dhe motoeikletave,0.06789328706416138,0.079883374,0.096081614,0.10688043,0.123078585
2027,8,PODUJEVË,Tregtia me shumice dhe pakice; Riparimi i mjeteve motorike dhe motoeikletave,0.06789328706416138,0.079883374,0.096081614,0.10688043,0.123078585
2027,9,PODUJEVË,Tregtia me shumice dhe pakice; Riparimi i mjeteve motorike dhe motoeikletave,0.06789328706416138,0.076882035,0.09303522,0.10380399,0.11995721
2027,10,PODUJEVË,Tregtia me shumice dhe pakice; Riparimi i mjeteve motorike dhe motoeikletave,0.06789328706416138,0.079599306,0.09579325,0.1065892,0.122783184
2027,11,PODUJEVË,Tregtia me shumice dhe pakice; Riparimi i mjeteve motorike dhe motoeikletave,0.06789328706416138,0.09097962,0.10734427,0.118254066,0.13461876
2027,12,PODUJEVË,Tregtia me shumice dhe pakice; Riparimi i mjeteve motorike dhe motoeikletave,0.06789328706416138,0.13691165,0.15396523,0.16533434,0.18238807
2027,1,PRISHTINË,Administrimi publik dhe mbrojtja; Sigurimi social i detyrueshem,0.0940739184826501,0.030892855,0.0463562,0.056665182,0.072128534
2027,2,PRISHTINË,Administrimi publik dhe mbrojtja; Sigurimi social i detyrueshem,0.06663959056426064,0.03765953,0.053224444,0.06360102,0.07916582
2027,3,PRISHTINË,Administrimi publik dhe mbrojtja; Sigurimi social i detyrueshem,0.008056750187592642,-0.024604868,-0.009973943,-0.00022000074,0.014410853
2027,4,PRISHTINË,Administrimi publik dhe mbrojtja; Sigurimi social i detyrueshem,0.03406584628307478,0.006475434,0.02157259,0.03163731,0.046734452
2027,5,PRISHTINË,Administrimi publik dhe mbrojtja; Sigurimi social i detyrueshem,0.013897735546018017,-0.03910702,-0.024693668,-0.0150847435,-0.0006713271
2027,6,PRISHTINË,Administrimi publik dhe mbrojtja; Sigurimi social i detyrueshem,0.01781892126896156,0.011309211,0.026478887,0.036592007,0.051761627
2027,7,PRISHTINË,Administrimi publik dhe mbrojtja; Sigurimi social i detyrueshem,0.05204747583522057,-0.025245428,-0.010624111,-0.0008766055,0.013744712
2027,8,PRISHTINË,Administrimi publik dhe mbrojtja; Sigurimi social i detyrueshem,0.01557879298681943,-0.078693576,-0.06487399,-0.055660903,-0.04184133
2027,9,PRISHTINË,Administrimi publik dhe mbrojtja; Sigurimi social i detyrueshem,0.06001258924276096,0.052501973,0.0682894,0.07881439,0.09460199
2027,10,PRISHTINË,Administrimi publik dhe mbrojtja; Sigurimi social i detyrueshem,0.0011097782088948338,-0.11097451,-0.09763914,-0.08874887,-0.075413525
2027,11,PRISHTINË,Administrimi publik dhe mbrojtja; Sigurimi social i detyrueshem,0.0888829755727296,0.070309594,0.08636427,0.097067356,0.11312199
2027,12,PRISHTINË,Administrimi publik dhe mbrojtja; Sigurimi social i detyrueshem,0.04651672387423334,0.066517614,0.08251536,0.09318054,0.109178305
2027,1,PRISHTINË,Akomodimi dhe sherbimi ushqimor,0.07098846413584058,0.11738145,0.13414216,0.145316,0.16207671
2027,2,PRISHTINË,Akomodimi dhe sherbimi ushqimor,0.06789328706416138,0.06572224,0.08170807,0.092365265,0.10835111
2027,3,PRISHTINË,Akomodimi dhe sherbimi ushqimor,0.06789328706416138,0.09457409,0.11099267,0.12193847,0.13835704
2027,4,PRISHTINË,Akomodimi dhe sherbimi ushqimor,0.06789328706416138,0.09962637,0.116120815,0.12711704,0.14361143
2027,5,PRISHTINË,Akomodimi dhe sherbimi ushqimor,0.06789328706416138,0.099480316,0.11597252,0.12696731,0.14345944
2027,6,PRISHTINË,Akomodimi dhe sherbimi ushqimor,0.06789328706416138,0.099480316,0.11597252,0.12696731,0.14345944
2027,7,PRISHTINË,Akomodimi dhe sherbimi ushqimor,0.06789328706416138,0.10207979,0.11861098,0.12963176,0.14616287
2027,8,PRISHTINË,Akomodimi dhe sherbimi ushqimor,0.06789328706416138,0.10207979,0.11861098,0.12963176,0.14616287
2027,9,PRISHTINË,Akomodimi dhe sherbimi ushqimor,0.06789328706416138,0.088448726,0.10477543,0.11565995,0.13198662
2027,10,PRISHTINË,Akomodimi dhe sherbimi ushqimor,0.06789328706416138,-0.045741387,-0.031427503,-0.021884918,-0.0075710416
2027,11,PRISHTINË,Akomodimi dhe sherbimi ushqimor,0.06789328706416138,0.00049811485,0.015505552,0.02551043,0.040517926
2027,12,PRISHTINË,Akomodimi dhe sherbimi ushqimor,0.06789328706416138,0.14931013,0.1665498,0.17804289,0.19528246
2027,1,PRISHTINË,Aktivitetet e patundshmerise,0.09264762067551763,0.20062466,0.21863401,0.23064029,0.2486496
2027,2,PRISHTINË,Aktivitetet e patundshmerise,0.0897865100482156,0.23911013,0.25769675,0.27008784,0.28867447
2027,3,PRISHTINË,Aktivitetet e patundshmerise,0.09096006265686706,0.2783283,0.29750323,0.31028652,0.32946134
2027,4,PRISHTINË,Aktivitetet e patundshmerise,0.08904850919395531,0.19144782,0.20931959,0.22123396,0.2391057
2027,5,PRISHTINË,Aktivitetet e patundshmerise,0.08091701718032493,0.16753247,0.18504536,0.19672072,0.21423376
2027,6,PRISHTINË,Aktivitetet e patundshmerise,0.0897865100482156,0.32317743,0.3430251,0.35625684,0.37610447
2027,7,PRISHTINË,Aktivitetet e patundshmerise,0.06803017294573735,0.16011626,0.17751789,0.1891191,0.2065208
2027,8,PRISHTINË,Aktivitetet e patundshmerise,0.08930705848350168,0.18749082,0.20530319,0.2171781,0.23499036
2027,9,PRISHTINË,Aktivitetet e patundshmerise,0.0897865100482156,0.2793255,0.29851532,0.31130862,0.33049846
2027,10,PRISHTINË,Aktivitetet e patundshmerise,0.08671354010842534,0.26830706,0.2873317,0.30001473,0.31903934
2027,11,PRISHTINË,Aktivitetet e patundshmerise,0.0897865100482156,0.30751327,0.3271259,0.34020102,0.3598137
2027,12,PRISHTINË,Aktivitetet e patundshmerise,0.06789328706416138,0.21209565,0.23027706,0.24239802,0.26057935
2027,1,PRISHTINË,Aktivitetet e shendetit te njeriut dhe te punes sociale,0.07247347577746004,0.14290282,0.16004634,0.17147541,0.1886189
2027,2,PRISHTINË,Aktivitetet e shendetit te njeriut dhe te punes sociale,0.06937829870578086,0.1054406,0.12202215,0.13307655,0.1496582
2027,3,PRISHTINË,Aktivitetet e shendetit te njeriut dhe te punes sociale,0.06937829870578086,0.12177185,0.13859832,0.14981604,0.16664267
2027,4,PRISHTINË,Aktivitetet e shendetit te njeriut dhe te punes sociale,0.06937829870578086,0.14769688,0.16491234,0.17638922,0.19360471
2027,5,PRISHTINË,Aktivitetet e shendetit te njeriut dhe te punes sociale,0.06937829870578086,0.14755087,0.16476405,0.17623961,0.19345284
2027,6,PRISHTINË,Aktivitetet e shendetit te njeriut dhe te punes sociale,0.06937829870578086,0.14755087,0.16476405,0.17623961,0.19345284
2027,7,PRISHTINË,Aktivitetet e shendetit te njeriut dhe te punes sociale,0.06937829870578086,0.1462219,0.1634152,0.1748774,0.19207072
2027,8,PRISHTINË,Aktivitetet e shendetit te njeriut dhe te punes sociale,0.06937829870578086,0.1462219,0.1634152,0.1748774,0.19207072
2027,9,PRISHTINË,Aktivitetet e shendetit te njeriut dhe te punes sociale,0.06937829870578086,0.12286724,0.13971019,0.15093887,0.16778183
2027,10,PRISHTINË,Aktivitetet e shendetit te njeriut dhe te punes sociale,0.06937829870578086,0.09554197,0.111975074,0.12293053,0.13936365
2027,11,PRISHTINË,Aktivitetet e shendetit te njeriut dhe te punes sociale,0.06937829870578086,0.11390473,0.13061333,0.14175236,0.15846086
2027,12,PRISHTINË,Aktivitetet e shendetit te njeriut dhe te punes sociale,0.06789328706416138,0.14388429,0.16104257,0.17248142,0.18963969
2027,1,PRISHTINË,Aktivitetet e tjera sherbyese,0.07247347577746004,0.05290078,0.068694234,0.079223275,0.09501684
2027,2,PRISHTINË,Aktivitetet e tjera sherbyese,0.06937829870578086,0.06227674,0.07821083,0.08883357,0.1047678
2027,3,PRISHTINË,Aktivitetet e tjera sherbyese,0.06723222324222118,0.056373827,0.07221937,0.0827831,0.09862876
2027,4,PRISHTINË,Aktivitetet e tjera sherbyese,0.06723222324222118,0.039878525,0.055476665,0.06587541,0.08147359
2027,5,PRISHTINË,Aktivitetet e tjera sherbyese,0.06723222324222118,0.06973347,0.08577943,0.09647679,0.11252284
2027,6,PRISHTINË,Aktivitetet e tjera sherbyese,0.06789328706416138,0.047767032,0.06348348,0.07396114,0.08967769
2027,7,PRISHTINË,Aktivitetet e tjera sherbyese,0.06789328706416138,0.044549894,0.060218215,0.07066369,0.086331844
2027,8,PRISHTINË,Aktivitetet e tjera sherbyese,0.06723222324222118,0.040217284,0.055820584,0.06622267,0.08182597
2027,9,PRISHTINË,Aktivitetet e tjera sherbyese,0.06723222324222118,0.046475176,0.062172294,0.07263708,0.08833408
2027,10,PRISHTINË,Aktivitetet e tjera sherbyese,0.06789328706416138,0.026731903,0.042132854,0.052400112,0.06780112
2027,11,PRISHTINË,Aktivitetet e tjera sherbyese,0.06723222324222118,0.03323162,0.048730135,0.05906236,0.07456088
2027,12,PRISHTINË,Aktivitetet e tjera sherbyese,0.06723222324222118,0.13306798,0.15006399,0.1613946,0.17839062
2027,1,PRISHTINË,Aktivitetet financiare dhe te sigurimit,0.07098846413584058,0.085973516,0.10226309,0.11312282,0.12941241
2027,2,PRISHTINË,Aktivitetet financiare dhe te sigurimit,0.06789328706416138,0.055518046,0.07135081,0.08190596,0.09773874
2027,3,PRISHTINË,Aktivitetet financiare dhe te sigurimit,0.06789328706416138,0.075735494,0.0918715,0.10262883,0.11876488
2027,4,PRISHTINË,Aktivitetet financiare dhe te sigurimit,0.06789328706416138,0.061226383,0.07714474,0.08775699,0.103675365
2027,5,PRISHTINË,Aktivitetet financiare dhe te sigurimit,0.06789328706416138,0.0691149,0.08515167,0.09584272,0.11187947
2027,6,PRISHTINË,Aktivitetet financiare dhe te sigurimit,0.06789328706416138,0.08748887,0.10380125,0.11467612,0.13098836
2027,7,PRISHTINË,Aktivitetet financiare dhe te sigurimit,0.06789328706416138,0.065897755,0.08188617,0.09254515,0.10853362
2027,8,PRISHTINË,Aktivitetet financiare dhe te sigurimit,0.06789328706416138,0.065897755,0.08188617,0.09254515,0.10853362
2027,9,PRISHTINË,Aktivitetet financiare dhe te sigurimit,0.06789328706416138,0.07146151,0.087533474,0.098248124,0.11431992
2027,10,PRISHTINË,Aktivitetet financiare dhe te sigurimit,0.06789328706416138,0.044738196,0.06040919,0.07085657,0.086527705
2027,11,PRISHTINË,Aktivitetet financiare dhe te sigurimit,0.06789328706416138,0.054938395,0.070762515,0.08131182,0.0971359
2027,12,PRISHTINË,Aktivitetet financiare dhe te sigurimit,0.06789328706416138,0.13062014,0.14757943,0.1588856,0.17584491
2027,1,PRISHTINË,"Aktivitetet profesionale, shkencore dhe teknike",0.07098846413584058,0.06231332,0.078248024,0.08887112,0.10480583
2027,2,PRISHTINË,"Aktivitetet profesionale, shkencore dhe teknike",0.06789328706416138,0.060224086,0.07612741,0.086729646,0.102633
2027,3,PRISHTINË,"Aktivitetet profesionale, shkencore dhe teknike",0.06789328706416138,0.072754666,0.08884597,0.09957349,0.11566472
2027,4,PRISHTINË,"Aktivitetet profesionale, shkencore dhe teknike",0.06789328706416138,0.066291295,0.08228564,0.092948556,0.108942986
2027,5,PRISHTINË,"Aktivitetet profesionale, shkencore dhe teknike",0.06789328706416138,0.07417982,0.090292454,0.10103428,0.11714697
2027,6,PRISHTINË,"Aktivitetet profesionale, shkencore dhe teknike",0.06789328706416138,0.07417982,0.090292454,0.10103428,0.11714697
2027,7,PRISHTINË,"Aktivitetet profesionale, shkencore dhe teknike",0.06789328706416138,0.070962675,0.08702707,0.097736716,0.11380112
2027,8,PRISHTINË,"Aktivitetet profesionale, shkencore dhe teknike",0.06789328706416138,0.070962675,0.08702707,0.097736716,0.11380112
2027,9,PRISHTINË,"Aktivitetet profesionale, shkencore dhe teknike",0.06789328706416138,0.068480685,0.08450794,0.09519267,0.11121988
2027,10,PRISHTINË,"Aktivitetet profesionale, shkencore dhe teknike",0.06789328706416138,0.04944421,0.065185905,0.075680256,0.09142196
2027,11,PRISHTINË,"Aktivitetet profesionale, shkencore dhe teknike",0.06789328706416138,0.059644416,0.07553911,0.08613551,0.10203016
2027,12,PRISHTINË,"Aktivitetet profesionale, shkencore dhe teknike",0.06789328706416138,0.13198449,0.14896417,0.16028404,0.17726386
2027,1,PRISHTINË,Arsimi,0.08381001785429841,0.10465534,0.12122524,0.13227177,0.1488415
2027,2,PRISHTINË,Arsimi,0.08133762346922863,0.071144626,0.08721173,0.09792316,0.11399031
2027,3,PRISHTINË,Arsimi,0.0795376818924574,0.048910446,0.0646441,0.075133204,0.09086692
2027,4,PRISHTINË,Arsimi,0.0795376818924574,0.036217954,0.05176115,0.0621233,0.07766664
2027,5,PRISHTINË,Arsimi,0.07012992067069009,-0.0072851307,0.0076055527,0.017532706,0.032423496
2027,6,PRISHTINË,Arsimi,0.07123579042701846,-0.011037967,0.0037964582,0.013686061,0.028520465
2027,7,PRISHTINË,Arsimi,0.06844113842095496,-0.014255115,0.0005310774,0.010388494,0.025174618
2027,8,PRISHTINË,Arsimi,0.06937829870578086,0.038038842,0.05360937,0.06398976,0.0795604
2027,9,PRISHTINË,Arsimi,0.06557725633557603,0.025137095,0.04051411,0.050765514,0.06614256
2027,10,PRISHTINË,Arsimi,0.06789328706416138,0.013093942,0.028290391,0.038421273,0.053617716
2027,11,PRISHTINË,Arsimi,0.06937829870578086,0.06968239,0.08572757,0.09642434,0.112469554
2027,12,PRISHTINË,Arsimi,0.06723222324222118,0.109685935,0.12633121,0.13742805,0.15407324
2027,1,PRISHTINË,"Artet, Argetimi dhe rekreacioni",0.11669786894422136,0.33927298,0.359362,0.3727548,0.39284384
2027,2,PRISHTINË,"Artet, Argetimi dhe rekreacioni",0.07273848435550992,0.08142808,0.097649455,0.108463764,0.12468517
2027,3,PRISHTINË,"Artet, Argetimi dhe rekreacioni",0.06285590213319124,0.093827665,0.110235095,0.12117338,0.13758075
2027,4,PRISHTINË,"Artet, Argetimi dhe rekreacioni",0.11982103499860929,0.46409285,0.48605418,0.5006951,0.52265656
2027,5,PRISHTINË,"Artet, Argetimi dhe rekreacioni",0.09803657100326162,0.23574653,0.2542827,0.2666402,0.28517628
2027,6,PRISHTINË,"Artet, Argetimi dhe rekreacioni",0.10263559067928486,0.31980225,0.33959925,0.35279727,0.37259436
2027,7,PRISHTINË,"Artet, Argetimi dhe rekreacioni",0.07067714565917355,0.12067851,0.13748872,0.14869547,0.16550565
2027,8,PRISHTINË,"Artet, Argetimi dhe rekreacioni",0.07067714565917355,0.16053563,0.17794359,0.18954897,0.20695698
2027,9,PRISHTINË,"Artet, Argetimi dhe rekreacioni",0.09462687872953474,0.2820226,0.30125296,0.3140731,0.33330345
2027,10,PRISHTINË,"Artet, Argetimi dhe rekreacioni",0.09519874149239455,0.036422253,0.051968575,0.06233275,0.07787907
2027,11,PRISHTINË,"Artet, Argetimi dhe rekreacioni",0.06516453453154575,0.031382293,0.046853065,0.057166815,0.07263756
2027,12,PRISHTINË,"Artet, Argetimi dhe rekreacioni",0.07716587718685843,0.24955153,0.2682948,0.28079033,0.2995336
2027,1,PRISHTINË,Bujqesia;Pylltaria dhe Peshkimi,0.6496006123551649,0.4236851,0.44504035,0.45927715,0.48063242
2027,2,PRISHTINË,Bujqesia;Pylltaria dhe Peshkimi,0.10817295329925393,0.022282772,0.03761697,0.04783976,0.06317401
2027,3,PRISHTINË,Bujqesia;Pylltaria dhe Peshkimi,0.19845148579520927,0.1921549,0.21003723,0.22195876,0.23984098
2027,4,PRISHTINË,Bujqesia;Pylltaria dhe Peshkimi,0.11664769455515336,0.09455731,0.11097562,0.12192118,0.13833952
2027,5,PRISHTINË,Bujqesia;Pylltaria dhe Peshkimi,-0.04031060943371807,-0.10996008,-0.09660947,-0.08770913,-0.07435852
2027,6,PRISHTINË,Bujqesia;Pylltaria dhe Peshkimi,0.14356888682764163,0.15917249,0.17656016,0.18815184,0.20553935
2027,7,PRISHTINË,Bujqesia;Pylltaria dhe Peshkimi,0.1079997690634697,0.11870051,0.135481,0.14666796,0.16344845
2027,8,PRISHTINË,Bujqesia;Pylltaria dhe Peshkimi,0.09300428442203663,0.056354802,0.07220006,0.08276355,0.09860897
2027,9,PRISHTINË,Bujqesia;Pylltaria dhe Peshkimi,0.020169592589143304,-0.009780244,0.0050730705,0.01497519,0.029828548
2027,10,PRISHTINË,Bujqesia;Pylltaria dhe Peshkimi,0.22014213660085868,0.15456131,0.17187965,0.1834253,0.20074368
2027,11,PRISHTINË,Bujqesia;Pylltaria dhe Peshkimi,0.21486652112600194,0.19286875,0.21076167,0.22269034,0.24058342
2027,12,PRISHTINË,Bujqesia;Pylltaria dhe Peshkimi,0.027563713382681064,0.14524177,0.16242039,0.17387271,0.19105136
2027,1,PRISHTINË,"Furnizimi me rryme, gaz, avull dhe ajer te kondicionuar",0.07098846413584058,0.105869286,0.122457266,0.13351595,0.15010405
2027,2,PRISHTINË,"Furnizimi me rryme, gaz, avull dhe ajer te kondicionuar",0.06789328706416138,0.07534396,0.091474056,0.10222757,0.11835766
2027,3,PRISHTINË,"Furnizimi me rryme, gaz, avull dhe ajer te kondicionuar",0.06789328706416138,0.109739594,0.12638557,0.137483,0.15412903
2027,4,PRISHTINË,"Furnizimi me rryme, gaz, avull dhe ajer te kondicionuar",0.06789328706416138,0.08938678,0.10572755,0.116621494,0.13296223
2027,5,PRISHTINË,"Furnizimi me rryme, gaz, avull dhe ajer te kondicionuar",0.06789328706416138,0.09727535,0.11373448,0.12470722,0.14116633
2027,6,PRISHTINË,"Furnizimi me rryme, gaz, avull dhe ajer te kondicionuar",0.06789328706416138,0.105321094,0.1219008,0.132954,0.14953387
2027,7,PRISHTINË,"Furnizimi me rryme, gaz, avull dhe ajer te kondicionuar",0.06789328706416138,0.094058186,0.11046898,0.121409535,0.13782048
2027,8,PRISHTINË,"Furnizimi me rryme, gaz, avull dhe ajer te kondicionuar",0.06789328706416138,0.094058186,0.11046898,0.121409535,0.13782048
2027,9,PRISHTINË,"Furnizimi me rryme, gaz, avull dhe ajer te kondicionuar",0.06789328706416138,0.099621944,0.116116166,0.12711239,0.14360678
2027,10,PRISHTINË,"Furnizimi me rryme, gaz, avull dhe ajer te kondicionuar",0.06789328706416138,0.064564005,0.08053243,0.09117806,0.1071465
2027,11,PRISHTINË,"Furnizimi me rryme, gaz, avull dhe ajer te kondicionuar",0.06789328706416138,0.07320678,0.089304924,0.10003698,0.116135
2027,12,PRISHTINË,"Furnizimi me rryme, gaz, avull dhe ajer te kondicionuar",0.06789328706416138,0.14497426,0.16214883,0.17359853,0.19077313
2027,1,PRISHTINË,Furnizimi me uje; Kanalizimi; Aktivitetet e menaxhimit dhe te trajtimit te mbeturinave,0.10173958106505564,0.20107496,0.21909106,0.23110175,0.24911785
2027,2,PRISHTINË,Furnizimi me uje; Kanalizimi; Aktivitetet e menaxhimit dhe te trajtimit te mbeturinave,0.08840717476034807,0.110197574,0.12685049,0.13795245,0.15460539
2027,3,PRISHTINË,Furnizimi me uje; Kanalizimi; Aktivitetet e menaxhimit dhe te trajtimit te mbeturinave,0.08840717476034807,0.15098643,0.16825116,0.17976105,0.1970259
2027,4,PRISHTINË,Furnizimi me uje; Kanalizimi; Aktivitetet e menaxhimit dhe te trajtimit te mbeturinave,0.08840717476034807,0.12423163,0.14109504,0.15233731,0.16920078
2027,5,PRISHTINË,Furnizimi me uje; Kanalizimi; Aktivitetet e menaxhimit dhe te trajtimit te mbeturinave,0.08840717476034807,0.13854551,0.15562367,0.16700912,0.18408728
2027,6,PRISHTINË,Furnizimi me uje; Kanalizimi; Aktivitetet e menaxhimit dhe te trajtimit te mbeturinave,0.08840717476034807,0.13228633,0.14927053,0.16059339,0.17757773
2027,7,PRISHTINË,Furnizimi me uje; Kanalizimi; Aktivitetet e menaxhimit dhe te trajtimit te mbeturinave,0.08840717476034807,0.13426432,0.15127826,0.1626209,0.17963493
2027,8,PRISHTINË,Furnizimi me uje; Kanalizimi; Aktivitetet e menaxhimit dhe te trajtimit te mbeturinave,0.08840717476034807,0.12348574,0.14033794,0.15157282,0.16842508
2027,9,PRISHTINË,Furnizimi me uje; Kanalizimi; Aktivitetet e menaxhimit dhe te trajtimit te mbeturinave,0.08792772319563416,0.10312188,0.11966872,0.13069987,0.14724672
2027,10,PRISHTINË,Furnizimi me uje; Kanalizimi; Aktivitetet e menaxhimit dhe te trajtimit te mbeturinave,0.08260303977890675,0.08249154,0.098728895,0.109553814,0.12579119
2027,11,PRISHTINË,Furnizimi me uje; Kanalizimi; Aktivitetet e menaxhimit dhe te trajtimit te mbeturinave,0.08840717476034807,0.099045545,0.115531206,0.12652159,0.14300728
2027,12,PRISHTINË,Furnizimi me uje; Kanalizimi; Aktivitetet e menaxhimit dhe te trajtimit te mbeturinave,0.08840717476034807,0.1723756,0.1899612,0.20168495,0.21927059
2027,1,PRISHTINË,Industria nxjerrese,0.8683651948616595,1.2226878,1.2560279,1.2782547,1.3115952
2027,2,PRISHTINË,Industria nxjerrese,0.5315593264803414,0.919462,0.94825387,0.9674485,0.9962404
2027,3,PRISHTINË,Industria nxjerrese,0.42824503201337916,0.3992287,0.42021716,0.43420935,0.4551978
2027,4,PRISHTINË,Industria nxjerrese,-0.009647261365030446,-0.09736623,-0.08382672,-0.07480037,-0.06126088
2027,5,PRISHTINË,Industria nxjerrese,0.1942515213202475,0.35193622,0.37221527,0.38573456,0.4060136
2027,6,PRISHTINË,Industria nxjerrese,0.1044313239344688,0.3134863,0.33318865,0.3463235,0.3660257
2027,7,PRISHTINË,Industria nxjerrese,0.22271484718003165,0.3052516,0.3248304,0.33788288,0.35746157
2027,8,PRISHTINË,Industria nxjerrese,0.06091657462859182,0.0073686796,0.022479177,0.03255284,0.04766345
2027,9,PRISHTINË,Industria nxjerrese,0.06197048326992211,0.0042402395,0.019303918,0.029346228,0.04440987
2027,10,PRISHTINË,Industria nxjerrese,0.08797402497422185,0.10998145,0.12663114,0.13773096,0.15438068
2027,11,PRISHTINË,Industria nxjerrese,0.10105963020827,0.16696526,0.1844697,0.19613934,0.21364379
2027,12,PRISHTINË,Industria nxjerrese,-0.01689554888812692,-0.15624586,-0.14358956,-0.13515198,-0.12249571
2027,1,PRISHTINË,Industria perpunuese,0.07098846413584058,0.10006252,0.11656344,0.12756407,0.1440649
2027,2,PRISHTINË,Industria perpunuese,0.06789328706416138,0.06960703,0.08565116,0.09634721,0.11239123
2027,3,PRISHTINË,Industria perpunuese,0.06789328706416138,0.075735494,0.0918715,0.10262883,0.11876488
2027,4,PRISHTINË,Industria perpunuese,0.06789328706416138,0.06927212,0.085311174,0.09600389,0.11204302
2027,5,PRISHTINË,Industria perpunuese,0.06789328706416138,0.07716065,0.093317986,0.10408962,0.12024701
2027,6,PRISHTINË,Industria perpunuese,0.06789328706416138,0.07716065,0.093317986,0.10408962,0.12024701
2027,7,PRISHTINË,Industria perpunuese,0.06789328706416138,0.0739435,0.090052605,0.10079205,0.11690116
2027,8,PRISHTINË,Industria perpunuese,0.06789328706416138,0.0739435,0.090052605,0.10079205,0.11690116
2027,9,PRISHTINË,Industria perpunuese,0.06789328706416138,0.07146151,0.087533474,0.098248124,0.11431992
2027,10,PRISHTINË,Industria perpunuese,0.06789328706416138,0.062982485,0.07892716,0.08955693,0.10550165
2027,11,PRISHTINË,Industria perpunuese,0.06789328706416138,0.06902736,0.08506274,0.095752954,0.11178839
2027,12,PRISHTINË,Industria perpunuese,0.06789328706416138,0.13387696,0.1508851,0.16222382,0.179232
2027,1,PRISHTINË,Informimi dhe komunikimi,0.07098846413584058,0.082469404,0.098706484,0.109531164,0.12576818
2027,2,PRISHTINË,Informimi dhe komunikimi,0.06789328706416138,0.091845326,0.10822296,0.11914134,0.13551903
2027,3,PRISHTINË,Informimi dhe komunikimi,0.06789328706416138,0.11264098,0.12933064,0.14045703,0.15714657
2027,4,PRISHTINË,Informimi dhe komunikimi,0.06789328706416138,0.106177606,0.12277019,0.13383198,0.1504246
2027,5,PRISHTINË,Informimi dhe komunikimi,0.06789328706416138,0.11406618,0.13077712,0.1419177,0.1586287
2027,6,PRISHTINË,Informimi dhe komunikimi,0.06789328706416138,0.11406618,0.13077712,0.1419177,0.1586287
2027,7,PRISHTINË,Informimi dhe komunikimi,0.06789328706416138,0.11084901,0.12751174,0.13862026,0.15528297
2027,8,PRISHTINË,Informimi dhe komunikimi,0.06789328706416138,0.11084901,0.12751174,0.13862026,0.15528297
2027,9,PRISHTINË,Informimi dhe komunikimi,0.06789328706416138,0.10836702,0.12499249,0.1360761,0.15270162
2027,10,PRISHTINË,Informimi dhe komunikimi,0.06789328706416138,0.08106537,0.09728134,0.10809207,0.12430799
2027,11,PRISHTINË,Informimi dhe komunikimi,0.06789328706416138,0.08970815,0.10605371,0.11695075,0.13329637
2027,12,PRISHTINË,Informimi dhe komunikimi,0.06789328706416138,0.1534299,0.1707313,0.18226564,0.19956696
2027,1,PRISHTINË,Mungon aktiviteti,0.6118672898394099,0.067574136,0.083587766,0.094263434,0.11027706
2027,2,PRISHTINË,Mungon aktiviteti,1.8104578789425825,1.869357,1.9123974,1.9410911,1.9841313
2027,3,PRISHTINË,Mungon aktiviteti,2.0,1.4154662,1.4516983,1.475853,1.512085
2027,4,PRISHTINË,Mungon aktiviteti,1.6048126503624687,1.0616097,1.0925338,1.1131499,1.144074
2027,5,PRISHTINË,Mungon aktiviteti,2.0,2.0,2.045,2.0749998,2.12
2027,6,PRISHTINË,Mungon aktiviteti,2.0,1.8103513,1.8525066,1.88061,1.9227653
2027,7,PRISHTINË,Mungon aktiviteti,-0.10956225243499294,0.4098648,0.43101275,0.4451114,0.46625936
2027,8,PRISHTINË,Mungon aktiviteti,-0.6213040697657211,-0.39350313,-0.38440567,-0.37834072,-0.36924326
2027,9,PRISHTINË,Mungon aktiviteti,2.0,2.0,2.045,2.0749998,2.12
2027,10,PRISHTINË,Mungon aktiviteti,-0.31238351227056693,0.27800635,0.29717636,0.30995643,0.32912648
2027,11,PRISHTINË,Mungon aktiviteti,2.0,2.0,2.045,2.0749998,2.12
2027,12,PRISHTINË,Mungon aktiviteti,-0.4192779312133523,-0.68155634,-0.6767797,-0.67359525,-0.6688186
2027,1,PRISHTINË,Ndertimtaria,0.07098846413584058,0.082469404,0.098706484,0.109531164,0.12576818
2027,2,PRISHTINË,Ndertimtaria,0.06789328706416138,0.091845326,0.10822296,0.11914134,0.13551903
2027,3,PRISHTINË,Ndertimtaria,0.06789328706416138,0.11264098,0.12933064,0.14045703,0.15714657
2027,4,PRISHTINË,Ndertimtaria,0.06789328706416138,0.106177606,0.12277019,0.13383198,0.1504246
2027,5,PRISHTINË,Ndertimtaria,0.06789328706416138,0.11406618,0.13077712,0.1419177,0.1586287
2027,6,PRISHTINË,Ndertimtaria,0.06789328706416138,0.11406618,0.13077712,0.1419177,0.1586287
2027,7,PRISHTINË,Ndertimtaria,0.06789328706416138,0.11084901,0.12751174,0.13862026,0.15528297
2027,8,PRISHTINË,Ndertimtaria,0.06789328706416138,0.11084901,0.12751174,0.13862026,0.15528297
2027,9,PRISHTINË,Ndertimtaria,0.06789328706416138,0.10836702,0.12499249,0.1360761,0.15270162
2027,10,PRISHTINË,Ndertimtaria,0.06789328706416138,0.08106537,0.09728134,0.10809207,0.12430799
2027,11,PRISHTINË,Ndertimtaria,0.06789328706416138,0.08970815,0.10605371,0.11695075,0.13329637
2027,12,PRISHTINË,Ndertimtaria,0.06789328706416138,0.1534299,0.1707313,0.18226564,0.19956696
2027,1,PRISHTINË,Person Fizik,0.05129672223295709,-0.08350165,-0.06975418,-0.060589194,-0.04684174
2027,2,PRISHTINË,Person Fizik,-0.010538879308035636,-0.24972332,-0.23846918,-0.23096639,-0.21971226
2027,3,PRISHTINË,Person Fizik,-0.01861676580223912,-0.17184928,-0.15942699,-0.15114552,-0.13872325
2027,4,PRISHTINË,Person Fizik,0.06244596464636077,-0.097204275,-0.08366233,-0.07463437,-0.061092496
2027,5,PRISHTINË,Person Fizik,-0.0057019106503089015,-0.20302796,-0.19107342,-0.18310368,-0.17114913
2027,6,PRISHTINË,Person Fizik,0.004921011287960209,-0.14332244,-0.1304723,-0.121905565,-0.1090554
2027,7,PRISHTINË,Person Fizik,0.03236968639030353,-0.22423068,-0.21259409,-0.20483643,-0.19319987
2027,8,PRISHTINË,Person Fizik,-0.03953100440014041,-0.23823981,-0.22681344,-0.21919584,-0.20776945
2027,9,PRISHTINË,Person Fizik,-0.20087300668059038,-0.40365848,-0.3947134,-0.38874996,-0.37980485
2027,10,PRISHTINË,Person Fizik,-0.21657385066813356,-0.2583862,-0.247262,-0.23984587,-0.22872168
2027,11,PRISHTINË,Person Fizik,-0.16681154463311312,-0.2764247,-0.26557106,-0.25833535,-0.2474817
2027,12,PRISHTINË,Person Fizik,-0.35888358939903947,-0.38658994,-0.37738878,-0.37125468,-0.36205357
2027,1,PRISHTINË,Sherbimet administrative dhe mbeshtetese,0.07098846413584058,0.12298918,0.13983405,0.15106392,0.16790867
2027,2,PRISHTINË,Sherbimet administrative dhe mbeshtetese,0.06789328706416138,0.06917956,0.08521724,0.095909,0.1119467
2027,3,PRISHTINË,Sherbimet administrative dhe mbeshtetese,0.06789328706416138,0.10018184,0.116684556,0.12768638,0.144189
2027,4,PRISHTINË,Sherbimet administrative dhe mbeshtetese,0.06789328706416138,0.10523412,0.1218127,0.13286495,0.1494435
2027,5,PRISHTINË,Sherbimet administrative dhe mbeshtetese,0.06789328706416138,0.10508806,0.121664405,0.13271534,0.14929163
2027,6,PRISHTINË,Sherbimet administrative dhe mbeshtetese,0.06789328706416138,0.10508806,0.121664405,0.13271534,0.14929163
2027,7,PRISHTINË,Sherbimet administrative dhe mbeshtetese,0.06789328706416138,0.11302297,0.1297183,0.14084852,0.15754378
2027,8,PRISHTINË,Sherbimet administrative dhe mbeshtetese,0.06789328706416138,0.11302297,0.1297183,0.14084852,0.15754378
2027,9,PRISHTINË,Sherbimet administrative dhe mbeshtetese,0.06789328706416138,0.09939191,0.115882754,0.12687671,0.14336753
2027,10,PRISHTINË,Sherbimet administrative dhe mbeshtetese,0.06789328706416138,-0.03479821,-0.020320177,-0.0106681585,0.0038098097
2027,11,PRISHTINË,Sherbimet administrative dhe mbeshtetese,0.06789328706416138,0.01144128,0.026612878,0.03672719,0.051898837
2027,12,PRISHTINË,Sherbimet administrative dhe mbeshtetese,0.06789328706416138,0.16025329,0.17765713,0.18925965,0.20666337
2027,1,PRISHTINË,Transporti dhe magazinimi,0.07098846413584058,0.094019264,0.110429525,0.12136972,0.13778007
2027,2,PRISHTINË,Transporti dhe magazinimi,0.06789328706416138,0.06356379,0.079517245,0.09015286,0.10610628
2027,3,PRISHTINË,Transporti dhe magazinimi,0.06789328706416138,0.075735494,0.0918715,0.10262883,0.11876488
2027,4,PRISHTINË,Transporti dhe magazinimi,0.06789328706416138,0.06927212,0.085311174,0.09600389,0.11204302
2027,5,PRISHTINË,Transporti dhe magazinimi,0.06789328706416138,0.07716065,0.093317986,0.10408962,0.12024701
2027,6,PRISHTINË,Transporti dhe magazinimi,0.06789328706416138,0.07716065,0.093317986,0.10408962,0.12024701
2027,7,PRISHTINË,Transporti dhe magazinimi,0.06789328706416138,0.0739435,0.090052605,0.10079205,0.11690116
2027,8,PRISHTINË,Transporti dhe magazinimi,0.06789328706416138,0.0739435,0.090052605,0.10079205,0.11690116
2027,9,PRISHTINË,Transporti dhe magazinimi,0.06789328706416138,0.07146151,0.087533474,0.098248124,0.11431992
2027,10,PRISHTINË,Transporti dhe magazinimi,0.06789328706416138,0.05278393,0.06857574,0.07910359,0.09489524
2027,11,PRISHTINË,Transporti dhe magazinimi,0.06789328706416138,0.06298412,0.07892883,0.08955872,0.10550344
2027,12,PRISHTINË,Transporti dhe magazinimi,0.06789328706416138,0.13062014,0.14757943,0.1588856,0.17584491
2027,1,PRISHTINË,Tregtia me shumice dhe pakice; Riparimi i mjeteve motorike dhe motoeikletave,0.07098846413584058,0.07237844,0.08846402,0.09918785,0.115273476
2027,2,PRISHTINË,Tregtia me shumice dhe pakice; Riparimi i mjeteve motorike dhe motoeikletave,0.06789328706416138,0.044342723,0.06000793,0.07045126,0.08611643
2027,3,PRISHTINË,Tregtia me shumice dhe pakice; Riparimi i mjeteve motorike dhe motoeikletave,0.06789328706416138,0.0492448,0.06498337,0.07547581,0.09121454
2027,4,PRISHTINË,Tregtia me shumice dhe pakice; Riparimi i mjeteve motorike dhe motoeikletave,0.06789328706416138,0.042781442,0.05842316,0.068850994,0.08449268
2027,5,PRISHTINË,Tregtia me shumice dhe pakice; Riparimi i mjeteve motorike dhe motoeikletave,0.06789328706416138,0.050669946,0.06642997,0.0769366,0.09269667
2027,6,PRISHTINË,Tregtia me shumice dhe pakice; Riparimi i mjeteve motorike dhe motoeikletave,0.06789328706416138,0.050669946,0.06642997,0.0769366,0.09269667
2027,7,PRISHTINË,Tregtia me shumice dhe pakice; Riparimi i mjeteve motorike dhe motoeikletave,0.06789328706416138,0.047452796,0.06316459,0.073639154,0.08935094
2027,8,PRISHTINË,Tregtia me shumice dhe pakice; Riparimi i mjeteve motorike dhe motoeikletave,0.06789328706416138,0.047452796,0.06316459,0.073639154,0.08935094
2027,9,PRISHTINË,Tregtia me shumice dhe pakice; Riparimi i mjeteve motorike dhe motoeikletave,0.06789328706416138,0.044970814,0.06064546,0.07109511,0.0867697
2027,10,PRISHTINË,Tregtia me shumice dhe pakice; Riparimi i mjeteve motorike dhe motoeikletave,0.06789328706416138,0.03771815,0.05328393,0.0636611,0.07922685
2027,11,PRISHTINË,Tregtia me shumice dhe pakice; Riparimi i mjeteve motorike dhe motoeikletave,0.06789328706416138,0.04376303,0.059419513,0.06985712,0.08551347
2027,12,PRISHTINË,Tregtia me shumice dhe pakice; Riparimi i mjeteve motorike dhe motoeikletave,0.06789328706416138,0.10782473,0.12444198,0.13552022,0.15213764
2027,1,PRIZREN,Administrimi publik dhe mbrojtja; Sigurimi social i detyrueshem,0.12845729198118108,-0.13543394,-0.12246543,-0.11381978,-0.1008513
2027,2,PRIZREN,Administrimi publik dhe mbrojtja; Sigurimi social i detyrueshem,0.1532104916499257,-0.032811325,-0.018303514,-0.008631647,0.0058761835
2027,3,PRIZREN,Administrimi publik dhe mbrojtja; Sigurimi social i detyrueshem,-0.04485788972857118,-0.011078592,0.0037552118,0.013644457,0.028478265
2027,4,PRIZREN,Administrimi publik dhe mbrojtja; Sigurimi social i detyrueshem,0.20417081931192316,0.12683594,0.14373851,0.15500677,0.17190933
2027,5,PRIZREN,Administrimi publik dhe mbrojtja; Sigurimi social i detyrueshem,-0.04309731798679327,-0.024593322,-0.009962201,-0.00020813942,0.0144228935
2027,6,PRIZREN,Administrimi publik dhe mbrojtja; Sigurimi social i detyrueshem,0.020611772564592793,0.010714815,0.02587545,0.03598261,0.05114329
2027,7,PRIZREN,Administrimi publik dhe mbrojtja; Sigurimi social i detyrueshem,0.148834753767179,0.03779011,0.053356886,0.06373477,0.079301596
2027,8,PRIZREN,Administrimi publik dhe mbrojtja; Sigurimi social i detyrueshem,0.1650670810611046,0.062030632,0.07796109,0.08858144,0.10451186
2027,9,PRIZREN,Administrimi publik dhe mbrojtja; Sigurimi social i detyrueshem,0.1382838376661865,0.047593635,0.063307524,0.0737834,0.08949733
2027,10,PRIZREN,Administrimi publik dhe mbrojtja; Sigurimi social i detyrueshem,0.12552970392821008,0.00087671925,0.015889764,0.025898576,0.040911674
2027,11,PRIZREN,Administrimi publik dhe mbrojtja; Sigurimi social i detyrueshem,0.16326379719138978,0.05508406,0.070910335,0.08146119,0.09728742
2027,12,PRIZREN,Administrimi publik dhe mbrojtja; Sigurimi social i detyrueshem,0.1156482326074491,0.13626768,0.15331161,0.16467428,0.18171835
2027,1,PRIZREN,Akomodimi dhe sherbimi ushqimor,0.09134825151276289,0.18622422,0.20401752,0.2158798,0.2336731
2027,2,PRIZREN,Akomodimi dhe sherbimi ushqimor,0.0982670944276911,0.13949186,0.15658414,0.16797912,0.18507147
2027,3,PRIZREN,Akomodimi dhe sherbimi ushqimor,0.08587898645431218,0.057722595,0.07358837,0.08416557,0.100031376
2027,4,PRIZREN,Akomodimi dhe sherbimi ushqimor,0.08587898645431218,0.12633666,0.14323175,0.15449512,0.17139018
2027,5,PRIZREN,Akomodimi dhe sherbimi ushqimor,0.08587898645431218,0.10973769,0.12638366,0.1374811,0.15412712
2027,6,PRIZREN,Akomodimi dhe sherbimi ushqimor,0.08008760630554167,0.07847589,0.09465313,0.105437875,0.12161493
2027,7,PRIZREN,Akomodimi dhe sherbimi ushqimor,0.06844113842095496,0.03663353,0.052183032,0.06254935,0.078098774
2027,8,PRIZREN,Akomodimi dhe sherbimi ushqimor,0.06629506295739529,-0.012914429,0.0018918514,0.011762738,0.026569009
2027,9,PRIZREN,Akomodimi dhe sherbimi ushqimor,0.07496452763185094,0.107066095,0.12367213,0.13474274,0.15134871
2027,10,PRIZREN,Akomodimi dhe sherbimi ushqimor,0.08840717476034807,0.037649967,0.05321467,0.06359124,0.07915592
2027,11,PRIZREN,Akomodimi dhe sherbimi ushqimor,0.08840717476034807,0.094652236,0.111071944,0.12201846,0.13843822
2027,12,PRIZREN,Akomodimi dhe sherbimi ushqimor,0.0678356085350915,0.07514748,0.09127474,0.102026224,0.11815333
2027,1,PRIZREN,Aktivitetet e patundshmerise,0.23338733190903543,0.1662815,0.18377566,0.1954385,0.2129327
2027,2,PRIZREN,Aktivitetet e patundshmerise,0.04590974217764358,-0.004624557,0.01030612,0.020259857,0.035190463
2027,3,PRIZREN,Aktivitetet e patundshmerise,0.14789188891967134,0.10380842,0.1203655,0.13140357,0.14796066
2027,4,PRIZREN,Aktivitetet e patundshmerise,0.2714056720559007,0.31312066,0.33281744,0.34594858,0.3656454
2027,5,PRIZREN,Aktivitetet e patundshmerise,0.12346202141170409,0.052175496,0.06795812,0.078479886,0.09426248
2027,6,PRIZREN,Aktivitetet e patundshmerise,0.2636660440595802,0.3860847,0.40687597,0.4207368,0.44152796
2027,7,PRIZREN,Aktivitetet e patundshmerise,0.15559353038995918,0.09467128,0.111091256,0.12203801,0.13845801
2027,8,PRIZREN,Aktivitetet e patundshmerise,0.11814344808085783,0.059602875,0.07549691,0.08609295,0.101986885
2027,9,PRIZREN,Aktivitetet e patundshmerise,0.2293610585785702,0.1815067,0.19922924,0.21104431,0.2287668
2027,10,PRIZREN,Aktivitetet e patundshmerise,0.2513667746322787,0.16190842,0.17933702,0.19095612,0.20838463
2027,11,PRIZREN,Aktivitetet e patundshmerise,0.24429793099127334,0.15842542,0.17580187,0.18738604,0.20476246
2027,12,PRIZREN,Aktivitetet e patundshmerise,0.031665840086077764,0.12000849,0.13680863,0.1480087,0.16480875
2027,1,PRIZREN,Aktivitetet e shendetit te njeriut dhe te punes sociale,0.4642305632594274,0.37635463,0.39699996,0.4107635,0.43140888
2027,2,PRIZREN,Aktivitetet e shendetit te njeriut dhe te punes sociale,0.38419375951016477,0.36597896,0.38646865,0.40012836,0.42061806
2027,3,PRIZREN,Aktivitetet e shendetit te njeriut dhe te punes sociale,0.09529849068895788,0.11210069,0.12878227,0.13990319,0.15658474
2027,4,PRIZREN,Aktivitetet e shendetit te njeriut dhe te punes sociale,0.23589072802851205,0.1874442,0.20525587,0.2171303,0.23494196
2027,5,PRIZREN,Aktivitetet e shendetit te njeriut dhe te punes sociale,0.27042886808295646,0.29519683,0.31462467,0.32757664,0.34700465
2027,6,PRIZREN,Aktivitetet e shendetit te njeriut dhe te punes sociale,0.16911370707242465,0.19870454,0.21668506,0.22867203,0.2466526
2027,7,PRIZREN,Aktivitetet e shendetit te njeriut dhe te punes sociale,0.2084408218692798,0.19246112,0.21034801,0.22227263,0.24015951
2027,8,PRIZREN,Aktivitetet e shendetit te njeriut dhe te punes sociale,0.14863528413633306,0.12629955,0.14319396,0.15445697,0.17135143
2027,9,PRIZREN,Aktivitetet e shendetit te njeriut dhe te punes sociale,0.09836516047715817,0.0692405,0.08527899,0.095971465,0.11201
2027,10,PRIZREN,Aktivitetet e shendetit te njeriut dhe te punes sociale,0.5710226054236665,0.3284902,0.34841764,0.36170244,0.38162982
2027,11,PRIZREN,Aktivitetet e shendetit te njeriut dhe te punes sociale,0.34430611131801137,0.24986085,0.2686088,0.28110743,0.29985523
2027,12,PRIZREN,Aktivitetet e shendetit te njeriut dhe te punes sociale,-0.1254200505316942,-0.0360193,-0.021559656,-0.011919856,0.0025398731
2027,1,PRIZREN,Aktivitetet e tjera sherbyese,0.6855319694681058,0.5668442,0.5903468,0.6060153,0.6295179
2027,2,PRIZREN,Aktivitetet e tjera sherbyese,0.6894378760906129,0.49747482,0.5199369,0.53491163,0.55737376
2027,3,PRIZREN,Aktivitetet e tjera sherbyese,0.0883841838449168,-0.027113691,-0.012520373,-0.002791524,0.01180172
2027,4,PRIZREN,Aktivitetet e tjera sherbyese,0.7656188400587082,0.53252894,0.55551684,0.570842,0.59383
2027,5,PRIZREN,Aktivitetet e tjera sherbyese,0.6297772015620517,0.29150876,0.31088138,0.3237965,0.3431691
2027,6,PRIZREN,Aktivitetet e tjera sherbyese,0.029531554218829234,-0.07377151,-0.05987805,-0.050615788,-0.036722362
2027,7,PRIZREN,Aktivitetet e tjera sherbyese,0.20000016983890564,0.20683078,0.22493315,0.23700154,0.25510395
2027,8,PRIZREN,Aktivitetet e tjera sherbyese,0.1060112108645802,0.007752312,0.022868514,0.03294611,0.048062325
2027,9,PRIZREN,Aktivitetet e tjera sherbyese,-0.05147972747784372,-0.08229031,-0.06852466,-0.05934757,-0.045581937
2027,10,PRIZREN,Aktivitetet e tjera sherbyese,0.6580093377798222,0.46188724,0.48381555,0.49843442,0.5203626
2027,11,PRIZREN,Aktivitetet e tjera sherbyese,0.5310526308325711,0.20983084,0.22797835,0.24007666,0.258224
2027,12,PRIZREN,Aktivitetet e tjera sherbyese,-0.16876383898884273,-0.09534865,-0.081778884,-0.07273239,-0.059162617
2027,1,PRIZREN,Aktivitetet financiare dhe te sigurimit,0.42396653431227027,0.35252798,0.37281585,0.3863411,0.4066291
2027,2,PRIZREN,Aktivitetet financiare dhe te sigurimit,0.40889744636148484,0.20273148,0.2207725,0.23279977,0.25084066
2027,3,PRIZREN,Aktivitetet financiare dhe te sigurimit,0.2340849230865038,0.0753712,0.09150171,0.102255344,0.11838591
2027,4,PRIZREN,Aktivitetet financiare dhe te sigurimit,-0.038965728100958864,-0.080451034,-0.06665778,-0.057462335,-0.043669105
2027,5,PRIZREN,Aktivitetet financiare dhe te sigurimit,-0.05221273785325097,-0.042000487,-0.027630508,-0.018050492,-0.0036805272
2027,6,PRIZREN,Aktivitetet financiare dhe te sigurimit,0.09814968923671592,-0.015203605,-0.00043165684,0.009416342,0.02418828
2027,7,PRIZREN,Aktivitetet financiare dhe te sigurimit,0.11890983089471639,0.08843229,0.10475874,0.11564314,0.13196957
2027,8,PRIZREN,Aktivitetet financiare dhe te sigurimit,0.0794689703344402,0.0066633555,0.021763206,0.031829834,0.046929836
2027,9,PRIZREN,Aktivitetet financiare dhe te sigurimit,-0.022416786048318295,-0.1907419,-0.17860305,-0.17051047,-0.15837163
2027,10,PRIZREN,Aktivitetet financiare dhe te sigurimit,0.07302420441656364,-0.042762652,-0.028404117,-0.01883173,-0.00447315
2027,11,PRIZREN,Aktivitetet financiare dhe te sigurimit,0.05747394123604941,-0.04941513,-0.03515637,-0.025650501,-0.011391759
2027,12,PRIZREN,Aktivitetet financiare dhe te sigurimit,-0.029143511569300142,-0.17145118,-0.15902299,-0.15073752,-0.1383093
2027,1,PRIZREN,"Aktivitetet profesionale, shkencore dhe teknike",0.34662617968675297,0.17036116,0.18791652,0.19962013,0.2171756
2027,2,PRIZREN,"Aktivitetet profesionale, shkencore dhe teknike",0.27152455291713007,0.16042948,0.17783594,0.18944013,0.2068466
2027,3,PRIZREN,"Aktivitetet profesionale, shkencore dhe teknike",0.2067036620620778,0.23146537,0.2499373,0.26225197,0.28072393
2027,4,PRIZREN,"Aktivitetet profesionale, shkencore dhe teknike",0.24162670881800438,0.19863337,0.21661294,0.22859919,0.2465787
2027,5,PRIZREN,"Aktivitetet profesionale, shkencore dhe teknike",0.07270686954840819,0.12816581,0.14508832,0.15636992,0.1732924
2027,6,PRIZREN,"Aktivitetet profesionale, shkencore dhe teknike",0.050590939424803354,0.09745199,0.113913774,0.1248883,0.14135003
2027,7,PRIZREN,"Aktivitetet profesionale, shkencore dhe teknike",0.26400517656395134,0.25855413,0.27743244,0.29001796,0.30889618
2027,8,PRIZREN,"Aktivitetet profesionale, shkencore dhe teknike",0.3537521913217576,0.5314472,0.5544188,0.56973326,0.592705
2027,9,PRIZREN,"Aktivitetet profesionale, shkencore dhe teknike",0.0892034389211219,0.081401855,0.09762287,0.10843682,0.12465787
2027,10,PRIZREN,"Aktivitetet profesionale, shkencore dhe teknike",0.28355653842284956,0.33359972,0.35360372,0.36693966,0.38694358
2027,11,PRIZREN,"Aktivitetet profesionale, shkencore dhe teknike",0.2821239389071414,0.31093442,0.33059847,0.3437078,0.36337173
2027,12,PRIZREN,"Aktivitetet profesionale, shkencore dhe teknike",0.042835140672496025,-0.021436935,-0.006758511,0.0030270815,0.01770556
2027,1,PRIZREN,Arsimi,0.6505081083610821,0.22793461,0.24635363,0.2586329,0.27705193
2027,2,PRIZREN,Arsimi,0.6886862180967018,0.18712239,0.20492911,0.21680033,0.23460722
2027,3,PRIZREN,Arsimi,0.4701290117776058,0.07144564,0.08751726,0.09823167,0.11430335
2027,4,PRIZREN,Arsimi,0.5356290049948204,0.23550881,0.25404143,0.26639652,0.28492916
2027,5,PRIZREN,Arsimi,0.11598012216159818,0.043481622,0.059133768,0.069568634,0.085220814
2027,6,PRIZREN,Arsimi,0.7475841266451113,0.41604304,0.43728364,0.45144403,0.47268474
2027,7,PRIZREN,Arsimi,0.37630806847173787,0.40137947,0.42240012,0.43641388,0.45743454
2027,8,PRIZREN,Arsimi,0.4409582655315661,0.376155,0.3967973,0.41055882,0.43120122
2027,9,PRIZREN,Arsimi,-0.022996202424372104,-0.017962577,-0.0032320023,0.00658834,0.021318913
2027,10,PRIZREN,Arsimi,0.36619840175705637,0.19878724,0.21676898,0.2287569,0.24673867
2027,11,PRIZREN,Arsimi,0.20376827081419818,-0.028790254,-0.0142220855,-0.0045099854,0.010058165
2027,12,PRIZREN,Arsimi,-0.08582525218775522,-0.11187502,-0.09855312,-0.08967191,-0.07635003
2027,1,PRIZREN,"Artet, Argetimi dhe rekreacioni",0.1750354012619489,0.040796094,0.05640793,0.06681597,0.08242786
2027,2,PRIZREN,"Artet, Argetimi dhe rekreacioni",-0.052770429165979224,-0.2807129,-0.26992363,-0.26273072,-0.25194144
2027,3,PRIZREN,"Artet, Argetimi dhe rekreacioni",-0.07075708233058349,-0.09676983,-0.083221376,-0.07418907,-0.060640633
2027,4,PRIZREN,"Artet, Argetimi dhe rekreacioni",-0.20111101146290275,-0.45803168,-0.44990212,-0.44448245,-0.43635297
2027,5,PRIZREN,"Artet, Argetimi dhe rekreacioni",-0.2959737212988,-0.368305,-0.35882956,-0.3525126,-0.3430372
2027,6,PRIZREN,"Artet, Argetimi dhe rekreacioni",-0.09738872117144826,-0.11814879,-0.10492104,-0.096102536,-0.082874775
2027,7,PRIZREN,"Artet, Argetimi dhe rekreacioni",-0.12451997029451353,-0.26962975,-0.25867414,-0.2513705,-0.24041492
2027,8,PRIZREN,"Artet, Argetimi dhe rekreacioni",-0.22782228637725638,-0.24299133,-0.23163623,-0.22406614,-0.21271104
2027,9,PRIZREN,"Artet, Argetimi dhe rekreacioni",-0.16988307210910705,-0.059165783,-0.045053303,-0.03564495,-0.021532416
2027,10,PRIZREN,"Artet, Argetimi dhe rekreacioni",0.13029485532449364,-0.14967673,-0.13692188,-0.12841868,-0.11566383
2027,11,PRIZREN,"Artet, Argetimi dhe rekreacioni",-0.15513862308722884,-0.35498342,-0.34530818,-0.33885807,-0.3291828
2027,12,PRIZREN,"Artet, Argetimi dhe rekreacioni",-0.026240671012278213,0.124413505,0.1412797,0.15252376,0.16938996
2027,1,PRIZREN,Bujqesia;Pylltaria dhe Peshkimi,2.0,1.989355,2.0341954,2.0640888,2.1089292
2027,2,PRIZREN,Bujqesia;Pylltaria dhe Peshkimi,0.35260522061717586,0.03156575,0.04703927,0.057354927,0.07282841
2027,3,PRIZREN,Bujqesia;Pylltaria dhe Peshkimi,0.20182181288623685,0.2308515,0.24931431,0.2616228,0.28008556
2027,4,PRIZREN,Bujqesia;Pylltaria dhe Peshkimi,0.5304426796663603,0.46868685,0.49071705,0.505404,0.52743423
2027,5,PRIZREN,Bujqesia;Pylltaria dhe Peshkimi,-0.13616760619059778,-0.23264465,-0.22113436,-0.2134608,-0.20195049
2027,6,PRIZREN,Bujqesia;Pylltaria dhe Peshkimi,-0.1215823643480434,-0.13426153,-0.121275485,-0.11261809,-0.099632025
2027,7,PRIZREN,Bujqesia;Pylltaria dhe Peshkimi,-0.3127301818460567,-0.2635956,-0.25254953,-0.2451855,-0.23413944
2027,8,PRIZREN,Bujqesia;Pylltaria dhe Peshkimi,-0.011656131264578184,-0.01781343,-0.003080666,0.006741166,0.021474004
2027,9,PRIZREN,Bujqesia;Pylltaria dhe Peshkimi,0.016985808542405924,0.1414394,0.15856099,0.1699754,0.18709695
2027,10,PRIZREN,Bujqesia;Pylltaria dhe Peshkimi,0.39096345825391005,0.18810296,0.20592451,0.2178055,0.23562706
2027,11,PRIZREN,Bujqesia;Pylltaria dhe Peshkimi,-0.05616016868268073,-0.103310466,-0.08986014,-0.08089328,-0.067442894
2027,12,PRIZREN,Bujqesia;Pylltaria dhe Peshkimi,0.09326180970668864,0.19592161,0.21386051,0.2258197,0.24375844
2027,1,PRIZREN,"Furnizimi me rryme, gaz, avull dhe ajer te kondicionuar",1.4259100649067915,1.808934,1.851068,1.8791573,1.9212911
2027,3,PRIZREN,"Furnizimi me rryme, gaz, avull dhe ajer te kondicionuar",1.351855138026037,0.6460782,0.67076933,0.6872301,0.71192133
2027,5,PRIZREN,"Furnizimi me rryme, gaz, avull dhe ajer te kondicionuar",0.8340895882685341,0.22698393,0.24538863,0.25765848,0.2760632
2027,6,PRIZREN,"Furnizimi me rryme, gaz, avull dhe ajer te kondicionuar",0.2199719616833564,0.12291504,0.1397587,0.15098786,0.16783154
2027,7,PRIZREN,"Furnizimi me rryme, gaz, avull dhe ajer te kondicionuar",1.830168261970329,0.8713278,0.89939773,0.9181111,0.94618094
2027,8,PRIZREN,"Furnizimi me rryme, gaz, avull dhe ajer te kondicionuar",0.0074322985418934255,-0.10261938,-0.089158714,-0.08018494,-0.06672424
2027,9,PRIZREN,"Furnizimi me rryme, gaz, avull dhe ajer te kondicionuar",0.22021719251375207,-0.10909685,-0.095733285,-0.08682424,-0.07346076
2027,10,PRIZREN,"Furnizimi me rryme, gaz, avull dhe ajer te kondicionuar",0.33642343688952975,-0.008996694,0.0058683157,0.015778422,0.030643463
2027,11,PRIZREN,"Furnizimi me rryme, gaz, avull dhe ajer te kondicionuar",2.0,2.0,2.045,2.0749998,2.12
2027,12,PRIZREN,"Furnizimi me rryme, gaz, avull dhe ajer te kondicionuar",0.193595801698396,0.28679946,0.30610144,0.31896937,0.33827138
2027,1,PRIZREN,Furnizimi me uje; Kanalizimi; Aktivitetet e menaxhimit dhe te trajtimit te mbeturinave,0.1531015426821577,0.017325189,0.032585025,0.042758226,0.05801809
2027,2,PRIZREN,Furnizimi me uje; Kanalizimi; Aktivitetet e menaxhimit dhe te trajtimit te mbeturinave,0.15269783961743497,-0.028927652,-0.01436156,-0.004650831,0.009915233
2027,3,PRIZREN,Furnizimi me uje; Kanalizimi; Aktivitetet e menaxhimit dhe te trajtimit te mbeturinave,0.1636787283219539,0.029238021,0.044676542,0.054968953,0.07040751
2027,4,PRIZREN,Furnizimi me uje; Kanalizimi; Aktivitetet e menaxhimit dhe te trajtimit te mbeturinave,0.15746492253937627,0.0018626949,0.016890526,0.026909232,0.041937113
2027,5,PRIZREN,Furnizimi me uje; Kanalizimi; Aktivitetet e menaxhimit dhe te trajtimit te mbeturinave,0.16108523577117626,0.024864253,0.04023719,0.05048573,0.06585872
2027,6,PRIZREN,Furnizimi me uje; Kanalizimi; Aktivitetet e menaxhimit dhe te trajtimit te mbeturinave,0.16434133718571858,0.04583603,0.061523438,0.07198179,0.08766937
2027,7,PRIZREN,Furnizimi me uje; Kanalizimi; Aktivitetet e menaxhimit dhe te trajtimit te mbeturinave,0.11611740474159384,-0.024646943,-0.01001668,-0.0002631545,0.014367104
2027,8,PRIZREN,Furnizimi me uje; Kanalizimi; Aktivitetet e menaxhimit dhe te trajtimit te mbeturinave,0.04795967217872113,-0.037457597,-0.023019493,-0.013394058,0.001044035
2027,9,PRIZREN,Furnizimi me uje; Kanalizimi; Aktivitetet e menaxhimit dhe te trajtimit te mbeturinave,0.14632706928508063,0.0125469975,0.027735233,0.037860632,0.05304885
2027,10,PRIZREN,Furnizimi me uje; Kanalizimi; Aktivitetet e menaxhimit dhe te trajtimit te mbeturinave,0.21399552085592977,0.021441352,0.036762953,0.0469774,0.062299013
2027,11,PRIZREN,Furnizimi me uje; Kanalizimi; Aktivitetet e menaxhimit dhe te trajtimit te mbeturinave,0.18195416191660377,-0.0036087246,0.011337161,0.021301031,0.036246896
2027,12,PRIZREN,Furnizimi me uje; Kanalizimi; Aktivitetet e menaxhimit dhe te trajtimit te mbeturinave,0.1620334485298375,0.100234844,0.11673832,0.12774074,0.1442442
2027,1,PRIZREN,Industria nxjerrese,0.30743853542344735,0.22059673,0.23890567,0.25111163,0.26942062
2027,2,PRIZREN,Industria nxjerrese,-0.012504180939826949,0.1637653,0.18122172,0.19285941,0.21031582
2027,3,PRIZREN,Industria nxjerrese,-0.24806470808636746,-0.17650554,-0.16415316,-0.15591824,-0.14356583
2027,4,PRIZREN,Industria nxjerrese,-0.06939106534688812,-0.18984939,-0.17769712,-0.16959566,-0.1574434
2027,5,PRIZREN,Industria nxjerrese,0.14216508416616597,0.023709068,0.039064646,0.049301744,0.06465733
2027,6,PRIZREN,Industria nxjerrese,0.003722143871665442,-0.027104676,-0.012511253,-0.0027823448,0.011811137
2027,7,PRIZREN,Industria nxjerrese,-0.037448913093692526,-0.08470167,-0.070972204,-0.061819196,-0.048089743
2027,8,PRIZREN,Industria nxjerrese,-0.15722355379590466,-0.3260253,-0.3159157,-0.30917597,-0.29906636
2027,9,PRIZREN,Industria nxjerrese,-0.09091000468301673,-0.1056725,-0.09225756,-0.0833143,-0.06989944
2027,10,PRIZREN,Industria nxjerrese,-0.026335812479801365,-0.17711022,-0.16476685,-0.15653795,-0.14419466
2027,11,PRIZREN,Industria nxjerrese,-0.09404110228863495,-0.14032213,-0.12742698,-0.118830204,-0.1059351
2027,12,PRIZREN,Industria nxjerrese,-0.32426308315289737,-0.12602288,-0.11291325,-0.10417348,-0.0910638
2027,1,PRIZREN,Industria perpunuese,0.07098846413584058,0.09730568,0.11376524,0.12473822,0.1411978
2027,2,PRIZREN,Industria perpunuese,0.06789328706416138,0.0668502,0.08285296,0.09352136,0.10952413
2027,3,PRIZREN,Industria perpunuese,0.06789328706416138,0.07297867,0.0890733,0.09980309,0.115897775
2027,4,PRIZREN,Industria perpunuese,0.06789328706416138,0.0665153,0.082513094,0.09317815,0.10917592
2027,5,PRIZREN,Industria perpunuese,0.06789328706416138,0.07440382,0.090519786,0.10126388,0.117379904
2027,6,PRIZREN,Industria perpunuese,0.06789328706416138,0.07440382,0.090519786,0.10126388,0.117379904
2027,7,PRIZREN,Industria perpunuese,0.06789328706416138,0.07118668,0.087254405,0.09796631,0.11403406
2027,8,PRIZREN,Industria perpunuese,0.06789328706416138,0.07118668,0.087254405,0.09796631,0.11403406
2027,9,PRIZREN,Industria perpunuese,0.06789328706416138,0.06870469,0.084735274,0.09542227,0.11145282
2027,10,PRIZREN,Industria perpunuese,0.06789328706416138,0.060225666,0.07612908,0.086731315,0.10263467
2027,11,PRIZREN,Industria perpunuese,0.06789328706416138,0.06627053,0.08226466,0.09292734,0.10892141
2027,12,PRIZREN,Industria perpunuese,0.06789328706416138,0.13112015,0.14808702,0.1593982,0.17636502
2027,1,PRIZREN,Informimi dhe komunikimi,0.2752005777824811,0.18542124,0.20320249,0.21505678,0.23283803
2027,2,PRIZREN,Informimi dhe komunikimi,0.20602234432090694,0.18038334,0.198089,0.20989287,0.22759867
2027,3,PRIZREN,Informimi dhe komunikimi,0.12779923950780772,0.15497597,0.17230058,0.18385041,0.20117497
2027,4,PRIZREN,Informimi dhe komunikimi,0.23014683977744235,0.3009525,0.32046676,0.3334762,0.3529905
2027,5,PRIZREN,Informimi dhe komunikimi,0.144344280498727,0.15315723,0.17045462,0.1819861,0.19928348
2027,6,PRIZREN,Informimi dhe komunikimi,0.16232498955022986,0.24504049,0.2637161,0.27616656,0.29484212
2027,7,PRIZREN,Informimi dhe komunikimi,0.11073328015478502,0.103637725,0.12019229,0.13122857,0.14778316
2027,8,PRIZREN,Informimi dhe komunikimi,0.1361069851513416,0.15709493,0.17445135,0.18602228,0.20337868
2027,9,PRIZREN,Informimi dhe komunikimi,0.5177171872701166,0.39046195,0.41131878,0.42522347,0.44608033
2027,10,PRIZREN,Informimi dhe komunikimi,0.30471571973096356,0.19076957,0.20863104,0.22053874,0.23840034
2027,11,PRIZREN,Informimi dhe komunikimi,0.2671576375127582,0.18332934,0.20107925,0.21291256,0.23066247
2027,12,PRIZREN,Informimi dhe komunikimi,0.0722155446083517,0.07997345,0.09617305,0.10697281,0.1231724
2027,1,PRIZREN,Mungon aktiviteti,0.3385205688200476,-0.1404442,-0.1275509,-0.118955374,-0.106061995
2027,2,PRIZREN,Mungon aktiviteti,0.6901980281884382,-0.02551722,-0.010900021,-0.0011551976,0.013462067
2027,3,PRIZREN,Mungon aktiviteti,-0.36123785499773853,-0.5467647,-0.5399661,-0.53543377,-0.52863526
2027,4,PRIZREN,Mungon aktiviteti,-0.3498639394623096,-0.5606606,-0.5540705,-0.54967713,-0.543087
2027,5,PRIZREN,Mungon aktiviteti,-0.3392880391587417,-0.49738824,-0.4898491,-0.484823,-0.47728378
2027,6,PRIZREN,Mungon aktiviteti,0.7279890936285658,0.6632658,0.6882148,0.70484746,0.7297964
2027,7,PRIZREN,Mungon aktiviteti,1.2245239615660177,1.1464139,1.1786101,1.2000742,1.2322702
2027,8,PRIZREN,Mungon aktiviteti,0.07225960847218865,0.0997834,0.1162802,0.12727797,0.14377475
2027,9,PRIZREN,Mungon aktiviteti,-0.2474483803688531,-0.5259163,-0.518805,-0.5140642,-0.50695294
2027,10,PRIZREN,Mungon aktiviteti,1.040485854094061,0.5689979,0.59253275,0.6082227,0.63175774
2027,11,PRIZREN,Mungon aktiviteti,1.1961773343820976,0.39832884,0.41930366,0.43328702,0.4542619
2027,12,PRIZREN,Mungon aktiviteti,-0.08061415374147447,-0.30091324,-0.2904269,-0.28343606,-0.27294976
2027,1,PRIZREN,Ndertimtaria,0.07098846413584058,0.08540185,0.1016829,0.11253691,0.12881792
2027,2,PRIZREN,Ndertimtaria,0.06789328706416138,0.11233695,0.129022,0.14014542,0.15683043
2027,3,PRIZREN,Ndertimtaria,0.06789328706416138,0.1155734,0.13230693,0.14346266,0.1601963
2027,4,PRIZREN,Ndertimtaria,0.06789328706416138,0.09907808,0.11556423,0.12655497,0.14304113
2027,5,PRIZREN,Ndertimtaria,0.06789328706416138,0.10696662,0.12357116,0.13464081,0.15124524
2027,6,PRIZREN,Ndertimtaria,0.06937829870578086,0.16705248,0.18455827,0.19622874,0.21373451
2027,7,PRIZREN,Ndertimtaria,0.06789328706416138,0.10382413,0.120381474,0.13141966,0.14797711
2027,8,PRIZREN,Ndertimtaria,0.06789328706416138,0.101673685,0.11819887,0.1292156,0.14574063
2027,9,PRIZREN,Ndertimtaria,0.06789328706416138,0.10134214,0.117862344,0.12887573,0.14539587
2027,10,PRIZREN,Ndertimtaria,0.06789328706416138,0.07189005,0.08796835,0.09868717,0.114765525
2027,11,PRIZREN,Ndertimtaria,0.06789328706416138,0.09264057,0.10903013,0.11995649,0.1363461
2027,12,PRIZREN,Ndertimtaria,0.06789328706416138,0.14425458,0.16141832,0.17286086,0.19002473
2027,1,PRIZREN,Person Fizik,0.06762856875084848,0.047278263,0.06298745,0.07346022,0.08916938
2027,2,PRIZREN,Person Fizik,-0.2952374645149494,-0.25957373,-0.24846733,-0.24106306,-0.22995669
2027,3,PRIZREN,Person Fizik,-0.30007500103600065,-0.33180654,-0.32178366,-0.31510174,-0.3050788
2027,4,PRIZREN,Person Fizik,-0.03286239119351314,-0.19016466,-0.17801714,-0.16991884,-0.15777129
2027,5,PRIZREN,Person Fizik,0.1878534028517401,0.19200352,0.20988357,0.22180355,0.23968363
2027,6,PRIZREN,Person Fizik,0.12004219284131976,0.42907745,0.45051348,0.4648043,0.4862404
2027,7,PRIZREN,Person Fizik,-0.4181847909245266,-0.5333674,-0.5263679,-0.5217016,-0.5147021
2027,8,PRIZREN,Person Fizik,-0.25883167775872457,-0.55258524,-0.545874,-0.5413999,-0.5346887
2027,9,PRIZREN,Person Fizik,-0.10047935405269295,-0.42218238,-0.41351515,-0.40773696,-0.39906973
2027,10,PRIZREN,Person Fizik,-0.24199512604241563,-0.4022596,-0.3932935,-0.3873161,-0.37835002
2027,11,PRIZREN,Person Fizik,-0.11462817684517358,-0.37949148,-0.37018383,-0.36397874,-0.35467112
2027,12,PRIZREN,Person Fizik,-0.4770805278199266,-0.45776522,-0.4496317,-0.44420934,-0.43607587
2027,1,PRIZREN,Sherbimet administrative dhe mbeshtetese,0.17778122298800375,0.07619926,0.09234226,0.103104234,0.1192472
2027,2,PRIZREN,Sherbimet administrative dhe mbeshtetese,0.018517863597097523,-0.084033355,-0.0702939,-0.06113422,-0.047394753
2027,3,PRIZREN,Sherbimet administrative dhe mbeshtetese,0.12645947823129772,0.041692782,0.05731809,0.067735076,0.08336043
2027,4,PRIZREN,Sherbimet administrative dhe mbeshtetese,0.1876975263753492,0.08685655,0.10315943,0.11402798,0.1303308
2027,5,PRIZREN,Sherbimet administrative dhe mbeshtetese,0.014002889513986573,-0.025090152,-0.010466516,-0.0007174611,0.01390624
2027,6,PRIZREN,Sherbimet administrative dhe mbeshtetese,0.03123027309820623,0.084668614,0.10093868,0.11178529,0.12805533
2027,7,PRIZREN,Sherbimet administrative dhe mbeshtetese,0.0377458319197972,-0.05131547,-0.037085235,-0.027598381,-0.01336813
2027,8,PRIZREN,Sherbimet administrative dhe mbeshtetese,0.04959713229011365,-0.042650595,-0.028290331,-0.018716872,-0.0043566227
2027,9,PRIZREN,Sherbimet administrative dhe mbeshtetese,0.10464924620784802,0.19912432,0.21711123,0.22910237,0.24708927
2027,10,PRIZREN,Sherbimet administrative dhe mbeshtetese,0.3061974451464615,0.2863988,0.3056947,0.3185587,0.33785462
2027,11,PRIZREN,Sherbimet administrative dhe mbeshtetese,0.7272317108054273,0.44613668,0.46782875,0.48229015,0.50398207
2027,12,PRIZREN,Sherbimet administrative dhe mbeshtetese,0.02827134575725455,0.13299522,0.1499902,0.16132009,0.17831504
2027,1,PRIZREN,Transporti dhe magazinimi,0.555045737176481,0.3692359,0.38977444,0.4034667,0.42400527
2027,2,PRIZREN,Transporti dhe magazinimi,0.23255514273756997,0.24069592,0.25930643,0.27171338,0.29032373
2027,3,PRIZREN,Transporti dhe magazinimi,0.2602780720152929,0.28113207,0.30034912,0.31316042,0.3323773
2027,4,PRIZREN,Transporti dhe magazinimi,0.26966445087345875,0.22967389,0.248119,0.26041567,0.2788608
2027,5,PRIZREN,Transporti dhe magazinimi,0.19451331248700757,0.18916166,0.20699906,0.21889067,0.23672807
2027,6,PRIZREN,Transporti dhe magazinimi,0.10105963020827,0.21129091,0.22946036,0.24157321,0.2597425
2027,7,PRIZREN,Transporti dhe magazinimi,0.08208256023746306,0.034141954,0.049654007,0.059995413,0.07550752
2027,8,PRIZREN,Transporti dhe magazinimi,0.10652529784343656,0.1799919,0.1976918,0.20949173,0.22719157
2027,9,PRIZREN,Transporti dhe magazinimi,0.08013432689450849,0.07262371,0.08871305,0.09943926,0.11552858
2027,10,PRIZREN,Transporti dhe magazinimi,0.07368781373000378,-0.0068466556,0.008050561,0.017982125,0.03287947
2027,11,PRIZREN,Transporti dhe magazinimi,0.08545189088146606,0.06356512,0.07951856,0.09015429,0.10610771
2027,12,PRIZREN,Transporti dhe magazinimi,0.06493640935119337,0.09250762,0.10889518,0.11982024,0.13620782
2027,1,PRIZREN,Tregtia me shumice dhe pakice; Riparimi i mjeteve motorike dhe motoeikletave,0.07098846413584058,0.069621615,0.08566582,0.096362114,0.11240637
2027,2,PRIZREN,Tregtia me shumice dhe pakice; Riparimi i mjeteve motorike dhe motoeikletave,0.06789328706416138,0.041585896,0.05720973,0.06762552,0.08324933
2027,3,PRIZREN,Tregtia me shumice dhe pakice; Riparimi i mjeteve motorike dhe motoeikletave,0.06789328706416138,0.046487972,0.062185287,0.072650075,0.088347435
2027,4,PRIZREN,Tregtia me shumice dhe pakice; Riparimi i mjeteve motorike dhe motoeikletave,0.06789328706416138,0.040024616,0.05562496,0.06602526,0.08162558
2027,5,PRIZREN,Tregtia me shumice dhe pakice; Riparimi i mjeteve motorike dhe motoeikletave,0.06789328706416138,0.047913123,0.06363177,0.074110866,0.089829564
2027,6,PRIZREN,Tregtia me shumice dhe pakice; Riparimi i mjeteve motorike dhe motoeikletave,0.06789328706416138,0.047913123,0.06363177,0.074110866,0.089829564
2027,7,PRIZREN,Tregtia me shumice dhe pakice; Riparimi i mjeteve motorike dhe motoeikletave,0.06789328706416138,0.044695973,0.060366392,0.0708133,0.08648372
2027,8,PRIZREN,Tregtia me shumice dhe pakice; Riparimi i mjeteve motorike dhe motoeikletave,0.06789328706416138,0.044695973,0.060366392,0.0708133,0.08648372
2027,9,PRIZREN,Tregtia me shumice dhe pakice; Riparimi i mjeteve motorike dhe motoeikletave,0.06789328706416138,0.04221399,0.05784726,0.06826937,0.0839026
2027,10,PRIZREN,Tregtia me shumice dhe pakice; Riparimi i mjeteve motorike dhe motoeikletave,0.06789328706416138,0.034961324,0.05048573,0.06083536,0.07635975
2027,11,PRIZREN,Tregtia me shumice dhe pakice; Riparimi i mjeteve motorike dhe motoeikletave,0.06789328706416138,0.041006204,0.056621313,0.06703138,0.08264637
2027,12,PRIZREN,Tregtia me shumice dhe pakice; Riparimi i mjeteve motorike dhe motoeikletave,0.06789328706416138,0.1050679,0.1216439,0.13269448,0.14927053
2027,3,RAHOVEC,Administrimi publik dhe mbrojtja; Sigurimi social i detyrueshem,2.0,1.4551806,1.4920082,1.5165601,1.5533879
2027,6,RAHOVEC,Administrimi publik dhe mbrojtja; Sigurimi social i detyrueshem,2.0,1.0733567,1.1044569,1.1251905,1.1562908
2027,9,RAHOVEC,Administrimi publik dhe mbrojtja; Sigurimi social i detyrueshem,1.8282401915351523,1.5241349,1.5619969,1.5872381,1.6251001
2027,12,RAHOVEC,Administrimi publik dhe mbrojtja; Sigurimi social i detyrueshem,2.0,2.0,2.045,2.0749998,2.12
2027,1,RAHOVEC,Akomodimi dhe sherbimi ushqimor,0.5613023439461275,0.37526724,0.39589632,0.4096489,0.43027794
2027,2,RAHOVEC,Akomodimi dhe sherbimi ushqimor,0.03872184830726728,-0.043591905,-0.029245794,-0.019681752,-0.005335629
2027,3,RAHOVEC,Akomodimi dhe sherbimi ushqimor,0.04271495383040469,0.056815237,0.07266748,0.08323562,0.099087834
2027,4,RAHOVEC,Akomodimi dhe sherbimi ushqimor,0.1670905202358067,0.06700642,0.08301151,0.093681574,0.10968673
2027,5,RAHOVEC,Akomodimi dhe sherbimi ushqimor,-0.010681689569669453,-0.039465092,-0.025057077,-0.015451729,-0.0010437369
2027,6,RAHOVEC,Akomodimi dhe sherbimi ushqimor,0.12505202040157815,0.071880236,0.087958455,0.09867716,0.11475539
2027,7,RAHOVEC,Akomodimi dhe sherbimi ushqimor,0.13268199687165616,0.048911996,0.06464577,0.07513487,0.09086847
2027,8,RAHOVEC,Akomodimi dhe sherbimi ushqimor,0.08930277576127298,-0.027531948,-0.012944937,-0.0032202601,0.011366725
2027,9,RAHOVEC,Akomodimi dhe sherbimi ushqimor,0.15985592210348773,0.15795283,0.17532206,0.18690157,0.20427084
2027,10,RAHOVEC,Akomodimi dhe sherbimi ushqimor,0.3341927572273012,0.13011001,0.1470617,0.15836275,0.17531443
2027,11,RAHOVEC,Akomodimi dhe sherbimi ushqimor,0.04335945115482705,-0.045514017,-0.031196713,-0.021651864,-0.00733459
2027,12,RAHOVEC,Akomodimi dhe sherbimi ushqimor,0.0022916914407461685,0.056658167,0.07250798,0.08307457,0.0989244
2027,3,RAHOVEC,Aktivitetet e patundshmerise,1.1714485796439815,0.3582359,0.3786093,0.39219165,0.41256523
2027,6,RAHOVEC,Aktivitetet e patundshmerise,1.179410855386098,0.34433448,0.36449945,0.3779428,0.39810777
2027,9,RAHOVEC,Aktivitetet e patundshmerise,1.0463942562100639,0.43533468,0.4568647,0.471218,0.49274802
2027,12,RAHOVEC,Aktivitetet e patundshmerise,1.0393077019691601,0.61687446,0.6411276,0.6572963,0.68154943
2027,1,RAHOVEC,Aktivitetet e shendetit te njeriut dhe te punes sociale,0.8462696889894051,0.8892956,0.91763496,0.93652797,0.96486735
2027,2,RAHOVEC,Aktivitetet e shendetit te njeriut dhe te punes sociale,0.7372945495876616,0.71705675,0.74281263,0.7599832,0.78573895
2027,3,RAHOVEC,Aktivitetet e shendetit te njeriut dhe te punes sociale,0.06961031442218221,-0.014726187,5.2928925e-05,0.009905696,0.024684787
2027,4,RAHOVEC,Aktivitetet e shendetit te njeriut dhe te punes sociale,1.2688900807827328,1.5645914,1.6030602,1.6287062,1.667175
2027,5,RAHOVEC,Aktivitetet e shendetit te njeriut dhe te punes sociale,0.7775370411450552,1.1291263,1.1610632,1.1823545,1.2142913
2027,6,RAHOVEC,Aktivitetet e shendetit te njeriut dhe te punes sociale,0.11493417681867053,0.0014501141,0.016471744,0.026486278,0.04150808
2027,7,RAHOVEC,Aktivitetet e shendetit te njeriut dhe te punes sociale,0.6041341308443094,0.7114326,0.73710406,0.75421834,0.7798898
2027,8,RAHOVEC,Aktivitetet e shendetit te njeriut dhe te punes sociale,0.510275719161623,0.55391186,0.57722056,0.5927597,0.61606836
2027,9,RAHOVEC,Aktivitetet e shendetit te njeriut dhe te punes sociale,0.016031205580760995,-0.16056809,-0.14797664,-0.13958234,-0.12699085
2027,10,RAHOVEC,Aktivitetet e shendetit te njeriut dhe te punes sociale,1.455497607376856,1.6461421,1.6858342,1.7122955,1.7519877
2027,11,RAHOVEC,Aktivitetet e shendetit te njeriut dhe te punes sociale,1.0919593691237255,1.2428275,1.2764697,1.298898,1.3325405
2027,12,RAHOVEC,Aktivitetet e shendetit te njeriut dhe te punes sociale,0.03594944201294573,0.028384205,0.04381001,0.054093838,0.06951952
2027,1,RAHOVEC,Aktivitetet e tjera sherbyese,0.30665464147550375,0.2867313,0.30603218,0.3188995,0.33820045
2027,2,RAHOVEC,Aktivitetet e tjera sherbyese,0.636001948834567,0.4706837,0.49274397,0.5074507,0.529511
2027,3,RAHOVEC,Aktivitetet e tjera sherbyese,0.10236615050076876,0.027610932,0.043025017,0.053301096,0.068715334
2027,4,RAHOVEC,Aktivitetet e tjera sherbyese,0.04257886279250175,0.069195054,0.08523297,0.095924854,0.111962795
2027,5,RAHOVEC,Aktivitetet e tjera sherbyese,-0.04027452971725923,-0.17692833,-0.16458225,-0.15635157,-0.14400548
2027,6,RAHOVEC,Aktivitetet e tjera sherbyese,0.18788983971656276,0.17640176,0.19404769,0.20581174,0.22345781
2027,7,RAHOVEC,Aktivitetet e tjera sherbyese,0.30928017299550514,0.3632642,0.38371313,0.39734578,0.4177947
2027,8,RAHOVEC,Aktivitetet e tjera sherbyese,0.9358641731733224,0.83018714,0.8576399,0.87594175,0.90339446
2027,9,RAHOVEC,Aktivitetet e tjera sherbyese,0.089995289585414,0.08656057,0.10285902,0.11372459,0.130023
2027,10,RAHOVEC,Aktivitetet e tjera sherbyese,0.6925842349230941,0.8767918,0.9049436,0.9237114,0.9518633
2027,11,RAHOVEC,Aktivitetet e tjera sherbyese,0.4545918090507905,0.5296123,0.5525565,0.5678526,0.5907967
2027,12,RAHOVEC,Aktivitetet e tjera sherbyese,0.11889732783048844,0.25139126,0.2701621,0.2826761,0.3014469
2027,1,RAHOVEC,Aktivitetet financiare dhe te sigurimit,0.5252472519690553,0.5215481,0.54437125,0.55958664,0.58240986
2027,2,RAHOVEC,Aktivitetet financiare dhe te sigurimit,1.0423151535160873,0.6468223,0.6715245,0.6879927,0.712695
2027,3,RAHOVEC,Aktivitetet financiare dhe te sigurimit,0.36892088565529507,0.087262236,0.10357118,0.11444378,0.13075268
2027,4,RAHOVEC,Aktivitetet financiare dhe te sigurimit,0.2606178993770272,0.39509976,0.41602623,0.42997718,0.45090365
2027,5,RAHOVEC,Aktivitetet financiare dhe te sigurimit,0.28950335363389534,0.22562034,0.24400473,0.25626087,0.2746452
2027,6,RAHOVEC,Aktivitetet financiare dhe te sigurimit,0.4206267855590092,0.034191318,0.049704194,0.060046077,0.07555902
2027,7,RAHOVEC,Aktivitetet financiare dhe te sigurimit,-0.04956220412072078,0.15688062,0.1742338,0.18580258,0.20315576
2027,8,RAHOVEC,Aktivitetet financiare dhe te sigurimit,0.9135878235005704,0.65040666,0.6751627,0.6916667,0.7164228
2027,9,RAHOVEC,Aktivitetet financiare dhe te sigurimit,0.7142223057318808,0.28053305,0.29974103,0.31254637,0.33175433
2027,10,RAHOVEC,Aktivitetet financiare dhe te sigurimit,0.6956798615098538,0.95559675,0.98493063,1.0044866,1.0338204
2027,11,RAHOVEC,Aktivitetet financiare dhe te sigurimit,0.736021260741352,0.69625,0.72169363,0.73865616,0.76409984
2027,12,RAHOVEC,Aktivitetet financiare dhe te sigurimit,0.05459634619611028,0.2907974,0.31015944,0.32306743,0.34242928
2027,1,RAHOVEC,"Aktivitetet profesionale, shkencore dhe teknike",0.6472817525694584,0.56864905,0.5921788,0.6078652,0.631395
2027,2,RAHOVEC,"Aktivitetet profesionale, shkencore dhe teknike",1.1662361973696125,0.40992028,0.43106902,0.44516814,0.46631694
2027,3,RAHOVEC,"Aktivitetet profesionale, shkencore dhe teknike",0.22990618808674854,0.10364674,0.12020147,0.13123786,0.14779258
2027,4,RAHOVEC,"Aktivitetet profesionale, shkencore dhe teknike",0.4039680773184275,0.3599326,0.38033164,0.3939309,0.4143299
2027,5,RAHOVEC,"Aktivitetet profesionale, shkencore dhe teknike",-0.04953457241149122,0.0013355205,0.016355515,0.026368856,0.04138887
2027,6,RAHOVEC,"Aktivitetet profesionale, shkencore dhe teknike",0.5732438342177595,0.5132955,0.53599477,0.5511278,0.57382715
2027,7,RAHOVEC,"Aktivitetet profesionale, shkencore dhe teknike",0.8418329361587418,0.765063,0.79153895,0.80918956,0.83566546
2027,8,RAHOVEC,"Aktivitetet profesionale, shkencore dhe teknike",1.2051890612647966,0.78358394,0.81033766,0.8281734,0.8549272
2027,9,RAHOVEC,"Aktivitetet profesionale, shkencore dhe teknike",0.476145636431908,0.37921882,0.3999071,0.41369927,0.43438756
2027,10,RAHOVEC,"Aktivitetet profesionale, shkencore dhe teknike",0.5313543327734529,0.37139452,0.3919654,0.40567935,0.42625022
2027,11,RAHOVEC,"Aktivitetet profesionale, shkencore dhe teknike",1.1404080733758177,0.77543175,0.8020632,0.81981754,0.8464489
2027,12,RAHOVEC,"Aktivitetet profesionale, shkencore dhe teknike",0.058644462607620094,0.14449519,0.1616627,0.17310762,0.19027507
2027,1,RAHOVEC,Arsimi,0.0709856348907333,0.10378809,0.120345,0.13138282,0.14793956
2027,2,RAHOVEC,Arsimi,0.44972692342582177,0.1177794,0.13454604,0.14572382,0.16249049
2027,3,RAHOVEC,Arsimi,0.3423791033216121,0.12578343,0.14267015,0.15392804,0.17081475
2027,4,RAHOVEC,Arsimi,0.5508908661317056,-0.0821025,-0.06833404,-0.059155047,-0.045386612
2027,5,RAHOVEC,Arsimi,-0.030662838211144915,-0.23941724,-0.22800851,-0.22040272,-0.20899397
2027,6,RAHOVEC,Arsimi,0.8279432726523361,0.2970829,0.31653917,0.32950997,0.34896612
2027,7,RAHOVEC,Arsimi,0.6051283939269565,0.5005128,0.5230205,0.5380256,0.5605333
2027,8,RAHOVEC,Arsimi,-0.155118756066045,-0.20817223,-0.19629478,-0.18837655,-0.17649913
2027,9,RAHOVEC,Arsimi,0.927702650107844,0.61555034,0.6397835,0.655939,0.6801722
2027,10,RAHOVEC,Arsimi,0.4840704723835562,0.28747478,0.3067869,0.31966162,0.33897364
2027,11,RAHOVEC,Arsimi,0.6295207240334744,0.47759515,0.49975896,0.51453495,0.5366988
2027,12,RAHOVEC,Arsimi,-0.3662116287323901,-0.5122311,-0.5049146,-0.5000369,-0.49272037
2027,1,RAHOVEC,"Artet, Argetimi dhe rekreacioni",0.532018041193471,-0.019333277,-0.004623294,0.005183339,0.019893289
2027,2,RAHOVEC,"Artet, Argetimi dhe rekreacioni",-0.3558277615781467,-0.9556254,-0.9549598,-0.95451605,-0.95385045
2027,3,RAHOVEC,"Artet, Argetimi dhe rekreacioni",0.35822942370771327,-0.06422242,-0.05018574,-0.04082799,-0.026791334
2027,4,RAHOVEC,"Artet, Argetimi dhe rekreacioni",-0.42632700698373893,-0.7335577,-0.7295611,-0.72689664,-0.72290003
2027,5,RAHOVEC,"Artet, Argetimi dhe rekreacioni",-0.6202922004491997,-0.93380994,-0.9328171,-0.9321552,-0.93116236
2027,6,RAHOVEC,"Artet, Argetimi dhe rekreacioni",-0.2116457667395152,-0.21816115,-0.2064336,-0.1986152,-0.18688762
2027,7,RAHOVEC,"Artet, Argetimi dhe rekreacioni",-0.5260920192322305,-0.75996387,-0.75636333,-0.753963,-0.75036246
2027,8,RAHOVEC,"Artet, Argetimi dhe rekreacioni",-0.46953900191293857,-0.93964803,-0.93874276,-0.93813926,-0.9372339
2027,9,RAHOVEC,"Artet, Argetimi dhe rekreacioni",-0.27145651482216054,-0.35342264,-0.343724,-0.33725822,-0.3275596
2027,10,RAHOVEC,"Artet, Argetimi dhe rekreacioni",-0.21957084018167375,-0.41514096,-0.40636814,-0.40051955,-0.39174664
2027,11,RAHOVEC,"Artet, Argetimi dhe rekreacioni",-0.11758847611048803,-1.0,-1.0,-1.0,-1.0
2027,12,RAHOVEC,"Artet, Argetimi dhe rekreacioni",0.2159621780393705,0.1291166,0.14605331,0.15734446,0.17428112
2027,1,RAHOVEC,Bujqesia;Pylltaria dhe Peshkimi,0.5624772341946411,0.39373285,0.41463876,0.4285761,0.44948208
2027,2,RAHOVEC,Bujqesia;Pylltaria dhe Peshkimi,0.13680146852704436,0.032746296,0.048237443,0.0585649,0.07405615
2027,3,RAHOVEC,Bujqesia;Pylltaria dhe Peshkimi,1.1153869161482384,0.7829918,0.8097367,0.8275666,0.85431147
2027,4,RAHOVEC,Bujqesia;Pylltaria dhe Peshkimi,0.16750423752326987,0.15094647,0.16821063,0.17972016,0.19698429
2027,5,RAHOVEC,Bujqesia;Pylltaria dhe Peshkimi,0.839928877484811,0.869517,0.89755976,0.916255,0.9442977
2027,6,RAHOVEC,Bujqesia;Pylltaria dhe Peshkimi,1.2808255443165983,1.2009021,1.2339156,1.2559245,1.288938
2027,7,RAHOVEC,Bujqesia;Pylltaria dhe Peshkimi,1.3369064090633778,1.2938485,1.3282561,1.3511946,1.3856025
2027,8,RAHOVEC,Bujqesia;Pylltaria dhe Peshkimi,0.5257488584965071,0.3270204,0.34692574,0.36019588,0.3801012
2027,9,RAHOVEC,Bujqesia;Pylltaria dhe Peshkimi,0.5180004514668692,0.32789156,0.3478099,0.36108887,0.3810072
2027,10,RAHOVEC,Bujqesia;Pylltaria dhe Peshkimi,0.15933165780560662,0.08983635,0.10618389,0.11708224,0.13342977
2027,11,RAHOVEC,Bujqesia;Pylltaria dhe Peshkimi,0.12737853253128678,0.0014622662,0.016484141,0.026498795,0.041520715
2027,12,RAHOVEC,Bujqesia;Pylltaria dhe Peshkimi,-0.06641590949098405,0.09516172,0.111589074,0.12254071,0.13896811
2027,1,RAHOVEC,Furnizimi me uje; Kanalizimi; Aktivitetet e menaxhimit dhe te trajtimit te mbeturinave,-0.05035691897263854,-0.12332561,-0.11017549,-0.10140872,-0.088258624
2027,2,RAHOVEC,Furnizimi me uje; Kanalizimi; Aktivitetet e menaxhimit dhe te trajtimit te mbeturinave,0.7593198380184613,0.6091,0.6332364,0.6493274,0.67346394
2027,3,RAHOVEC,Furnizimi me uje; Kanalizimi; Aktivitetet e menaxhimit dhe te trajtimit te mbeturinave,0.1363630811408562,0.08169098,0.097916365,0.1087333,0.124958634
2027,4,RAHOVEC,Furnizimi me uje; Kanalizimi; Aktivitetet e menaxhimit dhe te trajtimit te mbeturinave,0.1872328512117674,0.046793852,0.06249571,0.072963595,0.088665485
2027,5,RAHOVEC,Furnizimi me uje; Kanalizimi; Aktivitetet e menaxhimit dhe te trajtimit te mbeturinave,0.17533970631899035,0.12653533,0.14343333,0.15469861,0.17159665
2027,6,RAHOVEC,Furnizimi me uje; Kanalizimi; Aktivitetet e menaxhimit dhe te trajtimit te mbeturinave,-0.15890709909532102,-0.08251245,-0.06875014,-0.05957526,-0.045812964
2027,7,RAHOVEC,Furnizimi me uje; Kanalizimi; Aktivitetet e menaxhimit dhe te trajtimit te mbeturinave,-0.30664081790554776,-0.1679826,-0.15550232,-0.14718217,-0.13470191
2027,8,RAHOVEC,Furnizimi me uje; Kanalizimi; Aktivitetet e menaxhimit dhe te trajtimit te mbeturinave,0.13270297532385045,0.058993902,0.07487881,0.08546877,0.101353645
2027,9,RAHOVEC,Furnizimi me uje; Kanalizimi; Aktivitetet e menaxhimit dhe te trajtimit te mbeturinave,-0.11492231411626086,-0.095321655,-0.081751466,-0.07270473,-0.059134543
2027,10,RAHOVEC,Furnizimi me uje; Kanalizimi; Aktivitetet e menaxhimit dhe te trajtimit te mbeturinave,-0.0829707769798686,-0.11454444,-0.10126263,-0.09240806,-0.07912624
2027,11,RAHOVEC,Furnizimi me uje; Kanalizimi; Aktivitetet e menaxhimit dhe te trajtimit te mbeturinave,0.14516701100250953,0.06505969,0.081035495,0.09168613,0.10766196
2027,12,RAHOVEC,Furnizimi me uje; Kanalizimi; Aktivitetet e menaxhimit dhe te trajtimit te mbeturinave,0.47414723380620066,0.53607225,0.55911326,0.574474,0.5975151
2027,1,RAHOVEC,Industria nxjerrese,1.2018860242969545,1.2444576,1.2781246,1.300569,1.3342359
2027,2,RAHOVEC,Industria nxjerrese,-0.02290293280310001,0.02487479,0.040247917,0.050496697,0.06586981
2027,3,RAHOVEC,Industria nxjerrese,0.22971994705321577,0.047363352,0.06307387,0.07354748,0.089257956
2027,4,RAHOVEC,Industria nxjerrese,0.09918250322076583,-0.04229442,-0.027928889,-0.018351853,-0.0039862394
2027,5,RAHOVEC,Industria nxjerrese,0.20471580629490285,0.16215803,0.17959034,0.19121194,0.20864427
2027,6,RAHOVEC,Industria nxjerrese,0.1784430668026661,0.17786255,0.19553041,0.20730901,0.22497702
2027,7,RAHOVEC,Industria nxjerrese,-0.026708634782831774,-0.06479706,-0.05076903,-0.041417003,-0.02738899
2027,8,RAHOVEC,Industria nxjerrese,-0.0018305189121877693,-0.044940095,-0.030614257,-0.021063626,-0.0067377687
2027,9,RAHOVEC,Industria nxjerrese,0.09971326425545297,0.063411236,0.07936239,0.08999646,0.10594761
2027,10,RAHOVEC,Industria nxjerrese,-0.01461681970259769,-0.05564589,-0.0414806,-0.03203708,-0.017871737
2027,11,RAHOVEC,Industria nxjerrese,-0.10989122780051619,-0.10531139,-0.09189105,-0.082944214,-0.06952387
2027,12,RAHOVEC,Industria nxjerrese,-0.4548003118022112,-0.1821562,-0.16988856,-0.16171014,-0.1494425
2027,1,RAHOVEC,Industria perpunuese,0.0758454427244234,0.102401614,0.11893761,0.12996161,0.1464976
2027,2,RAHOVEC,Industria perpunuese,0.06912157816275476,0.074277565,0.090391636,0.10113442,0.117248535
2027,3,RAHOVEC,Industria perpunuese,0.06912157816275476,0.076847315,0.093000054,0.10376847,0.11992121
2027,4,RAHOVEC,Industria perpunuese,0.06937829870578086,0.066262685,0.082256675,0.09291923,0.10891318
2027,5,RAHOVEC,Industria perpunuese,0.06723222324222118,0.07529297,0.09142232,0.102175236,0.11830461
2027,6,RAHOVEC,Industria perpunuese,0.06863058251048915,0.09908331,0.11556959,0.12656033,0.14304662
2027,7,RAHOVEC,Industria perpunuese,0.06723222324222118,0.06715972,0.083167195,0.09383869,0.109846115
2027,8,RAHOVEC,Industria perpunuese,0.06723222324222118,0.06345922,0.07941103,0.09004557,0.10599744
2027,9,RAHOVEC,Industria perpunuese,0.06863058251048915,0.09338418,0.10978484,0.12071872,0.13711941
2027,10,RAHOVEC,Industria perpunuese,0.06723222324222118,0.053818658,0.06962597,0.080164194,0.095971465
2027,11,RAHOVEC,Industria perpunuese,0.06723222324222118,0.056794714,0.07264662,0.08321464,0.099066496
2027,12,RAHOVEC,Industria perpunuese,0.06723222324222118,0.13980117,0.15689814,0.1682961,0.1853931
2027,1,RAHOVEC,Informimi dhe komunikimi,0.5924530451972229,0.08265384,0.09889364,0.10972023,0.12595999
2027,2,RAHOVEC,Informimi dhe komunikimi,0.4274577143719074,0.20513432,0.22321129,0.23526263,0.25333965
2027,3,RAHOVEC,Informimi dhe komunikimi,0.42277533048420823,0.44993907,0.47168803,0.48618746,0.5079365
2027,4,RAHOVEC,Informimi dhe komunikimi,0.21585071245239612,0.23289981,0.25139332,0.2637223,0.2822157
2027,5,RAHOVEC,Informimi dhe komunikimi,0.6473673390939673,0.5469089,0.57011247,0.58558154,0.60878515
2027,6,RAHOVEC,Informimi dhe komunikimi,0.286572381045208,0.34168002,0.3618052,0.37522197,0.39534724
2027,7,RAHOVEC,Informimi dhe komunikimi,0.17854540113093847,0.19339727,0.21129823,0.22323215,0.2411331
2027,8,RAHOVEC,Informimi dhe komunikimi,1.0781063318993502,0.9905068,1.0203645,1.0402696,1.070127
2027,9,RAHOVEC,Informimi dhe komunikimi,0.9011466060643316,0.51089555,0.53355885,0.5486678,0.57133126
2027,10,RAHOVEC,Informimi dhe komunikimi,1.0520185293991295,0.8052043,0.8322823,0.8503343,0.8774123
2027,11,RAHOVEC,Informimi dhe komunikimi,1.1913484771454557,0.7791528,0.80584013,0.82363164,0.8503189
2027,12,RAHOVEC,Informimi dhe komunikimi,0.7966077536691811,0.5648811,0.58835423,0.6040031,0.6274762
2027,3,RAHOVEC,Mungon aktiviteti,0.7461187186702615,0.3123545,0.33203983,0.34516335,0.36484873
2027,6,RAHOVEC,Mungon aktiviteti,1.0181954240789022,0.53058654,0.55354524,0.5688511,0.59180987
2027,9,RAHOVEC,Mungon aktiviteti,-0.3079414439288057,-0.31881747,-0.30859977,-0.30178797,-0.29157025
2027,12,RAHOVEC,Mungon aktiviteti,-0.5603556124256617,-0.43784803,-0.42941576,-0.42379427,-0.415362
2027,1,RAHOVEC,Ndertimtaria,0.11186226837950194,0.068480305,0.084507465,0.095192194,0.111219406
2027,2,RAHOVEC,Ndertimtaria,0.17181349548716632,0.107228376,0.123836756,0.13490903,0.15151751
2027,3,RAHOVEC,Ndertimtaria,0.06266996796388775,0.15090404,0.16816759,0.17967665,0.19694018
2027,4,RAHOVEC,Ndertimtaria,0.26290692849414266,0.3598642,0.38026214,0.39386082,0.41425872
2027,5,RAHOVEC,Ndertimtaria,0.2988549875116812,0.43583605,0.45737362,0.4717319,0.49326944
2027,6,RAHOVEC,Ndertimtaria,0.0938794991070897,0.16510512,0.18258166,0.1942327,0.21170926
2027,7,RAHOVEC,Ndertimtaria,0.10403239123743187,0.17529657,0.19292593,0.2046789,0.2223084
2027,8,RAHOVEC,Ndertimtaria,0.20602262020835604,0.23672262,0.25527346,0.2676406,0.28619146
2027,9,RAHOVEC,Ndertimtaria,0.09594032612700473,0.15929767,0.17668712,0.1882801,0.20566952
2027,10,RAHOVEC,Ndertimtaria,0.05887486615972896,0.05904226,0.07492781,0.08551824,0.10140383
2027,11,RAHOVEC,Ndertimtaria,0.10962196781957723,0.3041585,0.3237208,0.33676243,0.3563248
2027,12,RAHOVEC,Ndertimtaria,0.016299837727432813,0.059457596,0.07534933,0.08594394,0.10183585
2027,1,RAHOVEC,Person Fizik,0.6853807087903759,0.34168664,0.36181188,0.37522876,0.39535403
2027,2,RAHOVEC,Person Fizik,0.8419330910079054,0.5873728,0.6111834,0.6270571,0.6508676
2027,3,RAHOVEC,Person Fizik,-0.5978219254939495,-0.65869826,-0.65357876,-0.65016574,-0.64504623
2027,6,RAHOVEC,Person Fizik,-0.6443762752381678,-0.81841165,-0.81568784,-0.813872,-0.8111481
2027,9,RAHOVEC,Person Fizik,-0.6871253386400377,-1.0,-1.0,-1.0,-1.0
2027,12,RAHOVEC,Person Fizik,-0.6273245312550135,-0.7179598,-0.71372926,-0.71090883,-0.7066782
2027,1,RAHOVEC,Sherbimet administrative dhe mbeshtetese,0.78331020552285,0.48413453,0.50639653,0.52123785,0.5434998
2027,2,RAHOVEC,Sherbimet administrative dhe mbeshtetese,0.16522743237567306,0.12103726,0.13785279,0.14906311,0.16587865
2027,3,RAHOVEC,Sherbimet administrative dhe mbeshtetese,0.516021027843092,0.513752,0.53645825,0.5515957,0.57430196
2027,4,RAHOVEC,Sherbimet administrative dhe mbeshtetese,1.1847996388517645,1.3873186,1.4231284,1.4470015,1.4828112
2027,5,RAHOVEC,Sherbimet administrative dhe mbeshtetese,0.7419126416221923,0.71498346,0.74070823,0.75785804,0.7835827
2027,6,RAHOVEC,Sherbimet administrative dhe mbeshtetese,1.1825932848780143,0.9784963,1.0081737,1.0279586,1.057636
2027,7,RAHOVEC,Sherbimet administrative dhe mbeshtetese,1.5280011074584299,1.2861507,1.3204429,1.3433044,1.3775966
2027,8,RAHOVEC,Sherbimet administrative dhe mbeshtetese,2.0,1.7362865,1.7773309,1.8046937,1.8457379
2027,9,RAHOVEC,Sherbimet administrative dhe mbeshtetese,1.1299010111631698,0.80365807,0.8307128,0.8487494,0.8758043
2027,10,RAHOVEC,Sherbimet administrative dhe mbeshtetese,2.0,2.0,2.045,2.0749998,2.12
2027,11,RAHOVEC,Sherbimet administrative dhe mbeshtetese,2.0,1.70737,1.7479806,1.7750542,1.8156648
2027,12,RAHOVEC,Sherbimet administrative dhe mbeshtetese,0.5642701504137527,0.5121132,0.5347949,0.549916,0.57259774
2027,1,RAHOVEC,Transporti dhe magazinimi,0.20559519115986635,0.102703914,0.11924446,0.13027155,0.14681208
2027,2,RAHOVEC,Transporti dhe magazinimi,0.13218671483613426,0.02451741,0.039885163,0.050130367,0.06549811
2027,3,RAHOVEC,Transporti dhe magazinimi,0.13060755935813712,0.055267856,0.07109678,0.08164942,0.09747851
2027,4,RAHOVEC,Transporti dhe magazinimi,-0.04700285783217952,-0.021032512,-0.006348014,0.0034416914,0.01812613
2027,5,RAHOVEC,Transporti dhe magazinimi,0.15800466404107985,0.12010588,0.13690746,0.14810848,0.16491008
2027,6,RAHOVEC,Transporti dhe magazinimi,0.19010665711321026,0.17371672,0.19132257,0.20305967,0.22066545
2027,7,RAHOVEC,Transporti dhe magazinimi,0.14364107451372024,0.124928296,0.14180219,0.15305138,0.16992533
2027,8,RAHOVEC,Transporti dhe magazinimi,0.2792791496439283,0.18985955,0.2077074,0.21960592,0.23745382
2027,9,RAHOVEC,Transporti dhe magazinimi,0.26227004969740314,0.19258149,0.2104702,0.22239602,0.2402848
2027,10,RAHOVEC,Transporti dhe magazinimi,0.1804521599891366,0.08045496,0.096661806,0.10746634,0.12367308
2027,11,RAHOVEC,Transporti dhe magazinimi,-0.06561366748745665,-0.085168414,-0.07144594,-0.062297642,-0.048575222
2027,12,RAHOVEC,Transporti dhe magazinimi,0.059200593211003474,0.1719516,0.18953097,0.20125043,0.21882963
2027,1,RAHOVEC,Tregtia me shumice dhe pakice; Riparimi i mjeteve motorike dhe motoeikletave,0.07247347577746004,0.09631668,0.11276138,0.12372458,0.14016926
2027,2,RAHOVEC,Tregtia me shumice dhe pakice; Riparimi i mjeteve motorike dhe motoeikletave,0.06937829870578086,0.08051539,0.09672308,0.10752821,0.123735905
2027,3,RAHOVEC,Tregtia me shumice dhe pakice; Riparimi i mjeteve motorike dhe motoeikletave,0.06789328706416138,0.07116743,0.087234974,0.097946644,0.11401415
2027,4,RAHOVEC,Tregtia me shumice dhe pakice; Riparimi i mjeteve motorike dhe motoeikletave,0.06789328706416138,0.06588427,0.08187246,0.09253132,0.108519554
2027,5,RAHOVEC,Tregtia me shumice dhe pakice; Riparimi i mjeteve motorike dhe motoeikletave,0.06789328706416138,0.059914082,0.07581282,0.08641195,0.10231066
2027,6,RAHOVEC,Tregtia me shumice dhe pakice; Riparimi i mjeteve motorike dhe motoeikletave,0.06789328706416138,0.05503339,0.070858955,0.081409216,0.097234726
2027,7,RAHOVEC,Tregtia me shumice dhe pakice; Riparimi i mjeteve motorike dhe motoeikletave,0.06789328706416138,0.052996457,0.06879127,0.079321265,0.09511626
2027,8,RAHOVEC,Tregtia me shumice dhe pakice; Riparimi i mjeteve motorike dhe motoeikletave,0.06789328706416138,0.052996457,0.06879127,0.079321265,0.09511626
2027,9,RAHOVEC,Tregtia me shumice dhe pakice; Riparimi i mjeteve motorike dhe motoeikletave,0.06789328706416138,0.054958936,0.07078326,0.08133292,0.09715724
2027,10,RAHOVEC,Tregtia me shumice dhe pakice; Riparimi i mjeteve motorike dhe motoeikletave,0.06789328706416138,0.046506416,0.062204003,0.07266903,0.08836663
2027,11,RAHOVEC,Tregtia me shumice dhe pakice; Riparimi i mjeteve motorike dhe motoeikletave,0.06789328706416138,0.0494825,0.06522465,0.075719476,0.09146178
2027,12,RAHOVEC,Tregtia me shumice dhe pakice; Riparimi i mjeteve motorike dhe motoeikletave,0.06789328706416138,0.11218819,0.12887108,0.13999295,0.1566757
2027,3,RANILLUG,Akomodimi dhe sherbimi ushqimor,2.0,2.0,2.045,2.0749998,2.12
2027,6,RANILLUG,Akomodimi dhe sherbimi ushqimor,2.0,2.0,2.045,2.0749998,2.12
2027,9,RANILLUG,Akomodimi dhe sherbimi ushqimor,2.0,2.0,2.045,2.0749998,2.12
2027,12,RANILLUG,Akomodimi dhe sherbimi ushqimor,2.0,2.0,2.045,2.0749998,2.12
2027,3,RANILLUG,Aktivitetet e tjera sherbyese,1.2015473311358358,1.1622531,1.1946869,1.2163093,1.2487433
2027,6,RANILLUG,Aktivitetet e tjera sherbyese,1.4235726870886471,1.2998048,1.3343017,1.3572998,1.3917968
2027,9,RANILLUG,Aktivitetet e tjera sherbyese,1.317658772602329,1.453202,1.49,1.5145321,1.5513301
2027,12,RANILLUG,Aktivitetet e tjera sherbyese,-0.036977324205644965,0.18711318,0.20491982,0.21679091,0.23459768
2027,12,RANILLUG,Industria perpunuese,2.0,2.0,2.045,2.0749998,2.12
2027,3,RANILLUG,Tregtia me shumice dhe pakice; Riparimi i mjeteve motorike dhe motoeikletave,1.462441768020456,0.89277333,0.921165,0.9400927,0.9684843
2027,6,RANILLUG,Tregtia me shumice dhe pakice; Riparimi i mjeteve motorike dhe motoeikletave,1.3601271416588194,1.6767831,1.7169347,1.7437027,1.7838542
2027,7,RANILLUG,Tregtia me shumice dhe pakice; Riparimi i mjeteve motorike dhe motoeikletave,2.0,2.0,2.045,2.0749998,2.12
2027,8,RANILLUG,Tregtia me shumice dhe pakice; Riparimi i mjeteve motorike dhe motoeikletave,2.0,2.0,2.045,2.0749998,2.12
2027,9,RANILLUG,Tregtia me shumice dhe pakice; Riparimi i mjeteve motorike dhe motoeikletave,2.0,2.0,2.045,2.0749998,2.12
2027,10,RANILLUG,Tregtia me shumice dhe pakice; Riparimi i mjeteve motorike dhe motoeikletave,2.0,2.0,2.045,2.0749998,2.12
2027,11,RANILLUG,Tregtia me shumice dhe pakice; Riparimi i mjeteve motorike dhe motoeikletave,2.0,2.0,2.045,2.0749998,2.12
2027,12,RANILLUG,Tregtia me shumice dhe pakice; Riparimi i mjeteve motorike dhe motoeikletave,0.4425653502206746,0.7437368,0.7698928,0.78733015,0.8134861
2027,1,SHTIME,Akomodimi dhe sherbimi ushqimor,0.759014337168272,0.9669008,0.9964043,1.0160732,1.0455768
2027,2,SHTIME,Akomodimi dhe sherbimi ushqimor,1.5468218188440035,1.7107873,1.7514491,1.7785568,1.8192186
2027,3,SHTIME,Akomodimi dhe sherbimi ushqimor,0.7499609488949018,0.49359098,0.5159948,0.53093064,0.5533345
2027,4,SHTIME,Akomodimi dhe sherbimi ushqimor,2.0,2.0,2.045,2.0749998,2.12
2027,5,SHTIME,Akomodimi dhe sherbimi ushqimor,2.0,2.0,2.045,2.0749998,2.12
2027,6,SHTIME,Akomodimi dhe sherbimi ushqimor,0.7192146800561877,0.5108797,0.5335429,0.5486517,0.57131493
2027,7,SHTIME,Akomodimi dhe sherbimi ushqimor,2.0,1.7547383,1.7960594,1.8236067,1.8649278
2027,8,SHTIME,Akomodimi dhe sherbimi ushqimor,2.0,2.0,2.045,2.0749998,2.12
2027,9,SHTIME,Akomodimi dhe sherbimi ushqimor,1.3080075245315648,1.0853312,1.1166112,1.1374645,1.1687443
2027,10,SHTIME,Akomodimi dhe sherbimi ushqimor,2.0,2.0,2.045,2.0749998,2.12
2027,11,SHTIME,Akomodimi dhe sherbimi ushqimor,2.0,2.0,2.045,2.0749998,2.12
2027,12,SHTIME,Akomodimi dhe sherbimi ushqimor,0.49086261840702955,0.5744214,0.5980377,0.6137819,0.63739824
2027,1,SHTIME,Aktivitetet e shendetit te njeriut dhe te punes sociale,0.3499155969499184,0.39044663,0.4113034,0.42520785,0.44606447
2027,2,SHTIME,Aktivitetet e shendetit te njeriut dhe te punes sociale,0.43437715491778484,0.5231592,0.5460067,0.56123817,0.5840856
2027,3,SHTIME,Aktivitetet e shendetit te njeriut dhe te punes sociale,0.15874209521461688,0.13976805,0.15686452,0.16826212,0.18535864
2027,4,SHTIME,Aktivitetet e shendetit te njeriut dhe te punes sociale,0.37862522226153494,0.5193234,0.5421132,0.5573064,0.58009624
2027,5,SHTIME,Aktivitetet e shendetit te njeriut dhe te punes sociale,0.25640263157381665,0.5756344,0.59926903,0.6150253,0.63865983
2027,6,SHTIME,Aktivitetet e shendetit te njeriut dhe te punes sociale,0.14169655257942723,0.094775386,0.111196995,0.12214482,0.13856637
2027,7,SHTIME,Aktivitetet e shendetit te njeriut dhe te punes sociale,0.22183747591912714,0.31737566,0.33713627,0.35030997,0.37007058
2027,8,SHTIME,Aktivitetet e shendetit te njeriut dhe te punes sociale,0.13173086883406152,0.4400442,0.46164477,0.47604525,0.49764585
2027,9,SHTIME,Aktivitetet e shendetit te njeriut dhe te punes sociale,0.13833262807768032,0.08403768,0.10029817,0.11113858,0.12739909
2027,10,SHTIME,Aktivitetet e shendetit te njeriut dhe te punes sociale,0.2984172464614175,0.52769846,0.550614,0.5658909,0.5888064
2027,11,SHTIME,Aktivitetet e shendetit te njeriut dhe te punes sociale,-0.31629912570826213,-0.2116086,-0.19978273,-0.19189882,-0.18007296
2027,12,SHTIME,Aktivitetet e shendetit te njeriut dhe te punes sociale,0.18317499861015896,0.123537995,0.14039111,0.15162647,0.16847944
2027,3,SHTIME,Aktivitetet e tjera sherbyese,0.5830802463121568,0.29933375,0.3188238,0.33181715,0.35130715
2027,6,SHTIME,Aktivitetet e tjera sherbyese,0.13207474908827418,0.16349614,0.18094862,0.19258356,0.21003592
2027,9,SHTIME,Aktivitetet e tjera sherbyese,-0.11073337763229767,-0.12620828,-0.11310142,-0.10436356,-0.09125668
2027,12,SHTIME,Aktivitetet e tjera sherbyese,0.05133862923358512,0.21643025,0.2346766,0.24684095,0.26508737
2027,1,SHTIME,Aktivitetet financiare dhe te sigurimit,0.26085696124475155,0.14838225,0.16560793,0.17709172,0.19431746
2027,2,SHTIME,Aktivitetet financiare dhe te sigurimit,0.27779764157048664,0.42425525,0.4456191,0.45986164,0.48122537
2027,3,SHTIME,Aktivitetet financiare dhe te sigurimit,1.933169050115341,1.9947329,2.0396538,2.069601,2.114522
2027,4,SHTIME,Aktivitetet financiare dhe te sigurimit,2.0,2.0,2.045,2.0749998,2.12
2027,5,SHTIME,Aktivitetet financiare dhe te sigurimit,2.0,2.0,2.045,2.0749998,2.12
2027,6,SHTIME,Aktivitetet financiare dhe te sigurimit,2.0,2.0,2.045,2.0749998,2.12
2027,7,SHTIME,Aktivitetet financiare dhe te sigurimit,2.0,2.0,2.045,2.0749998,2.12
2027,8,SHTIME,Aktivitetet financiare dhe te sigurimit,2.0,2.0,2.045,2.0749998,2.12
2027,9,SHTIME,Aktivitetet financiare dhe te sigurimit,2.0,2.0,2.045,2.0749998,2.12
2027,10,SHTIME,Aktivitetet financiare dhe te sigurimit,2.0,2.0,2.045,2.0749998,2.12
2027,11,SHTIME,Aktivitetet financiare dhe te sigurimit,2.0,2.0,2.045,2.0749998,2.12
2027,12,SHTIME,Aktivitetet financiare dhe te sigurimit,2.0,2.0,2.045,2.0749998,2.12
2027,1,SHTIME,"Aktivitetet profesionale, shkencore dhe teknike",0.23400914929311606,0.2590299,0.27791524,0.29050553,0.30939102
2027,2,SHTIME,"Aktivitetet profesionale, shkencore dhe teknike",0.402306362998222,0.18010637,0.19780803,0.20960903,0.22731066
2027,3,SHTIME,"Aktivitetet profesionale, shkencore dhe teknike",0.642438136665174,0.5288818,0.55181503,0.56710374,0.590037
2027,4,SHTIME,"Aktivitetet profesionale, shkencore dhe teknike",0.5702263013895519,0.43124983,0.45271862,0.46703112,0.48849976
2027,5,SHTIME,"Aktivitetet profesionale, shkencore dhe teknike",0.5731146573449806,0.49924222,0.5217308,0.53672326,0.55921185
2027,6,SHTIME,"Aktivitetet profesionale, shkencore dhe teknike",0.02261048720283517,0.055907417,0.07174599,0.082305074,0.09814358
2027,7,SHTIME,"Aktivitetet profesionale, shkencore dhe teknike",0.4920131477762955,0.34459826,0.3647672,0.37821317,0.3983822
2027,8,SHTIME,"Aktivitetet profesionale, shkencore dhe teknike",0.5034905778872212,0.43643993,0.4579866,0.47235096,0.49389756
2027,9,SHTIME,"Aktivitetet profesionale, shkencore dhe teknike",0.25686179022197586,0.3115348,0.33120775,0.34432316,0.36399615
2027,10,SHTIME,"Aktivitetet profesionale, shkencore dhe teknike",0.6740770684888472,0.6752516,0.7003803,0.7171328,0.74226165
2027,11,SHTIME,"Aktivitetet profesionale, shkencore dhe teknike",0.7099067420154909,0.7537505,0.78005683,0.7975943,0.82390046
2027,12,SHTIME,"Aktivitetet profesionale, shkencore dhe teknike",-0.19336380812885676,-0.052747015,-0.038538218,-0.029065728,-0.014856935
2027,1,SHTIME,Arsimi,0.33858088196187097,0.27860573,0.2977848,0.31057084,0.32974982
2027,2,SHTIME,Arsimi,0.2536845036127546,0.054185156,0.06999791,0.0805397,0.09635258
2027,3,SHTIME,Arsimi,-0.10357745703404807,0.044232562,0.05989611,0.07033837,0.08600187
2027,4,SHTIME,Arsimi,0.10326233946942669,-0.0312625,-0.016731441,-0.007044077,0.0074869394
2027,5,SHTIME,Arsimi,0.2347864735495039,0.030059163,0.045510054,0.05581069,0.071261525
2027,6,SHTIME,Arsimi,0.39140889553205904,0.33609375,0.35613513,0.3694961,0.38953745
2027,7,SHTIME,Arsimi,0.1496241469174098,0.041676965,0.057302117,0.06771886,0.08334398
2027,8,SHTIME,Arsimi,0.2337328601324496,-0.014493561,0.00028896332,0.010143995,0.024926662
2027,9,SHTIME,Arsimi,0.4077511906766888,0.13585596,0.15289378,0.16425228,0.18129015
2027,10,SHTIME,Arsimi,0.062314240197678845,-0.079263754,-0.065452695,-0.056245387,-0.042434335
2027,11,SHTIME,Arsimi,0.2966662567329002,0.006130546,0.021222472,0.031283855,0.04637575
2027,12,SHTIME,Arsimi,-0.16586399589634301,-0.13276201,-0.11975348,-0.111081064,-0.09807253
2027,1,SHTIME,"Artet, Argetimi dhe rekreacioni",2.0,1.8279593,1.8703787,1.8986583,1.9410775
2027,2,SHTIME,"Artet, Argetimi dhe rekreacioni",0.16110267223773636,-0.11803117,-0.104801595,-0.095981956,-0.08275241
2027,3,SHTIME,"Artet, Argetimi dhe rekreacioni",0.4432252161143082,0.38872632,0.40955722,0.4234445,0.44427538
2027,4,SHTIME,"Artet, Argetimi dhe rekreacioni",0.19258361642190175,0.08742091,0.10373223,0.11460638,0.13091779
2027,5,SHTIME,"Artet, Argetimi dhe rekreacioni",-0.12307144129703547,-0.02993596,-0.015385032,-0.0056843758,0.008866549
2027,6,SHTIME,"Artet, Argetimi dhe rekreacioni",-0.22613429841943017,-0.17799507,-0.16566503,-0.15744495,-0.1451149
2027,7,SHTIME,"Artet, Argetimi dhe rekreacioni",0.1332841556125661,0.13631873,0.15336347,0.16472661,0.1817714
2027,8,SHTIME,"Artet, Argetimi dhe rekreacioni",0.2014348345184613,0.3043966,0.32396257,0.33700657,0.3565724
2027,9,SHTIME,"Artet, Argetimi dhe rekreacioni",0.23276143754482234,0.34548765,0.36566985,0.37912476,0.399307
2027,10,SHTIME,"Artet, Argetimi dhe rekreacioni",0.08316057968601788,-0.14370078,-0.13085628,-0.12229329,-0.10944885
2027,11,SHTIME,"Artet, Argetimi dhe rekreacioni",0.5989127270208735,0.40375924,0.42481565,0.43885314,0.45990956
2027,12,SHTIME,"Artet, Argetimi dhe rekreacioni",-0.3684155931416249,-0.3674524,-0.35796416,-0.35163873,-0.3421505
2027,1,SHTIME,Bujqesia;Pylltaria dhe Peshkimi,0.47153341224492495,0.34292078,0.36306453,0.3764938,0.39663756
2027,2,SHTIME,Bujqesia;Pylltaria dhe Peshkimi,0.550634079543501,0.45533052,0.47716045,0.49171376,0.5135436
2027,3,SHTIME,Bujqesia;Pylltaria dhe Peshkimi,0.4630772082144734,0.51906645,0.5418525,0.5570431,0.5798291
2027,4,SHTIME,Bujqesia;Pylltaria dhe Peshkimi,0.4360960052080392,0.73576814,0.7618046,0.7791623,0.8051988
2027,5,SHTIME,Bujqesia;Pylltaria dhe Peshkimi,0.5594419145085774,0.6274751,0.6518872,0.66816187,0.6925739
2027,6,SHTIME,Bujqesia;Pylltaria dhe Peshkimi,0.07858921497432832,0.049443785,0.06518543,0.0756799,0.091421604
2027,7,SHTIME,Bujqesia;Pylltaria dhe Peshkimi,1.3087366580252824,1.6567026,1.696553,1.72312,1.7629704
2027,8,SHTIME,Bujqesia;Pylltaria dhe Peshkimi,0.7023156699688802,0.9152733,0.9440024,0.96315515,0.9918841
2027,9,SHTIME,Bujqesia;Pylltaria dhe Peshkimi,0.27801764997101247,0.34592324,0.366112,0.3795712,0.39976
2027,10,SHTIME,Bujqesia;Pylltaria dhe Peshkimi,0.5118132803680453,0.7480131,0.7742332,0.79171336,0.81793344
2027,11,SHTIME,Bujqesia;Pylltaria dhe Peshkimi,0.6325390094426196,0.86813587,0.896158,0.91483927,0.9428613
2027,12,SHTIME,Bujqesia;Pylltaria dhe Peshkimi,0.1031488724847818,0.3560019,0.37634182,0.38990188,0.41024184
2027,3,SHTIME,Furnizimi me uje; Kanalizimi; Aktivitetet e menaxhimit dhe te trajtimit te mbeturinave,0.5437120734393399,0.23184273,0.25032043,0.2626388,0.28111637
2027,6,SHTIME,Furnizimi me uje; Kanalizimi; Aktivitetet e menaxhimit dhe te trajtimit te mbeturinave,0.36131393965707803,0.051793404,0.06757033,0.07808828,0.093865156
2027,9,SHTIME,Furnizimi me uje; Kanalizimi; Aktivitetet e menaxhimit dhe te trajtimit te mbeturinave,-0.4112725035308958,-0.31987113,-0.3096692,-0.30286795,-0.29266602
2027,12,SHTIME,Furnizimi me uje; Kanalizimi; Aktivitetet e menaxhimit dhe te trajtimit te mbeturinave,1.1433579903943518,0.30947298,0.32911515,0.34220982,0.36185193
2027,1,SHTIME,Industria nxjerrese,1.5559564930732934,1.2915293,1.325902,1.3488173,1.3831902
2027,2,SHTIME,Industria nxjerrese,-0.06923388617500263,-0.12557945,-0.112463176,-0.103718996,-0.090602696
2027,3,SHTIME,Industria nxjerrese,0.07739327134953626,0.0670167,0.083022,0.093692064,0.10969734
2027,4,SHTIME,Industria nxjerrese,0.25267412274631046,0.3420041,0.3621341,0.37555408,0.39568412
2027,5,SHTIME,Industria nxjerrese,-0.04315367068478027,0.0023964786,0.017432451,0.027456403,0.04249227
2027,6,SHTIME,Industria nxjerrese,0.1556023223459711,0.103092976,0.1196394,0.13067031,0.14721668
2027,7,SHTIME,Industria nxjerrese,0.503188282755093,0.55815214,0.5815245,0.597106,0.6204783
2027,8,SHTIME,Industria nxjerrese,0.26389655641240994,0.3670233,0.38752854,0.40119874,0.42170405
2027,9,SHTIME,Industria nxjerrese,0.12355174101836079,0.12609668,0.1429882,0.15424907,0.17114055
2027,10,SHTIME,Industria nxjerrese,0.7935615239429062,0.6318227,0.65630007,0.67261827,0.6970955
2027,11,SHTIME,Industria nxjerrese,-0.07944456585395417,-0.043671016,-0.029326081,-0.019762814,-0.0054178834
2027,12,SHTIME,Industria nxjerrese,0.13094365372448846,0.14736828,0.1645788,0.17605245,0.19326305
2027,1,SHTIME,Industria perpunuese,0.27018389277136007,0.41340154,0.43460262,0.44873667,0.46993756
2027,2,SHTIME,Industria perpunuese,0.09255899913002433,0.19787969,0.21584785,0.2278266,0.24579477
2027,3,SHTIME,Industria perpunuese,0.07498481307780734,0.0647536,0.080724955,0.09137249,0.10734379
2027,4,SHTIME,Industria perpunuese,0.08232940333970741,0.025120217,0.040497065,0.05074823,0.066125035
2027,5,SHTIME,Industria perpunuese,0.09027799783010312,0.089464255,0.10580623,0.11670089,0.13304281
2027,6,SHTIME,Industria perpunuese,0.08706348197912468,0.096223466,0.112666845,0.12362909,0.14007235
2027,7,SHTIME,Industria perpunuese,0.09250339513008181,0.07058573,0.08664453,0.09735036,0.11340916
2027,8,SHTIME,Industria perpunuese,0.09585959192548267,0.12992874,0.14687765,0.1581769,0.17512584
2027,9,SHTIME,Industria perpunuese,0.08204044279542916,0.052456126,0.06824303,0.07876754,0.094554305
2027,10,SHTIME,Industria perpunuese,0.08587898645431218,0.06618053,0.08217311,0.09283495,0.10882759
2027,11,SHTIME,Industria perpunuese,0.09394527891726011,0.14070386,0.1578145,0.16922152,0.18633199
2027,12,SHTIME,Industria perpunuese,0.08038687462872147,0.12328162,0.14013076,0.15136361,0.16821277
2027,2,SHTIME,Informimi dhe komunikimi,-0.46119070670115586,0.23039636,0.24885237,0.26115632,0.27961218
2027,3,SHTIME,Informimi dhe komunikimi,0.38835996750038926,0.27372637,0.29283226,0.30556953,0.32467532
2027,6,SHTIME,Informimi dhe komunikimi,0.5167480631797297,0.046032634,0.061723113,0.07218349,0.087873936
2027,9,SHTIME,Informimi dhe komunikimi,1.177162675190387,0.91938883,0.9481796,0.9673735,0.9961642
2027,12,SHTIME,Informimi dhe komunikimi,1.4303862863564183,1.4973303,1.53479,1.5597634,1.5972233
2027,1,SHTIME,Ndertimtaria,0.8130214165766464,0.76604813,0.7925389,0.8101994,0.83669007
2027,2,SHTIME,Ndertimtaria,0.6190969475768843,0.51464707,0.53736675,0.5525131,0.57523286
2027,3,SHTIME,Ndertimtaria,0.015398280344454894,0.07686166,0.09301448,0.10378313,0.11993599
2027,4,SHTIME,Ndertimtaria,0.05668110347631252,0.11738353,0.13414419,0.14531803,0.16207874
2027,5,SHTIME,Ndertimtaria,0.10108958378694334,0.06718933,0.08319712,0.09386909,0.10987687
2027,6,SHTIME,Ndertimtaria,0.03734937809287924,0.12261549,0.13945472,0.15068078,0.16752005
2027,7,SHTIME,Ndertimtaria,-0.061107028495511126,-0.016059628,-0.0013005733,0.008538842,0.023297906
2027,8,SHTIME,Ndertimtaria,0.19782388588947786,0.24483334,0.26350582,0.27595413,0.2946266
2027,9,SHTIME,Ndertimtaria,0.06345217023000617,0.13439235,0.1514082,0.16275215,0.17976809
2027,10,SHTIME,Ndertimtaria,0.13167629675139342,0.08107334,0.097289324,0.10810006,0.124316216
2027,11,SHTIME,Ndertimtaria,0.24009847457709146,0.26858544,0.28761423,0.3003,0.31932878
2027,12,SHTIME,Ndertimtaria,0.034156268392881585,0.13369092,0.15069628,0.1620332,0.17903852
2027,9,SHTIME,Person Fizik,0.38874629720116716,-0.6121873,-0.60637015,-0.602492,-0.5966748
2027,1,SHTIME,Sherbimet administrative dhe mbeshtetese,0.8959727945688327,0.7537662,0.7800727,0.7976103,0.8239168
2027,2,SHTIME,Sherbimet administrative dhe mbeshtetese,1.31590336910086,1.1481253,1.180347,1.2018282,1.23405
2027,3,SHTIME,Sherbimet administrative dhe mbeshtetese,0.43997944426700075,0.36376402,0.38422048,0.39785814,0.41831458
2027,4,SHTIME,Sherbimet administrative dhe mbeshtetese,0.33552916866913957,0.70783675,0.7334542,0.7505326,0.7761501
2027,5,SHTIME,Sherbimet administrative dhe mbeshtetese,0.49089716614561646,0.59965813,0.62365294,0.6396495,0.66364443
2027,6,SHTIME,Sherbimet administrative dhe mbeshtetese,0.5881289279966695,0.49085033,0.51321304,0.5281216,0.5504843
2027,7,SHTIME,Sherbimet administrative dhe mbeshtetese,0.6464998231091424,0.9180291,0.9467995,0.9659797,0.99475014
2027,8,SHTIME,Sherbimet administrative dhe mbeshtetese,0.3715027673888779,0.4271416,0.4485488,0.46282017,0.4842273
2027,9,SHTIME,Sherbimet administrative dhe mbeshtetese,0.44813968905633933,0.5489526,0.5721868,0.5876764,0.61091065
2027,10,SHTIME,Sherbimet administrative dhe mbeshtetese,0.8271187832803183,1.004714,1.0347848,1.0548317,1.0849025
2027,11,SHTIME,Sherbimet administrative dhe mbeshtetese,1.1417231262242657,0.77998346,0.8066833,0.82448304,0.8511828
2027,12,SHTIME,Sherbimet administrative dhe mbeshtetese,0.5943561533623561,0.57897884,0.6026634,0.61845326,0.6421379
2027,1,SHTIME,Transporti dhe magazinimi,0.5899195496752676,0.3901958,0.41104877,0.42495072,0.44580364
2027,2,SHTIME,Transporti dhe magazinimi,0.43765796127924733,0.37058595,0.39114463,0.40485048,0.42540932
2027,3,SHTIME,Transporti dhe magazinimi,0.9552591966417846,0.7922017,0.81908476,0.8370068,0.8638898
2027,4,SHTIME,Transporti dhe magazinimi,1.772987444097389,1.3503293,1.3855844,1.4090877,1.4443424
2027,5,SHTIME,Transporti dhe magazinimi,1.4298229153655264,1.0777496,1.108916,1.1296935,1.1608596
2027,6,SHTIME,Transporti dhe magazinimi,2.0,1.5264491,1.5643458,1.5896103,1.627507
2027,7,SHTIME,Transporti dhe magazinimi,2.0,1.7852455,1.827024,1.8548765,1.8966551
2027,8,SHTIME,Transporti dhe magazinimi,2.0,1.5275784,1.5654919,1.5907679,1.6286814
2027,9,SHTIME,Transporti dhe magazinimi,1.5612400363334018,1.2837584,1.3180149,1.3408523,1.3751087
2027,10,SHTIME,Transporti dhe magazinimi,1.7240634863816202,1.3297435,1.3646896,1.3879869,1.4229331
2027,11,SHTIME,Transporti dhe magazinimi,1.7647823863339216,1.3355558,1.370589,1.3939447,1.428978
2027,12,SHTIME,Transporti dhe magazinimi,2.0,1.8272074,1.8696156,1.8978877,1.9402957
2027,1,SHTIME,Tregtia me shumice dhe pakice; Riparimi i mjeteve motorike dhe motoeikletave,0.0758454427244234,0.15089539,0.16815877,0.17966771,0.19693112
2027,2,SHTIME,Tregtia me shumice dhe pakice; Riparimi i mjeteve motorike dhe motoeikletave,0.07191623016881823,0.09800628,0.11447632,0.12545633,0.14192641
2027,3,SHTIME,Tregtia me shumice dhe pakice; Riparimi i mjeteve motorike dhe motoeikletave,0.06912157816275476,0.08280098,0.09904301,0.10987103,0.12611294
2027,4,SHTIME,Tregtia me shumice dhe pakice; Riparimi i mjeteve motorike dhe motoeikletave,0.06937829870578086,0.07836905,0.09454453,0.1053282,0.12150371
2027,5,SHTIME,Tregtia me shumice dhe pakice; Riparimi i mjeteve motorike dhe motoeikletave,0.06937829870578086,0.1264479,0.14334464,0.15460908,0.17150581
2027,6,SHTIME,Tregtia me shumice dhe pakice; Riparimi i mjeteve motorike dhe motoeikletave,0.06937829870578086,0.1406634,0.15777338,0.16917992,0.1862899
2027,7,SHTIME,Tregtia me shumice dhe pakice; Riparimi i mjeteve motorike dhe motoeikletave,0.06789328706416138,0.07775901,0.09392536,0.10470295,0.1208694
2027,8,SHTIME,Tregtia me shumice dhe pakice; Riparimi i mjeteve motorike dhe motoeikletave,0.06789328706416138,0.07775901,0.09392536,0.10470295,0.1208694
2027,9,SHTIME,Tregtia me shumice dhe pakice; Riparimi i mjeteve motorike dhe motoeikletave,0.06937829870578086,0.12441967,0.14128602,0.1525302,0.1693964
2027,10,SHTIME,Tregtia me shumice dhe pakice; Riparimi i mjeteve motorike dhe motoeikletave,0.06937829870578086,0.119486764,0.1362791,0.14747393,0.16426623
2027,11,SHTIME,Tregtia me shumice dhe pakice; Riparimi i mjeteve motorike dhe motoeikletave,0.06937829870578086,0.13057034,0.14752889,0.15883458,0.17579305
2027,12,SHTIME,Tregtia me shumice dhe pakice; Riparimi i mjeteve motorike dhe motoeikletave,0.06723222324222118,0.14111196,0.15822864,0.1696397,0.18675637
2027,1,SHTËRPCË,Akomodimi dhe sherbimi ushqimor,-0.2354438534593848,-0.44621766,-0.4379109,-0.4323731,-0.42406636
2027,2,SHTËRPCË,Akomodimi dhe sherbimi ushqimor,-0.0805926464561006,-0.17293684,-0.16053092,-0.1522603,-0.13985437
2027,3,SHTËRPCË,Akomodimi dhe sherbimi ushqimor,0.011281363803548147,-0.008937973,0.0059279203,0.015838623,0.030704498
2027,4,SHTËRPCË,Akomodimi dhe sherbimi ushqimor,2.0,1.9739288,2.0185378,2.0482771,2.092886
2027,5,SHTËRPCË,Akomodimi dhe sherbimi ushqimor,0.645741434975415,1.2882587,1.3225825,1.345465,1.3797889
2027,6,SHTËRPCË,Akomodimi dhe sherbimi ushqimor,0.024774693074261563,0.02743974,0.04285133,0.05312574,0.068537235
2027,7,SHTËRPCË,Akomodimi dhe sherbimi ushqimor,0.4546157972580076,0.3398735,0.35997164,0.3733704,0.3934685
2027,8,SHTËRPCË,Akomodimi dhe sherbimi ushqimor,-0.15404296422009175,-0.10141417,-0.08793539,-0.07894951,-0.065470755
2027,9,SHTËRPCË,Akomodimi dhe sherbimi ushqimor,-0.061869975564318766,-0.12557863,-0.11246234,-0.1037181,-0.0906018
2027,10,SHTËRPCË,Akomodimi dhe sherbimi ushqimor,0.3786279676350676,0.14698283,0.16418755,0.17565727,0.19286203
2027,11,SHTËRPCË,Akomodimi dhe sherbimi ushqimor,0.1348001383220397,0.01864878,0.033928514,0.044114947,0.059394598
2027,12,SHTËRPCË,Akomodimi dhe sherbimi ushqimor,-0.03785676765925823,-0.0017182269,0.013255954,0.023238778,0.038213015
2027,6,SHTËRPCË,Aktivitetet e patundshmerise,-0.5633855052225089,-0.75957936,-0.75597304,-0.7535688,-0.74996257
2027,7,SHTËRPCË,Aktivitetet e patundshmerise,-0.7750161876455735,-1.0,-1.0,-1.0,-1.0
2027,8,SHTËRPCË,Aktivitetet e patundshmerise,-0.8355396700820668,-1.0,-1.0,-1.0,-1.0
2027,12,SHTËRPCË,Aktivitetet e patundshmerise,-0.03089634184382888,-0.22846064,-0.2168876,-0.20917219,-0.19759911
2027,3,SHTËRPCË,Aktivitetet e tjera sherbyese,0.14060266785414396,0.1963249,0.21426976,0.226233,0.24417794
2027,6,SHTËRPCË,Aktivitetet e tjera sherbyese,0.24328756966588258,0.29009905,0.3094505,0.32235146,0.34170294
2027,9,SHTËRPCË,Aktivitetet e tjera sherbyese,0.10098727678215953,-0.17632787,-0.1639728,-0.15573609,-0.14338106
2027,12,SHTËRPCË,Aktivitetet e tjera sherbyese,0.7330798619809639,0.5510155,0.57428074,0.5897908,0.61305606
2027,3,SHTËRPCË,Aktivitetet financiare dhe te sigurimit,-0.8247560592347717,-0.93168235,-0.93065757,-0.92997444,-0.92894965
2027,6,SHTËRPCË,Aktivitetet financiare dhe te sigurimit,-0.8677960953465018,-0.9505894,-0.94984823,-0.9493542,-0.948613
2027,9,SHTËRPCË,Aktivitetet financiare dhe te sigurimit,-0.8200177263298658,-0.9695493,-0.96909255,-0.968788,-0.9683313
2027,1,SHTËRPCË,"Aktivitetet profesionale, shkencore dhe teknike",0.42676553514526355,0.2875985,0.30691242,0.31978846,0.3391024
2027,2,SHTËRPCË,"Aktivitetet profesionale, shkencore dhe teknike",0.29296399830486086,0.16180395,0.17923105,0.19084907,0.20827603
2027,3,SHTËRPCË,"Aktivitetet profesionale, shkencore dhe teknike",0.02404806695992549,0.14260614,0.15974522,0.17117131,0.18831038
2027,4,SHTËRPCË,"Aktivitetet profesionale, shkencore dhe teknike",0.23925009607688238,0.33469486,0.35471523,0.36806226,0.38808262
2027,5,SHTËRPCË,"Aktivitetet profesionale, shkencore dhe teknike",0.11315490729838541,0.011558387,0.02673173,0.036847353,0.05202067
2027,6,SHTËRPCË,"Aktivitetet profesionale, shkencore dhe teknike",0.4740599963082111,0.37599924,0.39663923,0.4103992,0.4310391
2027,7,SHTËRPCË,"Aktivitetet profesionale, shkencore dhe teknike",0.13778085593510808,-0.012651657,0.0021585226,0.012032032,0.026842237
2027,8,SHTËRPCË,"Aktivitetet profesionale, shkencore dhe teknike",0.17695149116268513,-0.03162824,-0.017102718,-0.00741899,0.0071065426
2027,9,SHTËRPCË,"Aktivitetet profesionale, shkencore dhe teknike",0.2210889250877199,0.10422282,0.12078607,0.13182831,0.1483916
2027,10,SHTËRPCË,"Aktivitetet profesionale, shkencore dhe teknike",0.25425112296819413,0.054428738,0.07024515,0.08078945,0.09660578
2027,11,SHTËRPCË,"Aktivitetet profesionale, shkencore dhe teknike",0.24028454334065544,0.036885332,0.052438617,0.06280744,0.078360796
2027,12,SHTËRPCË,"Aktivitetet profesionale, shkencore dhe teknike",-0.07197996107761907,-0.015628805,-0.00086325407,0.008980393,0.023746014
2027,1,SHTËRPCË,Arsimi,-0.41838482306666125,-0.95310766,-0.95240426,-0.95193535,-0.95123196
2027,2,SHTËRPCË,Arsimi,0.11188442436010725,-0.5589827,-0.55236745,-0.54795724,-0.541342
2027,3,SHTËRPCË,Arsimi,0.7442565639694801,0.20475116,0.22282243,0.23486984,0.25294113
2027,12,SHTËRPCË,Arsimi,-0.8244753026462035,-0.8207258,-0.8180367,-0.81624395,-0.8135548
2027,1,SHTËRPCË,Bujqesia;Pylltaria dhe Peshkimi,2.0,2.0,2.045,2.0749998,2.12
2027,2,SHTËRPCË,Bujqesia;Pylltaria dhe Peshkimi,2.0,2.0,2.045,2.0749998,2.12
2027,3,SHTËRPCË,Bujqesia;Pylltaria dhe Peshkimi,0.9823142478226234,0.91287905,0.9415722,0.96070087,0.98939407
2027,4,SHTËRPCË,Bujqesia;Pylltaria dhe Peshkimi,-0.2939737454257152,-0.04994679,-0.03569603,-0.026195467,-0.011944711
2027,6,SHTËRPCË,Bujqesia;Pylltaria dhe Peshkimi,-0.07925409800150096,-0.1593603,-0.14675069,-0.13834429,-0.12573475
2027,7,SHTËRPCË,Bujqesia;Pylltaria dhe Peshkimi,-0.17305222015934965,-0.11212974,-0.098811686,-0.08993304,-0.076614976
2027,8,SHTËRPCË,Bujqesia;Pylltaria dhe Peshkimi,0.25974314768602336,0.38539,0.40617085,0.42002475,0.44080555
2027,9,SHTËRPCË,Bujqesia;Pylltaria dhe Peshkimi,-0.0930855324028171,0.05586868,0.07170665,0.08226526,0.098103285
2027,11,SHTËRPCË,Bujqesia;Pylltaria dhe Peshkimi,2.0,2.0,2.045,2.0749998,2.12
2027,12,SHTËRPCË,Bujqesia;Pylltaria dhe Peshkimi,-0.19939598839482156,-0.11016721,-0.0968197,-0.08792138,-0.074573934
2027,1,SHTËRPCË,Industria perpunuese,1.2485540945210034,0.8489784,0.87671304,0.8952029,0.9229375
2027,2,SHTËRPCË,Industria perpunuese,0.1873859391375432,0.2967289,0.31617975,0.32914698,0.348598
2027,3,SHTËRPCË,Industria perpunuese,0.9346732291520322,0.69746643,0.7229283,0.739903,0.765365
2027,4,SHTËRPCË,Industria perpunuese,1.3027829451855133,1.051093,1.0818594,1.1023703,1.1331367
2027,5,SHTËRPCË,Industria perpunuese,1.297947280272672,0.99692166,1.0268755,1.0468447,1.0767984
2027,6,SHTËRPCË,Industria perpunuese,1.5687823715955795,1.2433344,1.2769842,1.2994175,1.3330677
2027,7,SHTËRPCË,Industria perpunuese,1.530274546169861,1.2361434,1.2696855,1.2920468,1.325589
2027,8,SHTËRPCË,Industria perpunuese,1.49466723418493,1.0382848,1.0688591,1.0892417,1.1198161
2027,9,SHTËRPCË,Industria perpunuese,0.881442574093463,0.6078924,0.6320107,0.64808965,0.6722081
2027,10,SHTËRPCË,Industria perpunuese,0.43865384467576896,0.16357425,0.18102777,0.19266355,0.2101171
2027,11,SHTËRPCË,Industria perpunuese,-0.25283424828309087,-0.1860365,-0.17382705,-0.16568738,-0.15347797
2027,12,SHTËRPCË,Industria perpunuese,-0.16775190318151564,0.036163874,0.051706314,0.062067986,0.07761049
2027,1,SHTËRPCË,Informimi dhe komunikimi,0.19390270722117564,-0.25248948,-0.2412768,-0.23380172,-0.22258908
2027,2,SHTËRPCË,Informimi dhe komunikimi,0.21893587320265956,0.16714975,0.18465698,0.19632852,0.21383572
2027,3,SHTËRPCË,Informimi dhe komunikimi,0.18816361574272952,0.24914014,0.26787722,0.28036857,0.29910564
2027,4,SHTËRPCË,Informimi dhe komunikimi,0.11225802218772465,0.15231715,0.16960192,0.18112504,0.1984098
2027,5,SHTËRPCË,Informimi dhe komunikimi,0.10693877201807908,0.23239675,0.25088263,0.2632066,0.2816925
2027,6,SHTËRPCË,Informimi dhe komunikimi,0.12802685816567733,0.19132349,0.20919335,0.22110653,0.23897636
2027,7,SHTËRPCË,Informimi dhe komunikimi,0.1607243331872971,0.22204559,0.24037623,0.25259662,0.2709273
2027,8,SHTËRPCË,Informimi dhe komunikimi,0.15324287223772104,0.20370491,0.22176051,0.23379755,0.2518531
2027,9,SHTËRPCË,Informimi dhe komunikimi,0.15686420328886164,0.24632744,0.26502228,0.2774856,0.2961805
2027,10,SHTËRPCË,Informimi dhe komunikimi,0.15192375301422276,0.17163022,0.1892047,0.20092094,0.21849549
2027,11,SHTËRPCË,Informimi dhe komunikimi,0.15043630891853246,0.23017576,0.24862838,0.26093006,0.2793827
2027,12,SHTËRPCË,Informimi dhe komunikimi,0.21949176180361035,0.16322216,0.1806705,0.1923027,0.20975101
2027,1,SHTËRPCË,Ndertimtaria,1.7164593336125962,1.9442271,1.9883907,2.0178328,2.0619962
2027,2,SHTËRPCË,Ndertimtaria,0.9409434917934125,0.7894246,0.81626606,0.8341602,0.8610016
2027,3,SHTËRPCË,Ndertimtaria,0.43730803767132265,0.5135065,0.536209,0.55134404,0.5740466
2027,4,SHTËRPCË,Ndertimtaria,-0.415874244073183,-0.45668158,-0.44853187,-0.44309866,-0.43494892
2027,5,SHTËRPCË,Ndertimtaria,0.7374254695528822,0.8406121,0.8682213,0.88662744,0.91423655
2027,6,SHTËRPCË,Ndertimtaria,0.7566543257622875,0.7152318,0.74096024,0.75811255,0.783841
2027,7,SHTËRPCË,Ndertimtaria,0.251557088579381,0.3088536,0.32848644,0.3415749,0.36120772
2027,8,SHTËRPCË,Ndertimtaria,0.6374178057880054,0.8105743,0.8377329,0.85583866,0.88299716
2027,9,SHTËRPCË,Ndertimtaria,0.30150438758992576,0.31848016,0.3382573,0.3514421,0.37121928
2027,10,SHTËRPCË,Ndertimtaria,0.4976678796418949,0.49986565,0.52236366,0.5373622,0.5598602
2027,11,SHTËRPCË,Ndertimtaria,-0.27531844853348064,-0.113617815,-0.10032213,-0.09145832,-0.07816261
2027,12,SHTËRPCË,Ndertimtaria,0.08115687915060295,0.27028987,0.2893442,0.30204713,0.32110143
2027,9,SHTËRPCË,Person Fizik,-0.7311592147743243,-1.0,-1.0,-1.0,-1.0
2027,3,SHTËRPCË,Sherbimet administrative dhe mbeshtetese,0.056113259765194726,-0.1504526,-0.13770944,-0.12921393,-0.116470754
2027,4,SHTËRPCË,Sherbimet administrative dhe mbeshtetese,1.8490437992727766,1.7531837,1.7944815,1.8220134,1.863311
2027,6,SHTËRPCË,Sherbimet administrative dhe mbeshtetese,0.861658377006306,0.71507627,0.7408023,0.75795305,0.78367925
2027,7,SHTËRPCË,Sherbimet administrative dhe mbeshtetese,1.4532628878978362,1.3239807,1.3588405,1.3820803,1.41694
2027,8,SHTËRPCË,Sherbimet administrative dhe mbeshtetese,0.325219719982582,0.22660656,0.24500573,0.25727177,0.27567077
2027,9,SHTËRPCË,Sherbimet administrative dhe mbeshtetese,0.14796759105896864,0.052660007,0.068449855,0.07897651,0.09476638
2027,10,SHTËRPCË,Sherbimet administrative dhe mbeshtetese,2.0,2.0,2.045,2.0749998,2.12
2027,11,SHTËRPCË,Sherbimet administrative dhe mbeshtetese,-0.2679387557125838,-0.7778709,-0.774539,-0.77231765,-0.76898575
2027,12,SHTËRPCË,Sherbimet administrative dhe mbeshtetese,0.21335565322749,0.36273926,0.38318038,0.3968078,0.41724885
2027,1,SHTËRPCË,Transporti dhe magazinimi,-0.023357426368561203,0.045056652,0.060732484,0.071183085,0.08685899
2027,2,SHTËRPCË,Transporti dhe magazinimi,-0.1829972526817376,-0.0899975,-0.07634753,-0.06724751,-0.05359745
2027,3,SHTËRPCË,Transporti dhe magazinimi,-0.27745866794129287,-0.19931151,-0.18730116,-0.17929429,-0.16728401
2027,4,SHTËRPCË,Transporti dhe magazinimi,-0.2576563528569635,-0.2660837,-0.25507498,-0.2477358,-0.23672712
2027,5,SHTËRPCË,Transporti dhe magazinimi,-0.28705371747552216,-0.29085457,-0.2802174,-0.27312595,-0.26248878
2027,6,SHTËRPCË,Transporti dhe magazinimi,-0.27257499201914454,-0.31133097,-0.30100095,-0.2941143,-0.2837842
2027,7,SHTËRPCË,Transporti dhe magazinimi,1.993350745600961,2.0,2.045,2.0749998,2.12
2027,8,SHTËRPCË,Transporti dhe magazinimi,0.27258677144234295,1.2762138,1.3103569,1.3331189,1.3672621
2027,9,SHTËRPCË,Transporti dhe magazinimi,0.4608955493602276,0.985342,1.0151222,1.0349755,1.0647557
2027,10,SHTËRPCË,Transporti dhe magazinimi,0.045584557024756944,0.70335394,0.7289041,0.7459377,0.77148795
2027,11,SHTËRPCË,Transporti dhe magazinimi,0.13894279688650463,0.8006869,0.82769716,0.84570396,0.8727143
2027,12,SHTËRPCË,Transporti dhe magazinimi,0.054967589023615974,0.96037984,0.98978555,1.0093894,1.038795
2027,1,SHTËRPCË,Tregtia me shumice dhe pakice; Riparimi i mjeteve motorike dhe motoeikletave,0.0548542394527363,-0.106606826,-0.09320593,-0.08427203,-0.070871174
2027,2,SHTËRPCË,Tregtia me shumice dhe pakice; Riparimi i mjeteve motorike dhe motoeikletave,0.22735050626049425,0.20720156,0.22530961,0.23738158,0.2554896
2027,3,SHTËRPCË,Tregtia me shumice dhe pakice; Riparimi i mjeteve motorike dhe motoeikletave,-0.015346173212527937,0.021275284,0.03659439,0.04680717,0.06212628
2027,4,SHTËRPCË,Tregtia me shumice dhe pakice; Riparimi i mjeteve motorike dhe motoeikletave,0.39645469414849954,0.35554135,0.3758744,0.3894298,0.40976298
2027,5,SHTËRPCË,Tregtia me shumice dhe pakice; Riparimi i mjeteve motorike dhe motoeikletave,0.1659913731806865,0.1014282,0.117949605,0.12896383,0.14548528
2027,6,SHTËRPCË,Tregtia me shumice dhe pakice; Riparimi i mjeteve motorike dhe motoeikletave,-0.01809836862472729,0.029728064,0.045174003,0.055471182,0.07091713
2027,7,SHTËRPCË,Tregtia me shumice dhe pakice; Riparimi i mjeteve motorike dhe motoeikletave,0.2632802894881991,0.1643673,0.18183279,0.19347644,0.21094191
2027,8,SHTËRPCË,Tregtia me shumice dhe pakice; Riparimi i mjeteve motorike dhe motoeikletave,0.318228969555171,0.17493635,0.19256032,0.2043097,0.22193372
2027,9,SHTËRPCË,Tregtia me shumice dhe pakice; Riparimi i mjeteve motorike dhe motoeikletave,0.03790892853225953,0.11419539,0.13090825,0.14205015,0.15876317
2027,10,SHTËRPCË,Tregtia me shumice dhe pakice; Riparimi i mjeteve motorike dhe motoeikletave,0.34281324195181256,0.30653593,0.32613397,0.3391993,0.3587973
2027,11,SHTËRPCË,Tregtia me shumice dhe pakice; Riparimi i mjeteve motorike dhe motoeikletave,0.054633937060170605,0.05364411,0.06944871,0.07998514,0.09578979
2027,12,SHTËRPCË,Tregtia me shumice dhe pakice; Riparimi i mjeteve motorike dhe motoeikletave,0.1069884471158998,0.19604519,0.2139858,0.2259463,0.24388695
2027,1,SKENDERAJ,Akomodimi dhe sherbimi ushqimor,0.2462565775256957,0.3107598,0.3304212,0.34352875,0.36319017
2027,2,SKENDERAJ,Akomodimi dhe sherbimi ushqimor,0.15743591644469837,0.06839599,0.08442187,0.09510589,0.11113179
2027,3,SKENDERAJ,Akomodimi dhe sherbimi ushqimor,0.028834706707187074,0.018798172,0.03408003,0.044268012,0.059550047
2027,4,SKENDERAJ,Akomodimi dhe sherbimi ushqimor,0.061016721127462044,0.122705154,0.13954568,0.15077269,0.16761327
2027,5,SKENDERAJ,Akomodimi dhe sherbimi ushqimor,0.44134650713134654,0.4620711,0.4840021,0.49862278,0.5205538
2027,6,SKENDERAJ,Akomodimi dhe sherbimi ushqimor,-0.004194547044924878,0.03552393,0.051056743,0.061411977,0.07694483
2027,7,SKENDERAJ,Akomodimi dhe sherbimi ushqimor,0.0948201911122089,0.23902862,0.25761402,0.27000427,0.28858972
2027,8,SKENDERAJ,Akomodimi dhe sherbimi ushqimor,-0.11937555629751853,0.019327182,0.034617066,0.044810295,0.060100198
2027,9,SKENDERAJ,Akomodimi dhe sherbimi ushqimor,0.19815396499889065,0.24567436,0.26435947,0.27681625,0.29550135
2027,10,SKENDERAJ,Akomodimi dhe sherbimi ushqimor,0.6938204026990646,0.6052382,0.6293168,0.6453692,0.66944766
2027,11,SKENDERAJ,Akomodimi dhe sherbimi ushqimor,0.8940375481101893,0.5687102,0.5922408,0.6079279,0.6314585
2027,12,SKENDERAJ,Akomodimi dhe sherbimi ushqimor,0.06218418948003888,0.23183097,0.2503084,0.26262665,0.2811041
2027,1,SKENDERAJ,Aktivitetet e patundshmerise,0.46594934047783576,0.44247544,0.46411252,0.47853732,0.5001744
2027,2,SKENDERAJ,Aktivitetet e patundshmerise,1.052102217519297,0.9451077,0.9742843,0.9937353,1.022912
2027,3,SKENDERAJ,Aktivitetet e patundshmerise,-0.6748089218997103,-0.57338935,-0.5669902,-0.5627241,-0.55632496
2027,4,SKENDERAJ,Aktivitetet e patundshmerise,-0.32636114446617304,-0.29259497,-0.2819839,-0.27490985,-0.2642988
2027,5,SKENDERAJ,Aktivitetet e patundshmerise,2.0,2.0,2.045,2.0749998,2.12
2027,6,SKENDERAJ,Aktivitetet e patundshmerise,0.29425380294391534,0.5002776,0.5227816,0.53778446,0.56028855
2027,7,SKENDERAJ,Aktivitetet e patundshmerise,-0.39801037624136476,-0.57410556,-0.5677172,-0.5634582,-0.5570698
2027,8,SKENDERAJ,Aktivitetet e patundshmerise,-0.7889298119389956,-1.0,-1.0,-1.0,-1.0
2027,9,SKENDERAJ,Aktivitetet e patundshmerise,-0.8018942992737813,-1.0,-1.0,-1.0,-1.0
2027,10,SKENDERAJ,Aktivitetet e patundshmerise,-0.8335459648526707,-1.0,-1.0,-1.0,-1.0
2027,11,SKENDERAJ,Aktivitetet e patundshmerise,-0.6071963036405493,-0.7286352,-0.72456473,-0.7218511,-0.7177806
2027,12,SKENDERAJ,Aktivitetet e patundshmerise,-0.7061824864298418,-0.82729435,-0.82470375,-0.8229767,-0.8203861
2027,1,SKENDERAJ,Aktivitetet e shendetit te njeriut dhe te punes sociale,0.6685621634157948,0.7091813,0.73481905,0.7519108,0.77754855
2027,2,SKENDERAJ,Aktivitetet e shendetit te njeriut dhe te punes sociale,0.9510229913402279,0.93396086,0.96297026,0.98230994,1.0113192
2027,3,SKENDERAJ,Aktivitetet e shendetit te njeriut dhe te punes sociale,0.23784884608846965,0.28157854,0.30080223,0.31361794,0.33284163
2027,4,SKENDERAJ,Aktivitetet e shendetit te njeriut dhe te punes sociale,0.2561047585486278,0.24241069,0.26104677,0.27347088,0.292107
2027,5,SKENDERAJ,Aktivitetet e shendetit te njeriut dhe te punes sociale,0.41624591140465256,0.41625887,0.43750262,0.45166528,0.4729091
2027,6,SKENDERAJ,Aktivitetet e shendetit te njeriut dhe te punes sociale,0.15435571587292685,0.25610226,0.27494383,0.2875048,0.30634642
2027,7,SKENDERAJ,Aktivitetet e shendetit te njeriut dhe te punes sociale,0.1354039425724675,0.14660415,0.16380322,0.17526925,0.19246829
2027,8,SKENDERAJ,Aktivitetet e shendetit te njeriut dhe te punes sociale,-0.0035486629403101936,0.041751005,0.05737722,0.0677948,0.08342099
2027,9,SKENDERAJ,Aktivitetet e shendetit te njeriut dhe te punes sociale,0.2431728037862653,0.27322674,0.29232514,0.3050574,0.3241558
2027,10,SKENDERAJ,Aktivitetet e shendetit te njeriut dhe te punes sociale,0.380053436372824,0.43341932,0.45492065,0.46925485,0.49075603
2027,11,SKENDERAJ,Aktivitetet e shendetit te njeriut dhe te punes sociale,0.13275442751861982,0.2586041,0.2774831,0.2900691,0.30894816
2027,12,SKENDERAJ,Aktivitetet e shendetit te njeriut dhe te punes sociale,-0.15049231753221845,-0.088798694,-0.0751307,-0.0660187,-0.0523507
2027,1,SKENDERAJ,Aktivitetet e tjera sherbyese,2.0,2.0,2.045,2.0749998,2.12
2027,2,SKENDERAJ,Aktivitetet e tjera sherbyese,2.0,2.0,2.045,2.0749998,2.12
2027,3,SKENDERAJ,Aktivitetet e tjera sherbyese,0.31710395118046364,0.1691222,0.18665898,0.19835019,0.21588707
2027,4,SKENDERAJ,Aktivitetet e tjera sherbyese,2.0,2.0,2.045,2.0749998,2.12
2027,5,SKENDERAJ,Aktivitetet e tjera sherbyese,1.92662038771961,2.0,2.045,2.0749998,2.12
2027,6,SKENDERAJ,Aktivitetet e tjera sherbyese,0.22305890568514342,0.15207641,0.16935754,0.18087828,0.19815934
2027,7,SKENDERAJ,Aktivitetet e tjera sherbyese,1.0144749523364167,1.517855,1.555623,1.5808015,1.6185694
2027,8,SKENDERAJ,Aktivitetet e tjera sherbyese,0.7331495630262778,1.0643841,1.0953498,1.1159935,1.1469593
2027,9,SKENDERAJ,Aktivitetet e tjera sherbyese,-0.0277962699397637,-0.08744535,-0.07375705,-0.06463152,-0.050943255
2027,10,SKENDERAJ,Aktivitetet e tjera sherbyese,0.31896268889658924,0.34810624,0.36832786,0.38180888,0.40203047
2027,11,SKENDERAJ,Aktivitetet e tjera sherbyese,0.7230155299014873,0.65652573,0.6813736,0.6979388,0.72278666
2027,12,SKENDERAJ,Aktivitetet e tjera sherbyese,0.14353389430274124,0.21317017,0.2313677,0.2434994,0.26169693
2027,3,SKENDERAJ,Aktivitetet financiare dhe te sigurimit,1.159283209023512,0.9479868,0.9772066,0.99668646,1.0259063
2027,6,SKENDERAJ,Aktivitetet financiare dhe te sigurimit,1.8417927960513194,1.3891819,1.4250195,1.4489114,1.4847491
2027,9,SKENDERAJ,Aktivitetet financiare dhe te sigurimit,2.0,1.5504827,1.5887399,1.6142447,1.6525021
2027,12,SKENDERAJ,Aktivitetet financiare dhe te sigurimit,0.40805681080085965,0.20158938,0.2196132,0.23162901,0.24965286
2027,1,SKENDERAJ,"Aktivitetet profesionale, shkencore dhe teknike",2.0,2.0,2.045,2.0749998,2.12
2027,2,SKENDERAJ,"Aktivitetet profesionale, shkencore dhe teknike",1.0190689328508318,1.198928,1.2319117,1.253901,1.286885
2027,3,SKENDERAJ,"Aktivitetet profesionale, shkencore dhe teknike",1.0309159569221438,0.77691865,0.8035724,0.8213415,0.8479953
2027,4,SKENDERAJ,"Aktivitetet profesionale, shkencore dhe teknike",1.2790151541068993,1.3070742,1.34168,1.3647509,1.3993568
2027,5,SKENDERAJ,"Aktivitetet profesionale, shkencore dhe teknike",2.0,1.7970575,1.8390133,1.8669839,1.9089398
2027,6,SKENDERAJ,"Aktivitetet profesionale, shkencore dhe teknike",-0.26066881199700787,-0.27676228,-0.26591367,-0.2586813,-0.24783278
2027,7,SKENDERAJ,"Aktivitetet profesionale, shkencore dhe teknike",0.06801196983116829,0.13769153,0.1547569,0.16613376,0.18319917
2027,8,SKENDERAJ,"Aktivitetet profesionale, shkencore dhe teknike",0.38796742253528566,0.30684298,0.3264457,0.33951414,0.35911667
2027,9,SKENDERAJ,"Aktivitetet profesionale, shkencore dhe teknike",1.0042349087397597,0.59842175,0.62239814,0.6383823,0.66235864
2027,10,SKENDERAJ,"Aktivitetet profesionale, shkencore dhe teknike",1.9500720949678558,1.2713392,1.3054092,1.3281226,1.3621926
2027,11,SKENDERAJ,"Aktivitetet profesionale, shkencore dhe teknike",0.22502499767186682,0.33402243,0.35403275,0.367373,0.38738322
2027,12,SKENDERAJ,"Aktivitetet profesionale, shkencore dhe teknike",-0.10253964493672019,0.062708355,0.078649044,0.089276075,0.10521662
2027,1,SKENDERAJ,Arsimi,0.7626948182145494,0.55820036,0.58157337,0.59715533,0.62052834
2027,2,SKENDERAJ,Arsimi,0.6631010806180517,0.5255279,0.5484109,0.5636661,0.58654904
2027,3,SKENDERAJ,Arsimi,-0.03561992807128287,0.040632173,0.05624163,0.06664789,0.08225739
2027,4,SKENDERAJ,Arsimi,0.8959151413633435,1.0313002,1.0617695,1.0820825,1.1125519
2027,5,SKENDERAJ,Arsimi,0.21158201397015527,0.45992675,0.4818256,0.4964249,0.5183238
2027,6,SKENDERAJ,Arsimi,0.10304991546870589,0.04552521,0.06120801,0.07166326,0.087346196
2027,7,SKENDERAJ,Arsimi,0.5463134176493981,0.7103634,0.7360188,0.75312245,0.77877784
2027,8,SKENDERAJ,Arsimi,0.4210378044025367,0.51907265,0.5418587,0.5570494,0.57983553
2027,9,SKENDERAJ,Arsimi,0.005684028274245212,-0.021767156,-0.007093668,0.0026886463,0.017362118
2027,10,SKENDERAJ,Arsimi,0.32902613272718534,0.43340474,0.45490575,0.4692397,0.49074078
2027,11,SKENDERAJ,Arsimi,0.16599677740047367,0.14300117,0.16014624,0.17157614,0.18872118
2027,12,SKENDERAJ,Arsimi,-0.24810185338386478,-0.20966332,-0.19780827,-0.18990493,-0.17804992
2027,3,SKENDERAJ,"Artet, Argetimi dhe rekreacioni",0.5927264580449312,0.2678268,0.28684413,0.2995224,0.31853986
2027,6,SKENDERAJ,"Artet, Argetimi dhe rekreacioni",-0.475337690449782,-0.530534,-0.52349204,-0.5187974,-0.5117554
2027,9,SKENDERAJ,"Artet, Argetimi dhe rekreacioni",0.7641375547521716,0.38665494,0.40745473,0.42132127,0.44212115
2027,12,SKENDERAJ,"Artet, Argetimi dhe rekreacioni",-0.014770476428900909,0.040850677,0.05646336,0.06687188,0.0824846
2027,1,SKENDERAJ,Bujqesia;Pylltaria dhe Peshkimi,0.6979419220694935,0.7860185,0.81280875,0.8306689,0.8574592
2027,2,SKENDERAJ,Bujqesia;Pylltaria dhe Peshkimi,-0.13065900996358654,-0.19227839,-0.18016255,-0.17208534,-0.15996957
2027,3,SKENDERAJ,Bujqesia;Pylltaria dhe Peshkimi,0.31488600967425207,0.2596634,0.27855825,0.29115486,0.31004977
2027,4,SKENDERAJ,Bujqesia;Pylltaria dhe Peshkimi,-0.0941452377136686,0.028957346,0.04439175,0.0546813,0.070115566
2027,5,SKENDERAJ,Bujqesia;Pylltaria dhe Peshkimi,2.0,2.0,2.045,2.0749998,2.12
2027,6,SKENDERAJ,Bujqesia;Pylltaria dhe Peshkimi,1.6337049532614254,1.5516063,1.5898802,1.6153963,1.6536703
2027,7,SKENDERAJ,Bujqesia;Pylltaria dhe Peshkimi,0.0001325083596939298,0.1004532,0.11695993,0.1279645,0.14447117
2027,8,SKENDERAJ,Bujqesia;Pylltaria dhe Peshkimi,0.07365097484650851,0.19555253,0.21348584,0.22544134,0.24337459
2027,9,SKENDERAJ,Bujqesia;Pylltaria dhe Peshkimi,1.73936865923161,1.6102934,1.6494477,1.6755507,1.714705
2027,10,SKENDERAJ,Bujqesia;Pylltaria dhe Peshkimi,0.6915495777475239,0.83045244,0.8579092,0.87621367,0.90367043
2027,11,SKENDERAJ,Bujqesia;Pylltaria dhe Peshkimi,2.0,2.0,2.045,2.0749998,2.12
2027,12,SKENDERAJ,Bujqesia;Pylltaria dhe Peshkimi,0.1408589925961312,0.6088808,0.63301396,0.6491027,0.6732359
2027,1,SKENDERAJ,Industria nxjerrese,0.3486392603831895,0.2683065,0.2873311,0.30001414,0.31903875
2027,2,SKENDERAJ,Industria nxjerrese,-0.15867387585420262,-0.07859273,-0.06477159,-0.05555755,-0.041736484
2027,3,SKENDERAJ,Industria nxjerrese,-0.2711998846079517,-0.111258805,-0.09792769,-0.08904028,-0.075709164
2027,4,SKENDERAJ,Industria nxjerrese,-0.17552710631482454,-0.153129,-0.14042592,-0.13195723,-0.11925417
2027,5,SKENDERAJ,Industria nxjerrese,-0.43511841736331147,-0.23930693,-0.22789657,-0.22028965,-0.20887923
2027,6,SKENDERAJ,Industria nxjerrese,-0.14521868262651488,-0.053916775,-0.039725542,-0.030264676,-0.016073465
2027,7,SKENDERAJ,Industria nxjerrese,-0.27360146455625656,-0.13650392,-0.12355149,-0.11491656,-0.101964116
2027,8,SKENDERAJ,Industria nxjerrese,-0.32360916993736816,-0.10956715,-0.09621066,-0.08730638,-0.07394987
2027,9,SKENDERAJ,Industria nxjerrese,-0.11568122803420605,-0.020468075,-0.005775094,0.004020214,0.018713236
2027,10,SKENDERAJ,Industria nxjerrese,-0.22034861075321652,-0.13730922,-0.12436885,-0.11574197,-0.10280162
2027,11,SKENDERAJ,Industria nxjerrese,-0.13741357709836896,-0.054710448,-0.0405311,-0.03107822,-0.01689893
2027,12,SKENDERAJ,Industria nxjerrese,-0.006053981733693744,0.15925044,0.1766392,0.1882317,0.20562053
2027,1,SKENDERAJ,Industria perpunuese,0.10290224249210854,0.16467349,0.18214357,0.1937902,0.21126032
2027,2,SKENDERAJ,Industria perpunuese,0.09880996927078974,0.21621008,0.23445332,0.24661541,0.26485848
2027,3,SKENDERAJ,Industria perpunuese,0.08642395271173117,0.18092321,0.19863701,0.21044624,0.22816014
2027,4,SKENDERAJ,Industria perpunuese,0.09200232224731066,0.20120381,0.21922183,0.23123384,0.24925196
2027,5,SKENDERAJ,Industria perpunuese,0.08717332029029844,0.19327275,0.21117175,0.22310448,0.24100351
2027,6,SKENDERAJ,Industria perpunuese,0.09032919479870133,0.21292245,0.2311163,0.24324548,0.26143932
2027,7,SKENDERAJ,Industria perpunuese,0.08840717476034807,0.19005561,0.20790648,0.21980703,0.23765779
2027,8,SKENDERAJ,Industria perpunuese,0.09080677199765977,0.16068791,0.1780982,0.18970513,0.20711541
2027,9,SKENDERAJ,Industria perpunuese,0.09032919479870133,0.20785552,0.22597325,0.23805177,0.25616968
2027,10,SKENDERAJ,Industria perpunuese,0.08840717476034807,0.18328501,0.20103431,0.21286714,0.23061633
2027,11,SKENDERAJ,Industria perpunuese,0.08840717476034807,0.19888397,0.21686721,0.22885609,0.24683928
2027,12,SKENDERAJ,Industria perpunuese,0.07123579042701846,0.13862485,0.15570426,0.16709054,0.18416989
2027,1,SKENDERAJ,Informimi dhe komunikimi,0.3228167267102943,0.01883655,0.03411901,0.04430735,0.059589863
2027,2,SKENDERAJ,Informimi dhe komunikimi,0.32397940529592684,0.17723425,0.19489276,0.20666516,0.22432363
2027,3,SKENDERAJ,Informimi dhe komunikimi,0.11108833236562951,0.10387698,0.12043512,0.1314739,0.14803195
2027,4,SKENDERAJ,Informimi dhe komunikimi,0.13112129350308052,0.15070392,0.16796446,0.1794715,0.19673204
2027,5,SKENDERAJ,Informimi dhe komunikimi,0.13676587267095472,0.13550176,0.15253425,0.16388929,0.1809218
2027,6,SKENDERAJ,Informimi dhe komunikimi,0.040404474359605425,0.12800187,0.1449219,0.15620196,0.17312193
2027,7,SKENDERAJ,Informimi dhe komunikimi,-0.03921015047153604,0.0041289004,0.019190907,0.029232144,0.044294
2027,8,SKENDERAJ,Informimi dhe komunikimi,0.07089782239651359,0.18630041,0.20409489,0.21595788,0.23375237
2027,9,SKENDERAJ,Informimi dhe komunikimi,0.22775928308806376,0.31496167,0.33468604,0.34783566,0.36756003
2027,10,SKENDERAJ,Informimi dhe komunikimi,0.18366698480233937,0.19078228,0.20864403,0.22055185,0.23841357
2027,11,SKENDERAJ,Informimi dhe komunikimi,0.1400509280489986,0.17785123,0.19551897,0.20729744,0.22496521
2027,12,SKENDERAJ,Informimi dhe komunikimi,-0.01860174198838813,0.0645071,0.080474734,0.091119766,0.107087374
2027,3,SKENDERAJ,Mungon aktiviteti,1.2952744509171161,1.0914495,1.1228211,1.1437356,1.1751075
2027,6,SKENDERAJ,Mungon aktiviteti,0.7961223817818815,0.22618668,0.24457943,0.2568413,0.2752341
2027,9,SKENDERAJ,Mungon aktiviteti,0.057437714480123796,-0.050628334,-0.03638774,-0.026894033,-0.01265347
2027,12,SKENDERAJ,Mungon aktiviteti,-0.552224143265495,-0.38128215,-0.3720014,-0.3658142,-0.35653347
2027,1,SKENDERAJ,Ndertimtaria,0.10484813834067294,0.22013664,0.23843873,0.25064003,0.26894212
2027,2,SKENDERAJ,Ndertimtaria,0.05918777257635033,0.1382425,0.15531611,0.16669858,0.18377209
2027,3,SKENDERAJ,Ndertimtaria,0.09240434918022905,0.28673825,0.30603933,0.31890666,0.33820772
2027,4,SKENDERAJ,Ndertimtaria,0.09755208411177917,0.25903815,0.27792382,0.2905141,0.30939972
2027,5,SKENDERAJ,Ndertimtaria,0.08695189281632927,0.16195278,0.17938197,0.19100153,0.20843077
2027,6,SKENDERAJ,Ndertimtaria,0.10012803178697166,0.30105072,0.32056642,0.33357692,0.35309267
2027,7,SKENDERAJ,Ndertimtaria,0.08966446123172692,0.19251633,0.21040404,0.22232926,0.24021697
2027,8,SKENDERAJ,Ndertimtaria,0.06919921148410274,0.12791683,0.14483559,0.1561147,0.17303348
2027,9,SKENDERAJ,Ndertimtaria,0.08909534032865167,0.2508657,0.26962864,0.28213727,0.30090022
2027,10,SKENDERAJ,Ndertimtaria,0.07117582050728817,0.16619308,0.18368602,0.1953479,0.2128408
2027,11,SKENDERAJ,Ndertimtaria,0.0662576960773758,0.09436998,0.110785484,0.121729255,0.13814473
2027,12,SKENDERAJ,Ndertimtaria,0.08069628903562136,0.20663883,0.22473836,0.23680472,0.25490427
2027,1,SKENDERAJ,Person Fizik,0.08824560788128792,-0.012632071,0.0021784306,0.012052059,0.026862621
2027,2,SKENDERAJ,Person Fizik,-0.05047657833687126,-0.29715446,-0.28661174,-0.27958328,-0.26904064
2027,3,SKENDERAJ,Person Fizik,0.2651184481301639,-0.067208126,-0.05321622,-0.04388833,-0.029896498
2027,4,SKENDERAJ,Person Fizik,-0.11888673600168354,-0.28954443,-0.27888763,-0.2717831,-0.26112628
2027,5,SKENDERAJ,Person Fizik,-0.7033683632893871,-0.7849557,-0.78173006,-0.7795796,-0.7763539
2027,6,SKENDERAJ,Person Fizik,0.38699770847293513,-0.091862455,-0.078240395,-0.06915903,-0.055536985
2027,7,SKENDERAJ,Person Fizik,-0.38334663581806666,-0.52766836,-0.5205834,-0.5158601,-0.5087751
2027,8,SKENDERAJ,Person Fizik,-0.6788631967063128,-0.7967184,-0.7936692,-0.79163635,-0.78858715
2027,9,SKENDERAJ,Person Fizik,0.2860053547373768,-0.056787852,-0.042639673,-0.033207595,-0.01905942
2027,10,SKENDERAJ,Person Fizik,-0.114365419022214,-0.5376286,-0.53069305,-0.5260693,-0.51913375
2027,11,SKENDERAJ,Person Fizik,-0.4831480889364665,-0.7702808,-0.766835,-0.7645378,-0.761092
2027,12,SKENDERAJ,Person Fizik,0.1499928198406264,0.17318748,0.19078529,0.20251715,0.22011495
2027,1,SKENDERAJ,Sherbimet administrative dhe mbeshtetese,0.9593259205983984,1.4971981,1.534656,1.559628,1.597086
2027,2,SKENDERAJ,Sherbimet administrative dhe mbeshtetese,0.9136675577609157,0.8593366,0.8872266,0.90582,0.93371
2027,3,SKENDERAJ,Sherbimet administrative dhe mbeshtetese,0.8750246833550755,0.6534315,0.6782329,0.6947671,0.7195686
2027,4,SKENDERAJ,Sherbimet administrative dhe mbeshtetese,1.176943561804706,1.2162488,1.2494924,1.2716548,1.3048985
2027,5,SKENDERAJ,Sherbimet administrative dhe mbeshtetese,0.4087870825624574,0.40879327,0.42992508,0.444013,0.46514487
2027,6,SKENDERAJ,Sherbimet administrative dhe mbeshtetese,0.6365554898895962,0.5868926,0.61069596,0.62656486,0.6503682
2027,7,SKENDERAJ,Sherbimet administrative dhe mbeshtetese,0.36058341845573366,0.37384924,0.39445698,0.4081955,0.4288032
2027,8,SKENDERAJ,Sherbimet administrative dhe mbeshtetese,0.22737289729771548,0.19486831,0.21279132,0.22474003,0.24266303
2027,9,SKENDERAJ,Sherbimet administrative dhe mbeshtetese,0.18786879187864428,0.09455672,0.11097503,0.121920586,0.13833892
2027,10,SKENDERAJ,Sherbimet administrative dhe mbeshtetese,1.8195284590345973,1.0688452,1.0998778,1.1205664,1.1515989
2027,11,SKENDERAJ,Sherbimet administrative dhe mbeshtetese,0.22404264658974668,0.048667952,0.06439793,0.074884534,0.09061456
2027,12,SKENDERAJ,Sherbimet administrative dhe mbeshtetese,-0.3095950582837784,-0.12834345,-0.11526865,-0.106552064,-0.09347725
2027,1,SKENDERAJ,Transporti dhe magazinimi,0.3195321296141149,0.09546761,0.111899614,0.12285423,0.13928628
2027,2,SKENDERAJ,Transporti dhe magazinimi,0.40620231100711895,0.46235895,0.4842943,0.49891794,0.5208533
2027,3,SKENDERAJ,Transporti dhe magazinimi,0.572722137720924,0.6013479,0.6253681,0.6413816,0.6654018
2027,4,SKENDERAJ,Transporti dhe magazinimi,0.6591233423257478,0.5934141,0.6173153,0.6332494,0.6571506
2027,5,SKENDERAJ,Transporti dhe magazinimi,0.5973371515818654,0.6122403,0.63642395,0.6525463,0.6767299
2027,6,SKENDERAJ,Transporti dhe magazinimi,0.4197242935533144,0.38858324,0.4094119,0.42329776,0.4441265
2027,7,SKENDERAJ,Transporti dhe magazinimi,0.04950118467910937,0.13606472,0.15310574,0.16446638,0.18150735
2027,8,SKENDERAJ,Transporti dhe magazinimi,0.07579179718347248,0.113387115,0.13008785,0.14122176,0.1579225
2027,9,SKENDERAJ,Transporti dhe magazinimi,0.1684311315792962,0.22809553,0.24651694,0.25879788,0.2772193
2027,10,SKENDERAJ,Transporti dhe magazinimi,-0.15095340640524732,-0.041392934,-0.027013838,-0.017427742,-0.0030486584
2027,11,SKENDERAJ,Transporti dhe magazinimi,0.04534542556448217,0.118402354,0.13517833,0.14636242,0.16313839
2027,12,SKENDERAJ,Transporti dhe magazinimi,0.033742724755231886,0.15427364,0.1715877,0.18313038,0.20044458
2027,1,SKENDERAJ,Tregtia me shumice dhe pakice; Riparimi i mjeteve motorike dhe motoeikletave,0.07247347577746004,0.124997646,0.14187253,0.15312254,0.16999745
2027,2,SKENDERAJ,Tregtia me shumice dhe pakice; Riparimi i mjeteve motorike dhe motoeikletave,0.06912157816275476,0.12943879,0.1463803,0.15767467,0.17461622
2027,3,SKENDERAJ,Tregtia me shumice dhe pakice; Riparimi i mjeteve motorike dhe motoeikletave,0.06697550269919508,0.09299316,0.109387994,0.120317936,0.13671279
2027,4,SKENDERAJ,Tregtia me shumice dhe pakice; Riparimi i mjeteve motorike dhe motoeikletave,0.06937829870578086,0.10614504,0.12273717,0.1337986,0.15039074
2027,5,SKENDERAJ,Tregtia me shumice dhe pakice; Riparimi i mjeteve motorike dhe motoeikletave,0.06937829870578086,0.13234785,0.149333,0.16065645,0.17764175
2027,6,SKENDERAJ,Tregtia me shumice dhe pakice; Riparimi i mjeteve motorike dhe motoeikletave,0.06863058251048915,0.13513468,0.15216172,0.16351306,0.18054008
2027,7,SKENDERAJ,Tregtia me shumice dhe pakice; Riparimi i mjeteve motorike dhe motoeikletave,0.06723222324222118,0.10561776,0.12220204,0.13325822,0.14984238
2027,8,SKENDERAJ,Tregtia me shumice dhe pakice; Riparimi i mjeteve motorike dhe motoeikletave,0.06789328706416138,0.107902244,0.12452078,0.13559985,0.15221834
2027,9,SKENDERAJ,Tregtia me shumice dhe pakice; Riparimi i mjeteve motorike dhe motoeikletave,0.06937829870578086,0.14488547,0.16205871,0.17350757,0.19068074
2027,10,SKENDERAJ,Tregtia me shumice dhe pakice; Riparimi i mjeteve motorike dhe motoeikletave,0.06937829870578086,0.13382803,0.1508354,0.16217375,0.1791811
2027,11,SKENDERAJ,Tregtia me shumice dhe pakice; Riparimi i mjeteve motorike dhe motoeikletave,0.06937829870578086,0.1315415,0.14851463,0.15982997,0.17680311
2027,12,SKENDERAJ,Tregtia me shumice dhe pakice; Riparimi i mjeteve motorike dhe motoeikletave,0.0662576960773758,0.15713795,0.1744951,0.18606639,0.2034235
2027,1,SUHAREKË,Administrimi publik dhe mbrojtja; Sigurimi social i detyrueshem,0.16210741665228556,0.21942097,0.23771226,0.24990642,0.26819766
2027,2,SUHAREKË,Administrimi publik dhe mbrojtja; Sigurimi social i detyrueshem,0.3690628282325649,0.3119522,0.33163154,0.344751,0.3644303
2027,3,SUHAREKË,Administrimi publik dhe mbrojtja; Sigurimi social i detyrueshem,-0.02891482819854108,0.07583574,0.091973186,0.102731586,0.118869066
2027,4,SUHAREKË,Administrimi publik dhe mbrojtja; Sigurimi social i detyrueshem,0.36158617138051335,0.23795621,0.25652552,0.26890504,0.2874744
2027,5,SUHAREKË,Administrimi publik dhe mbrojtja; Sigurimi social i detyrueshem,0.10293025817924699,0.11788843,0.13465679,0.14583564,0.16260397
2027,6,SUHAREKË,Administrimi publik dhe mbrojtja; Sigurimi social i detyrueshem,0.7284119335491183,0.6416875,0.6663128,0.6827296,0.7073549
2027,7,SUHAREKË,Administrimi publik dhe mbrojtja; Sigurimi social i detyrueshem,-0.38253730604396796,-0.23692413,-0.225478,-0.21784723,-0.20640111
2027,8,SUHAREKË,Administrimi publik dhe mbrojtja; Sigurimi social i detyrueshem,0.20683714159515085,0.2309018,0.24936533,0.2616744,0.2801379
2027,9,SUHAREKË,Administrimi publik dhe mbrojtja; Sigurimi social i detyrueshem,0.9702851802930242,1.1788858,1.2115693,1.2333581,1.2660413
2027,10,SUHAREKË,Administrimi publik dhe mbrojtja; Sigurimi social i detyrueshem,0.2650522610294452,0.28112543,0.30034232,0.3131535,0.3323704
2027,11,SUHAREKË,Administrimi publik dhe mbrojtja; Sigurimi social i detyrueshem,-0.17719489461052668,0.08018623,0.096389055,0.10719085,0.123393655
2027,12,SUHAREKË,Administrimi publik dhe mbrojtja; Sigurimi social i detyrueshem,0.15452926010272147,0.69889116,0.72437453,0.7413634,0.7668468
2027,1,SUHAREKË,Akomodimi dhe sherbimi ushqimor,0.3601048593119126,0.5065789,0.52917755,0.54424334,0.5668421
2027,2,SUHAREKË,Akomodimi dhe sherbimi ushqimor,0.3556119718582582,0.47361436,0.49571848,0.51045465,0.5325588
2027,3,SUHAREKË,Akomodimi dhe sherbimi ushqimor,0.10170519377208113,0.09994212,0.11644125,0.12744057,0.14393973
2027,4,SUHAREKË,Akomodimi dhe sherbimi ushqimor,0.4185067157068351,0.41777694,0.43904352,0.45322132,0.47448802
2027,5,SUHAREKË,Akomodimi dhe sherbimi ushqimor,0.33311650810675486,0.29395106,0.31336033,0.3262998,0.3457091
2027,6,SUHAREKË,Akomodimi dhe sherbimi ushqimor,0.014928068299805,0.11140543,0.12807643,0.13919044,0.1558615
2027,7,SUHAREKË,Akomodimi dhe sherbimi ushqimor,0.03095439480227985,0.18139274,0.1991136,0.2109276,0.22864842
2027,8,SUHAREKË,Akomodimi dhe sherbimi ushqimor,-0.14211987528275571,-0.06939073,-0.055431604,-0.04612553,-0.03216636
2027,9,SUHAREKË,Akomodimi dhe sherbimi ushqimor,0.2236664577368282,0.357802,0.37816906,0.391747,0.41211402
2027,10,SUHAREKË,Akomodimi dhe sherbimi ushqimor,0.44001447606374294,0.43921524,0.4608034,0.47519553,0.49678373
2027,11,SUHAREKË,Akomodimi dhe sherbimi ushqimor,0.35781486288111675,0.47511402,0.49724066,0.51199186,0.53411853
2027,12,SUHAREKË,Akomodimi dhe sherbimi ushqimor,0.02139248704749106,0.15135507,0.16862535,0.18013883,0.19740915
2027,2,SUHAREKË,Aktivitetet e patundshmerise,0.924309911863914,-0.30368593,-0.2932412,-0.28627807,-0.27583337
2027,3,SUHAREKË,Aktivitetet e patundshmerise,2.0,2.0,2.045,2.0749998,2.12
2027,4,SUHAREKË,Aktivitetet e patundshmerise,-0.46547572570452683,-0.50494045,-0.49751455,-0.49256396,-0.48513806
2027,5,SUHAREKË,Aktivitetet e patundshmerise,-0.4481070964420822,-0.07179506,-0.057871997,-0.048589945,-0.034666896
2027,6,SUHAREKË,Aktivitetet e patundshmerise,0.45071535107049177,-0.3129046,-0.30259818,-0.29572725,-0.28542084
2027,9,SUHAREKË,Aktivitetet e patundshmerise,2.0,1.8051538,1.8472311,1.8752825,1.9173598
2027,11,SUHAREKË,Aktivitetet e patundshmerise,-0.29896868005881827,-0.2773565,-0.26651686,-0.25929046,-0.24845082
2027,12,SUHAREKË,Aktivitetet e patundshmerise,2.0,2.0,2.045,2.0749998,2.12
2027,1,SUHAREKË,Aktivitetet e shendetit te njeriut dhe te punes sociale,0.1641544610108437,0.1606061,0.17801523,0.18962133,0.2070303
2027,2,SUHAREKË,Aktivitetet e shendetit te njeriut dhe te punes sociale,0.3180205436784519,0.31983796,0.3396355,0.35283387,0.37263143
2027,3,SUHAREKË,Aktivitetet e shendetit te njeriut dhe te punes sociale,0.06468415334333273,0.1379966,0.15506649,0.16644645,0.18351638
2027,4,SUHAREKË,Aktivitetet e shendetit te njeriut dhe te punes sociale,0.1758257099493409,0.18434452,0.2021097,0.21395314,0.2317183
2027,5,SUHAREKË,Aktivitetet e shendetit te njeriut dhe te punes sociale,0.10675617086672938,0.20158012,0.2196039,0.2316196,0.24964333
2027,6,SUHAREKË,Aktivitetet e shendetit te njeriut dhe te punes sociale,0.02679454666887444,0.103762425,0.12031877,0.13135648,0.14791286
2027,7,SUHAREKË,Aktivitetet e shendetit te njeriut dhe te punes sociale,0.05965695156799967,0.18534634,0.20312655,0.21498,0.23276019
2027,8,SUHAREKË,Aktivitetet e shendetit te njeriut dhe te punes sociale,-0.017154615160731804,-0.018900022,-0.004183531,0.0056273937,0.0203439
2027,9,SUHAREKË,Aktivitetet e shendetit te njeriut dhe te punes sociale,0.10245345865233975,0.21125908,0.22942805,0.24154055,0.25970948
2027,10,SUHAREKË,Aktivitetet e shendetit te njeriut dhe te punes sociale,0.3368070941368158,0.45411986,0.47593164,0.4904729,0.51228464
2027,11,SUHAREKË,Aktivitetet e shendetit te njeriut dhe te punes sociale,0.4767501314086966,0.359675,0.3800701,0.39366674,0.4140619
2027,12,SUHAREKË,Aktivitetet e shendetit te njeriut dhe te punes sociale,-0.08273887752175732,0.101860516,0.118388414,0.12940705,0.14593494
2027,1,SUHAREKË,Aktivitetet e tjera sherbyese,0.8427070900508675,0.981077,1.010793,1.0306039,1.0603199
2027,2,SUHAREKË,Aktivitetet e tjera sherbyese,0.5256070367883925,0.47127718,0.49334633,0.50805914,0.53012824
2027,3,SUHAREKË,Aktivitetet e tjera sherbyese,0.16931122690718048,0.19233076,0.21021569,0.222139,0.24002385
2027,4,SUHAREKË,Aktivitetet e tjera sherbyese,0.5958500332354576,0.7106712,0.7363312,0.7534379,0.7790979
2027,5,SUHAREKË,Aktivitetet e tjera sherbyese,0.6378649659894031,0.79158604,0.81845975,0.8363756,0.8632494
2027,6,SUHAREKË,Aktivitetet e tjera sherbyese,0.15142669999431738,0.15526003,0.17258894,0.18414152,0.2014705
2027,7,SUHAREKË,Aktivitetet e tjera sherbyese,0.6661689723973052,0.89496064,0.923385,0.94233465,0.97075903
2027,8,SUHAREKË,Aktivitetet e tjera sherbyese,0.42923788399651497,0.3486251,0.3688544,0.38234067,0.40257
2027,9,SUHAREKË,Aktivitetet e tjera sherbyese,0.015474288740528854,0.03217703,0.047659636,0.057981372,0.073464036
2027,10,SUHAREKË,Aktivitetet e tjera sherbyese,0.5509233113143285,1.0510194,1.0817847,1.1022949,1.1330602
2027,11,SUHAREKË,Aktivitetet e tjera sherbyese,0.5893100231336537,0.6546059,0.6794249,0.695971,0.72079
2027,12,SUHAREKË,Aktivitetet e tjera sherbyese,0.04331677424210341,0.10540769,0.12198877,0.13304293,0.14962399
2027,1,SUHAREKË,Aktivitetet financiare dhe te sigurimit,0.8646267969493175,0.6441614,0.66882384,0.6852654,0.7099279
2027,2,SUHAREKË,Aktivitetet financiare dhe te sigurimit,1.804271351852588,2.0,2.045,2.0749998,2.12
2027,3,SUHAREKË,Aktivitetet financiare dhe te sigurimit,2.0,2.0,2.045,2.0749998,2.12
2027,4,SUHAREKË,Aktivitetet financiare dhe te sigurimit,2.0,2.0,2.045,2.0749998,2.12
2027,5,SUHAREKË,Aktivitetet financiare dhe te sigurimit,2.0,2.0,2.045,2.0749998,2.12
2027,6,SUHAREKË,Aktivitetet financiare dhe te sigurimit,2.0,2.0,2.045,2.0749998,2.12
2027,7,SUHAREKË,Aktivitetet financiare dhe te sigurimit,2.0,2.0,2.045,2.0749998,2.12
2027,8,SUHAREKË,Aktivitetet financiare dhe te sigurimit,2.0,2.0,2.045,2.0749998,2.12
2027,9,SUHAREKË,Aktivitetet financiare dhe te sigurimit,2.0,2.0,2.045,2.0749998,2.12
2027,10,SUHAREKË,Aktivitetet financiare dhe te sigurimit,2.0,2.0,2.045,2.0749998,2.12
2027,11,SUHAREKË,Aktivitetet financiare dhe te sigurimit,2.0,2.0,2.045,2.0749998,2.12
2027,12,SUHAREKË,Aktivitetet financiare dhe te sigurimit,1.9943836525676468,1.6759132,1.716052,1.7428112,1.7829497
2027,1,SUHAREKË,"Aktivitetet profesionale, shkencore dhe teknike",0.6834166466503991,0.6331425,0.6576396,0.67397094,0.6984681
2027,2,SUHAREKË,"Aktivitetet profesionale, shkencore dhe teknike",0.33234003170428833,0.5665172,0.5900148,0.60568,0.6291777
2027,3,SUHAREKË,"Aktivitetet profesionale, shkencore dhe teknike",0.3562311333517433,0.45295438,0.47474873,0.4892782,0.5110725
2027,4,SUHAREKË,"Aktivitetet profesionale, shkencore dhe teknike",1.8268674834649747,1.2684492,1.3024759,1.3251605,1.3591871
2027,5,SUHAREKË,"Aktivitetet profesionale, shkencore dhe teknike",0.2714642183933059,0.35357118,0.37387478,0.3874104,0.407714
2027,6,SUHAREKË,"Aktivitetet profesionale, shkencore dhe teknike",0.4308048493486266,0.6457415,0.67042756,0.686885,0.7115711
2027,7,SUHAREKË,"Aktivitetet profesionale, shkencore dhe teknike",1.0098010100721775,0.8844144,0.9126806,0.93152475,0.95979095
2027,8,SUHAREKË,"Aktivitetet profesionale, shkencore dhe teknike",0.2934090907308635,0.5172586,0.5400175,0.5551901,0.5779489
2027,9,SUHAREKË,"Aktivitetet profesionale, shkencore dhe teknike",0.8575630565951174,0.65579355,0.68063045,0.6971884,0.7220253
2027,10,SUHAREKË,"Aktivitetet profesionale, shkencore dhe teknike",0.2970080792009471,0.4286575,0.45008743,0.46437395,0.48580372
2027,11,SUHAREKË,"Aktivitetet profesionale, shkencore dhe teknike",0.7768640089992718,0.6091497,0.63328695,0.6493784,0.6735157
2027,12,SUHAREKË,"Aktivitetet profesionale, shkencore dhe teknike",0.08056766445302928,0.19745193,0.21541369,0.22738826,0.24535
2027,1,SUHAREKË,Arsimi,0.22945105345466899,0.31675905,0.33651042,0.34967804,0.36942947
2027,2,SUHAREKË,Arsimi,0.8564466477486596,0.8097227,0.8368685,0.8549657,0.88211155
2027,3,SUHAREKË,Arsimi,0.6547093714511396,0.91598064,0.94472027,0.96388006,0.99261975
2027,4,SUHAREKË,Arsimi,0.7995800387176603,1.1569899,1.1893449,1.2109149,1.2432697
2027,5,SUHAREKË,Arsimi,0.8720363772974832,1.1414598,1.1735818,1.1949964,1.2271183
2027,6,SUHAREKË,Arsimi,0.7095909609760583,0.7347937,0.7608155,0.77816343,0.8041854
2027,7,SUHAREKË,Arsimi,0.911161133196134,1.0918214,1.1231987,1.1441169,1.1754942
2027,8,SUHAREKË,Arsimi,0.8861800463944676,1.095759,1.1271954,1.1481528,1.1795893
2027,9,SUHAREKË,Arsimi,0.5736988875078232,0.63663566,0.66118515,0.6775515,0.702101
2027,10,SUHAREKË,Arsimi,0.750849203913724,0.8646573,0.8926271,0.9112737,0.93924356
2027,11,SUHAREKË,Arsimi,0.9862753856882648,1.065474,1.096456,1.1171107,1.148093
2027,12,SUHAREKË,Arsimi,-0.15936273409128976,-0.1652246,-0.15270299,-0.14435524,-0.13183361
2027,1,SUHAREKË,"Artet, Argetimi dhe rekreacioni",1.1328900365356256,1.05175,1.0825262,1.1030436,1.1338198
2027,2,SUHAREKË,"Artet, Argetimi dhe rekreacioni",2.0,2.0,2.045,2.0749998,2.12
2027,3,SUHAREKË,"Artet, Argetimi dhe rekreacioni",-0.3275563599122813,-0.34614286,-0.33633506,-0.3297965,-0.3199886
2027,4,SUHAREKË,"Artet, Argetimi dhe rekreacioni",0.0349296412992234,0.21548188,0.2337141,0.24586892,0.26410115
2027,5,SUHAREKË,"Artet, Argetimi dhe rekreacioni",2.0,2.0,2.045,2.0749998,2.12
2027,6,SUHAREKË,"Artet, Argetimi dhe rekreacioni",0.1470385704492605,0.11887029,0.13565326,0.146842,0.163625
2027,7,SUHAREKË,"Artet, Argetimi dhe rekreacioni",-0.6668641691848349,-0.73245543,-0.7284423,-0.72576684,-0.72175366
2027,8,SUHAREKË,"Artet, Argetimi dhe rekreacioni",-0.15227795433670854,-0.02058825,-0.0058971047,0.0038969517,0.018588185
2027,9,SUHAREKË,"Artet, Argetimi dhe rekreacioni",-0.036732057139345915,-0.02467556,-0.010045707,-0.00029248,0.01433742
2027,10,SUHAREKË,"Artet, Argetimi dhe rekreacioni",1.3419350431275647,1.542127,1.5802591,1.6056802,1.6438122
2027,11,SUHAREKË,"Artet, Argetimi dhe rekreacioni",0.3940352040351861,0.20388027,0.22193849,0.23397732,0.2520355
2027,12,SUHAREKË,"Artet, Argetimi dhe rekreacioni",0.20734969094538505,0.261656,0.28058088,0.2931974,0.31212223
2027,1,SUHAREKË,Bujqesia;Pylltaria dhe Peshkimi,0.1238557608007167,0.3591202,0.37950695,0.39309812,0.41348493
2027,2,SUHAREKË,Bujqesia;Pylltaria dhe Peshkimi,-0.36269007160203703,-0.21484108,-0.20306367,-0.19521213,-0.18343472
2027,3,SUHAREKË,Bujqesia;Pylltaria dhe Peshkimi,-0.2365683576748,-0.11413472,-0.10084677,-0.09198815,-0.078700125
2027,4,SUHAREKË,Bujqesia;Pylltaria dhe Peshkimi,-0.4586941987954508,-0.34532824,-0.33550817,-0.32896143,-0.3191414
2027,5,SUHAREKË,Bujqesia;Pylltaria dhe Peshkimi,-0.4448907871373211,-0.30564585,-0.2952305,-0.28828698,-0.27787167
2027,6,SUHAREKË,Bujqesia;Pylltaria dhe Peshkimi,-0.34469571794575593,-0.26289105,-0.25183445,-0.24446332,-0.23340672
2027,7,SUHAREKË,Bujqesia;Pylltaria dhe Peshkimi,-0.49665827438097004,-0.41537875,-0.40660942,-0.4007632,-0.39199394
2027,8,SUHAREKË,Bujqesia;Pylltaria dhe Peshkimi,-0.586470929044258,-0.44890055,-0.44063407,-0.4351231,-0.42685664
2027,9,SUHAREKË,Bujqesia;Pylltaria dhe Peshkimi,-0.450397688467897,-0.3141509,-0.30386323,-0.2970047,-0.286717
2027,10,SUHAREKË,Bujqesia;Pylltaria dhe Peshkimi,-0.6034599015835348,-0.48698446,-0.4792893,-0.47415912,-0.46646386
2027,11,SUHAREKË,Bujqesia;Pylltaria dhe Peshkimi,-0.5887903293675504,-0.33155504,-0.32152832,-0.3148439,-0.30481726
2027,12,SUHAREKË,Bujqesia;Pylltaria dhe Peshkimi,-0.20520954584696444,-0.09283432,-0.07922691,-0.07015526,-0.05654776
2027,2,SUHAREKË,"Furnizimi me rryme, gaz, avull dhe ajer te kondicionuar",0.22029838395060158,-0.38237676,-0.37311244,-0.3669362,-0.35767186
2027,3,SUHAREKË,"Furnizimi me rryme, gaz, avull dhe ajer te kondicionuar",0.2052636513363221,-0.23387428,-0.22238237,-0.21472114,-0.20322925
2027,4,SUHAREKË,"Furnizimi me rryme, gaz, avull dhe ajer te kondicionuar",-0.009657426453158919,-0.30217364,-0.2917062,-0.284728,-0.27426058
2027,5,SUHAREKË,"Furnizimi me rryme, gaz, avull dhe ajer te kondicionuar",-0.5691076332329259,-0.5044966,-0.49706405,-0.492109,-0.48467648
2027,6,SUHAREKË,"Furnizimi me rryme, gaz, avull dhe ajer te kondicionuar",-0.674155390540012,-0.90536815,-0.90394866,-0.9030024,-0.9015829
2027,7,SUHAREKË,"Furnizimi me rryme, gaz, avull dhe ajer te kondicionuar",0.8502301571719622,0.8156222,0.8428565,0.8610127,0.888247
2027,8,SUHAREKË,"Furnizimi me rryme, gaz, avull dhe ajer te kondicionuar",0.949187128416051,1.7572857,1.7986448,1.8262177,1.8675768
2027,9,SUHAREKË,"Furnizimi me rryme, gaz, avull dhe ajer te kondicionuar",0.9993847711186625,0.86217004,0.8901025,0.9087242,0.9366567
2027,10,SUHAREKË,"Furnizimi me rryme, gaz, avull dhe ajer te kondicionuar",0.38168205994959314,-0.07164082,-0.057715476,-0.048431873,-0.0345065
2027,11,SUHAREKË,"Furnizimi me rryme, gaz, avull dhe ajer te kondicionuar",0.8728393783065691,0.8689656,0.8970001,0.9156897,0.94372416
2027,12,SUHAREKË,"Furnizimi me rryme, gaz, avull dhe ajer te kondicionuar",1.239260093550492,1.39252,1.4284077,1.452333,1.4882207
2027,3,SUHAREKË,Furnizimi me uje; Kanalizimi; Aktivitetet e menaxhimit dhe te trajtimit te mbeturinave,0.5600706673120154,0.10345791,0.12000978,0.13104439,0.14759624
2027,6,SUHAREKË,Furnizimi me uje; Kanalizimi; Aktivitetet e menaxhimit dhe te trajtimit te mbeturinave,0.4507192318046186,0.023304857,0.038654327,0.048887372,0.064237
2027,9,SUHAREKË,Furnizimi me uje; Kanalizimi; Aktivitetet e menaxhimit dhe te trajtimit te mbeturinave,0.022785019146301193,-0.1637972,-0.15125418,-0.14289212,-0.1303491
2027,12,SUHAREKË,Furnizimi me uje; Kanalizimi; Aktivitetet e menaxhimit dhe te trajtimit te mbeturinave,-0.010507963712742168,-0.031601015,-0.017075062,-0.0073910356,0.0071349144
2027,1,SUHAREKË,Industria nxjerrese,0.660676203726727,0.68542683,0.71070826,0.7275624,0.75284386
2027,2,SUHAREKË,Industria nxjerrese,-0.4591676820433467,-0.27261522,-0.26170444,-0.2544306,-0.24351984
2027,3,SUHAREKË,Industria nxjerrese,-0.3756126840477632,-0.12513404,-0.112011075,-0.103262424,-0.09013945
2027,4,SUHAREKË,Industria nxjerrese,0.013846012460838265,-0.020907274,-0.006220877,0.0035699606,0.018256426
2027,5,SUHAREKË,Industria nxjerrese,-0.025147558980901694,0.032667994,0.04815805,0.058484674,0.07397473
2027,6,SUHAREKË,Industria nxjerrese,0.18087865340767736,0.18669045,0.20449078,0.21635771,0.23415804
2027,7,SUHAREKË,Industria nxjerrese,0.19073474053006365,0.2386673,0.2572472,0.2696339,0.28821385
2027,8,SUHAREKË,Industria nxjerrese,0.21928413788850026,0.17449684,0.19211435,0.20385933,0.22147667
2027,9,SUHAREKË,Industria nxjerrese,-0.00013837743272154641,0.07502883,0.09115422,0.10190451,0.11802983
2027,10,SUHAREKË,Industria nxjerrese,0.0023866163909690282,0.0528707,0.068663836,0.07919252,0.094985485
2027,11,SUHAREKË,Industria nxjerrese,0.20969593996377264,0.2870025,0.30630755,0.31917763,0.33848262
2027,12,SUHAREKË,Industria nxjerrese,0.5217779146397248,0.45816743,0.48003995,0.49462163,0.51649404
2027,1,SUHAREKË,Industria perpunuese,0.09450215471473306,0.3494409,0.36968255,0.38317692,0.40341854
2027,2,SUHAREKË,Industria perpunuese,0.08930705848350168,0.21213251,0.23031437,0.2424357,0.26061773
2027,3,SUHAREKË,Industria perpunuese,0.08091701718032493,0.24432105,0.26298594,0.27542913,0.29409385
2027,4,SUHAREKË,Industria perpunuese,0.08827407490378433,0.27941075,0.29860187,0.311396,0.33058715
2027,5,SUHAREKË,Industria perpunuese,0.08207562432348889,0.26286685,0.2818098,0.29443848,0.31338143
2027,6,SUHAREKË,Industria perpunuese,0.08207562432348889,0.26592246,0.28491127,0.29757047,0.3165593
2027,7,SUHAREKË,Industria perpunuese,0.08013752584171933,0.25964972,0.27854443,0.2911409,0.3100357
2027,8,SUHAREKË,Industria perpunuese,0.0861807733211842,0.28635833,0.3056537,0.31851733,0.33781266
2027,9,SUHAREKË,Industria perpunuese,0.07143254105031428,0.17637959,0.19402528,0.20578897,0.22343469
2027,10,SUHAREKË,Industria perpunuese,0.07217295071184435,0.17429549,0.19190979,0.20365274,0.22126722
2027,11,SUHAREKË,Industria perpunuese,0.06937829870578086,0.18034035,0.19804537,0.20984876,0.22755384
2027,12,SUHAREKË,Industria perpunuese,0.06789328706416138,0.20360455,0.22165859,0.23369467,0.25174868
2027,1,SUHAREKË,Informimi dhe komunikimi,0.9466033428474975,0.45070657,0.47246718,0.48697424,0.5087348
2027,2,SUHAREKË,Informimi dhe komunikimi,1.053981601998723,0.7622012,0.7886342,0.8062562,0.83268917
2027,3,SUHAREKË,Informimi dhe komunikimi,0.19886430152239962,0.27844042,0.29761708,0.31040144,0.32957804
2027,4,SUHAREKË,Informimi dhe komunikimi,0.6730222837085384,0.6559462,0.6807854,0.6973449,0.72218406
2027,5,SUHAREKË,Informimi dhe komunikimi,0.40999949180121703,0.41335866,0.4345591,0.44869268,0.46989298
2027,6,SUHAREKË,Informimi dhe komunikimi,0.4990012654206316,0.6136536,0.6378584,0.6539949,0.67819977
2027,7,SUHAREKË,Informimi dhe komunikimi,0.4963194516445195,0.669058,0.69409394,0.71078455,0.7358203
2027,8,SUHAREKË,Informimi dhe komunikimi,1.2202222616717264,1.2841935,1.3184564,1.3412983,1.3755612
2027,9,SUHAREKË,Informimi dhe komunikimi,0.4593347403878364,0.56343335,0.58688486,0.60251915,0.6259707
2027,10,SUHAREKË,Informimi dhe komunikimi,1.1241191319551116,0.88502526,0.91330063,0.93215084,0.9604262
2027,11,SUHAREKË,Informimi dhe komunikimi,0.0195946727972964,0.1742102,0.19182336,0.20356536,0.22117853
2027,12,SUHAREKË,Informimi dhe komunikimi,0.13455730560209242,0.29026756,0.30962157,0.3225242,0.3418783
2027,12,SUHAREKË,Mungon aktiviteti,-0.7301381672883436,-0.72508603,-0.7209623,-0.7182132,-0.7140895
2027,1,SUHAREKË,Ndertimtaria,0.09312707224023153,0.35102984,0.37129533,0.38480556,0.40507102
2027,2,SUHAREKË,Ndertimtaria,0.08260303977890675,0.24706785,0.26577377,0.2782445,0.29695046
2027,3,SUHAREKË,Ndertimtaria,0.07067714565917355,0.22120894,0.23952699,0.25173914,0.2700572
2027,4,SUHAREKË,Ndertimtaria,0.06723222324222118,0.13446413,0.15148103,0.1628257,0.17984271
2027,5,SUHAREKË,Ndertimtaria,0.06912157816275476,0.21674518,0.23499632,0.24716377,0.26541495
2027,6,SUHAREKË,Ndertimtaria,0.06937829870578086,0.19687726,0.2148304,0.22679913,0.24475229
2027,7,SUHAREKË,Ndertimtaria,0.06937829870578086,0.20960295,0.22774696,0.23984301,0.25798702
2027,8,SUHAREKË,Ndertimtaria,0.06912157816275476,0.21595237,0.23419166,0.24635112,0.2645905
2027,9,SUHAREKË,Ndertimtaria,0.06723222324222118,0.17207822,0.18965936,0.20138013,0.21896136
2027,10,SUHAREKË,Ndertimtaria,0.06723222324222118,0.16339408,0.18084502,0.1924789,0.20992982
2027,11,SUHAREKË,Ndertimtaria,0.06789328706416138,0.15849775,0.1758753,0.18746018,0.20483768
2027,12,SUHAREKË,Ndertimtaria,0.06557725633557603,0.13568228,0.15271759,0.16407442,0.18110955
2027,1,SUHAREKË,Person Fizik,-0.6998888042017685,-0.5581759,-0.5515486,-0.54713035,-0.54050297
2027,2,SUHAREKË,Person Fizik,-0.7078309591001567,-0.47686982,-0.46902287,-0.4637916,-0.45594466
2027,3,SUHAREKË,Person Fizik,-0.05236177271062859,-0.16384183,-0.15129948,-0.1429379,-0.13039553
2027,4,SUHAREKË,Person Fizik,2.0,2.0,2.045,2.0749998,2.12
2027,5,SUHAREKË,Person Fizik,2.0,2.0,2.045,2.0749998,2.12
2027,6,SUHAREKË,Person Fizik,2.0,2.0,2.045,2.0749998,2.12
2027,7,SUHAREKË,Person Fizik,2.0,2.0,2.045,2.0749998,2.12
2027,8,SUHAREKË,Person Fizik,2.0,2.0,2.045,2.0749998,2.12
2027,9,SUHAREKË,Person Fizik,2.0,2.0,2.045,2.0749998,2.12
2027,10,SUHAREKË,Person Fizik,-0.16591642852439697,0.060970902,0.07688546,0.08749521,0.10340965
2027,11,SUHAREKË,Person Fizik,1.0871982677891672,0.23824994,0.25682366,0.26920617,0.2877798
2027,12,SUHAREKË,Person Fizik,-0.41956408884795743,-0.2668312,-0.25583363,-0.24850196,-0.23750442
2027,1,SUHAREKË,Sherbimet administrative dhe mbeshtetese,1.3939481383072945,1.3581893,1.3935621,1.4171441,1.4525168
2027,2,SUHAREKË,Sherbimet administrative dhe mbeshtetese,0.246764516460233,0.31780836,0.33757555,0.35075355,0.3705207
2027,3,SUHAREKË,Sherbimet administrative dhe mbeshtetese,0.13724789975753443,0.20537601,0.22345662,0.23551035,0.25359106
2027,4,SUHAREKË,Sherbimet administrative dhe mbeshtetese,0.3463087555014716,0.371439,0.39201057,0.40572488,0.42629647
2027,5,SUHAREKË,Sherbimet administrative dhe mbeshtetese,0.2983888920137179,0.30172774,0.32125366,0.33427095,0.35379684
2027,6,SUHAREKË,Sherbimet administrative dhe mbeshtetese,0.6392047715579449,0.6344909,0.65900826,0.67535317,0.6998706
2027,7,SUHAREKË,Sherbimet administrative dhe mbeshtetese,0.5744176925208201,0.64402384,0.66868424,0.6851244,0.70978475
2027,8,SUHAREKË,Sherbimet administrative dhe mbeshtetese,1.1902581496859912,1.2395866,1.2731802,1.2955761,1.32917
2027,9,SUHAREKË,Sherbimet administrative dhe mbeshtetese,0.14868756665455712,0.25632185,0.27516675,0.28772998,0.3065747
2027,10,SUHAREKË,Sherbimet administrative dhe mbeshtetese,0.27540087393919116,0.17913751,0.19682455,0.2086159,0.22630298
2027,11,SUHAREKË,Sherbimet administrative dhe mbeshtetese,0.12346812382719165,0.07860693,0.09478605,0.105572104,0.12175119
2027,12,SUHAREKË,Sherbimet administrative dhe mbeshtetese,0.026623652946061758,0.2399129,0.25851154,0.27091062,0.2895093
2027,1,SUHAREKË,Transporti dhe magazinimi,0.23464308997749128,0.19898474,0.21696949,0.22895932,0.24694407
2027,2,SUHAREKË,Transporti dhe magazinimi,0.07423579316359157,0.10343231,0.11998379,0.13101804,0.14756954
2027,3,SUHAREKË,Transporti dhe magazinimi,0.023857908348554828,0.08344968,0.099701405,0.11053598,0.12678766
2027,4,SUHAREKË,Transporti dhe magazinimi,0.049125902939879215,0.0611385,0.07705557,0.08766699,0.10358405
2027,5,SUHAREKË,Transporti dhe magazinimi,0.07286652509745607,0.049269892,0.065009,0.07550168,0.091240644
2027,6,SUHAREKË,Transporti dhe magazinimi,0.06840060379527933,0.09935008,0.115840316,0.1268338,0.14332402
2027,7,SUHAREKË,Transporti dhe magazinimi,0.07419250408301008,0.10183011,0.11835754,0.12937582,0.14590323
2027,8,SUHAREKË,Transporti dhe magazinimi,0.08135625397032958,0.0613215,0.0772413,0.087854505,0.10377431
2027,9,SUHAREKË,Transporti dhe magazinimi,0.10932826880641416,0.35385373,0.37416148,0.38769996,0.40800774
2027,10,SUHAREKË,Transporti dhe magazinimi,0.09934614224776014,0.15028422,0.1675384,0.17904127,0.1962955
2027,11,SUHAREKË,Transporti dhe magazinimi,0.11281948941496557,0.36402917,0.38448954,0.39812982,0.4185903
2027,12,SUHAREKË,Transporti dhe magazinimi,0.027555267843454214,0.1216784,0.13850355,0.14972031,0.16654539
2027,1,SUHAREKË,Tregtia me shumice dhe pakice; Riparimi i mjeteve motorike dhe motoeikletave,0.07098846413584058,0.13765351,0.15471828,0.16609478,0.18315959
2027,2,SUHAREKË,Tregtia me shumice dhe pakice; Riparimi i mjeteve motorike dhe motoeikletave,0.06789328706416138,0.1143382,0.13105321,0.14219654,0.15891159
2027,3,SUHAREKË,Tregtia me shumice dhe pakice; Riparimi i mjeteve motorike dhe motoeikletave,0.06789328706416138,0.11846253,0.13523948,0.14642406,0.16320097
2027,4,SUHAREKË,Tregtia me shumice dhe pakice; Riparimi i mjeteve motorike dhe motoeikletave,0.06789328706416138,0.10063563,0.11714518,0.12815154,0.14466107
2027,5,SUHAREKË,Tregtia me shumice dhe pakice; Riparimi i mjeteve motorike dhe motoeikletave,0.06789328706416138,0.11080036,0.12746239,0.13857043,0.15523231
2027,6,SUHAREKË,Tregtia me shumice dhe pakice; Riparimi i mjeteve motorike dhe motoeikletave,0.06789328706416138,0.11385595,0.13056374,0.1417023,0.15841019
2027,7,SUHAREKË,Tregtia me shumice dhe pakice; Riparimi i mjeteve motorike dhe motoeikletave,0.06789328706416138,0.10758322,0.12419689,0.13527274,0.15188646
2027,8,SUHAREKË,Tregtia me shumice dhe pakice; Riparimi i mjeteve motorike dhe motoeikletave,0.06789328706416138,0.10758322,0.12419689,0.13527274,0.15188646
2027,9,SUHAREKË,Tregtia me shumice dhe pakice; Riparimi i mjeteve motorike dhe motoeikletave,0.06789328706416138,0.108156815,0.124779105,0.13586068,0.15248299
2027,10,SUHAREKË,Tregtia me shumice dhe pakice; Riparimi i mjeteve motorike dhe motoeikletave,0.06789328706416138,0.10729912,0.12390852,0.13498151,0.15159106
2027,11,SUHAREKË,Tregtia me shumice dhe pakice; Riparimi i mjeteve motorike dhe motoeikletave,0.06789328706416138,0.11334399,0.1300441,0.14117754,0.15787768
2027,12,SUHAREKË,Tregtia me shumice dhe pakice; Riparimi i mjeteve motorike dhe motoeikletave,0.06789328706416138,0.16320507,0.1806531,0.19228518,0.20973313
2027,3,VITI,Administrimi publik dhe mbrojtja; Sigurimi social i detyrueshem,-0.8395746184531797,-0.7788858,-0.7755691,-0.7733579,-0.7700412
2027,6,VITI,Administrimi publik dhe mbrojtja; Sigurimi social i detyrueshem,-0.9015240719266836,-0.88405704,-0.8823179,-0.8811585,-0.8794193
2027,9,VITI,Administrimi publik dhe mbrojtja; Sigurimi social i detyrueshem,-0.8338212534002473,-0.8585712,-0.8564497,-0.8550354,-0.85291404
2027,12,VITI,Administrimi publik dhe mbrojtja; Sigurimi social i detyrueshem,-0.917381388678275,-0.69672763,-0.69217855,-0.6891458,-0.6845968
2027,1,VITI,Akomodimi dhe sherbimi ushqimor,0.6278639800409708,0.39184424,0.41272187,0.4266404,0.447518
2027,2,VITI,Akomodimi dhe sherbimi ushqimor,0.6930363646789721,0.75420904,0.7805221,0.79806423,0.8243773
2027,3,VITI,Akomodimi dhe sherbimi ushqimor,0.05201817958887146,0.008960517,0.02409482,0.034184456,0.04931891
2027,4,VITI,Akomodimi dhe sherbimi ushqimor,1.611480708329402,1.3640445,1.3995054,1.4231458,1.4586065
2027,5,VITI,Akomodimi dhe sherbimi ushqimor,0.6787625352071296,0.61134374,0.6355139,0.6516273,0.67579746
2027,6,VITI,Akomodimi dhe sherbimi ushqimor,-0.0024338914927453186,-0.024380507,-0.0097462535,1.001358e-05,0.014644265
2027,7,VITI,Akomodimi dhe sherbimi ushqimor,-0.02085013138555273,0.0041861758,0.019248962,0.029290795,0.044353604
2027,8,VITI,Akomodimi dhe sherbimi ushqimor,-0.14613170769098854,-0.048002828,-0.033722878,-0.024202943,-0.009922981
2027,9,VITI,Akomodimi dhe sherbimi ushqimor,0.036645101018682576,0.022211308,0.03754449,0.047766566,0.06309974
2027,10,VITI,Akomodimi dhe sherbimi ushqimor,1.7048851796760098,1.679901,1.7200997,1.7468987,1.787097
2027,11,VITI,Akomodimi dhe sherbimi ushqimor,0.8834309097879866,0.7374503,0.76351213,0.78088653,0.8069483
2027,12,VITI,Akomodimi dhe sherbimi ushqimor,0.04428145918791035,0.14935163,0.16659188,0.17808533,0.19532561
2027,9,VITI,Aktivitetet e patundshmerise,1.2113648677001696,0.9237103,0.952566,0.97180307,1.0006588
2027,10,VITI,Aktivitetet e patundshmerise,1.1460104315857265,0.1453807,0.16256142,0.17401528,0.19119596
2027,11,VITI,Aktivitetet e patundshmerise,1.4226134256000562,2.0,2.045,2.0749998,2.12
2027,12,VITI,Aktivitetet e patundshmerise,1.679455619487684,2.0,2.045,2.0749998,2.12
2027,1,VITI,Aktivitetet e shendetit te njeriut dhe te punes sociale,0.32130216017758517,0.1400376,0.15713811,0.16853845,0.18563902
2027,2,VITI,Aktivitetet e shendetit te njeriut dhe te punes sociale,0.5600415598798907,0.27094674,0.29001093,0.30272043,0.32178462
2027,3,VITI,Aktivitetet e shendetit te njeriut dhe te punes sociale,0.24029264648533163,0.2537655,0.27257192,0.28510952,0.30391598
2027,4,VITI,Aktivitetet e shendetit te njeriut dhe te punes sociale,-0.14089007819263646,-0.11594981,-0.10268909,-0.093848586,-0.080587864
2027,5,VITI,Aktivitetet e shendetit te njeriut dhe te punes sociale,-0.03278706668386838,6.482334e-05,0.015065789,0.025066495,0.040067434
2027,6,VITI,Aktivitetet e shendetit te njeriut dhe te punes sociale,0.666449891811241,0.5402418,0.5633453,0.57874775,0.60185134
2027,7,VITI,Aktivitetet e shendetit te njeriut dhe te punes sociale,0.7583364130410746,0.59326243,0.6171614,0.63309395,0.6569929
2027,8,VITI,Aktivitetet e shendetit te njeriut dhe te punes sociale,0.2490646532197215,0.09992163,0.11642039,0.12741959,0.1439184
2027,9,VITI,Aktivitetet e shendetit te njeriut dhe te punes sociale,-0.15759521671978832,-0.10815717,-0.09477955,-0.08586109,-0.07248348
2027,10,VITI,Aktivitetet e shendetit te njeriut dhe te punes sociale,0.05452852410134607,-0.039883174,-0.025481462,-0.015880287,-0.0014785528
2027,11,VITI,Aktivitetet e shendetit te njeriut dhe te punes sociale,0.6158596459643426,0.49415857,0.5165708,0.5315124,0.5539248
2027,12,VITI,Aktivitetet e shendetit te njeriut dhe te punes sociale,0.3051301487109275,0.40975794,0.43090427,0.44500184,0.46614826
2027,1,VITI,Aktivitetet e tjera sherbyese,0.13105205260639874,-0.16892903,-0.15646297,-0.14815229,-0.13568622
2027,2,VITI,Aktivitetet e tjera sherbyese,0.0762788987758368,-0.11252539,-0.0992133,-0.09033859,-0.07702643
2027,3,VITI,Aktivitetet e tjera sherbyese,0.13362500354899165,0.14655825,0.16375661,0.17522216,0.1924206
2027,4,VITI,Aktivitetet e tjera sherbyese,0.8622873808020254,0.73550314,0.76153576,0.7788907,0.8049233
2027,5,VITI,Aktivitetet e tjera sherbyese,0.4798569179881275,0.33507136,0.3550974,0.36844802,0.3884741
2027,6,VITI,Aktivitetet e tjera sherbyese,0.07351547543355642,0.018808514,0.03409064,0.04427862,0.059560776
2027,7,VITI,Aktivitetet e tjera sherbyese,0.43536641844765656,0.50298524,0.52553,0.5405599,0.5631046
2027,8,VITI,Aktivitetet e tjera sherbyese,-0.23705125585184736,-0.20801422,-0.19613445,-0.1882146,-0.17633486
2027,9,VITI,Aktivitetet e tjera sherbyese,-0.04435562973751848,-0.11230635,-0.09899098,-0.09011406,-0.07679862
2027,10,VITI,Aktivitetet e tjera sherbyese,0.44333697711452713,0.40187192,0.42289996,0.43691874,0.45794678
2027,11,VITI,Aktivitetet e tjera sherbyese,0.5585305053912709,0.5267869,0.5496887,0.56495655,0.5878583
2027,12,VITI,Aktivitetet e tjera sherbyese,0.016140645320463765,0.16347532,0.1809274,0.1925621,0.21001422
2027,1,VITI,Aktivitetet financiare dhe te sigurimit,1.695368897924281,1.9673606,2.0118709,2.0415444,2.0860548
2027,2,VITI,Aktivitetet financiare dhe te sigurimit,1.6789604802675833,1.6562529,1.6960967,1.7226591,1.7625029
2027,3,VITI,Aktivitetet financiare dhe te sigurimit,0.5316308388051755,0.26411852,0.28308034,0.29572153,0.3146832
2027,4,VITI,Aktivitetet financiare dhe te sigurimit,1.2718549936512973,1.3753575,1.4109879,1.4347415,1.4703717
2027,5,VITI,Aktivitetet financiare dhe te sigurimit,1.8063835312989882,2.0,2.045,2.0749998,2.12
2027,6,VITI,Aktivitetet financiare dhe te sigurimit,0.4556870896395975,0.4123357,0.43352067,0.447644,0.46882904
2027,7,VITI,Aktivitetet financiare dhe te sigurimit,1.5217325308173715,1.8897856,1.9331324,1.9620304,2.005377
2027,8,VITI,Aktivitetet financiare dhe te sigurimit,2.0,2.0,2.045,2.0749998,2.12
2027,9,VITI,Aktivitetet financiare dhe te sigurimit,2.0,2.0,2.045,2.0749998,2.12
2027,10,VITI,Aktivitetet financiare dhe te sigurimit,1.9220183238083337,1.5217388,1.5595648,1.5847821,1.6226082
2027,11,VITI,Aktivitetet financiare dhe te sigurimit,1.9124446166815876,1.9721894,2.0167723,2.046494,2.0910769
2027,12,VITI,Aktivitetet financiare dhe te sigurimit,-0.6023496963470689,-0.17069626,-0.15825671,-0.14996368,-0.13752413
2027,1,VITI,"Aktivitetet profesionale, shkencore dhe teknike",0.7229197953966371,0.28618264,0.30547535,0.3183372,0.3376299
2027,2,VITI,"Aktivitetet profesionale, shkencore dhe teknike",0.07936502207670316,0.101279296,0.11779845,0.12881124,0.14533043
2027,3,VITI,"Aktivitetet profesionale, shkencore dhe teknike",0.023446278087202895,-0.04904652,-0.03478223,-0.025272727,-0.011008441
2027,4,VITI,"Aktivitetet profesionale, shkencore dhe teknike",-0.2747041336026309,-0.16014487,-0.14754707,-0.13914853,-0.12655067
2027,5,VITI,"Aktivitetet profesionale, shkencore dhe teknike",0.10047018495111232,0.26476252,0.28373396,0.2963816,0.31535292
2027,6,VITI,"Aktivitetet profesionale, shkencore dhe teknike",0.31666264876516,0.24153571,0.26015866,0.27257407,0.29119706
2027,7,VITI,"Aktivitetet profesionale, shkencore dhe teknike",0.5904935186987949,0.62316257,0.64750993,0.6637416,0.6880889
2027,8,VITI,"Aktivitetet profesionale, shkencore dhe teknike",1.6279669303048032,1.398386,1.4343617,1.4583457,1.4943213
2027,9,VITI,"Aktivitetet profesionale, shkencore dhe teknike",1.3514076197706366,1.0870777,1.1183836,1.1392546,1.1705606
2027,10,VITI,"Aktivitetet profesionale, shkencore dhe teknike",1.149893706984581,1.0168822,1.0471354,1.0673041,1.0975573
2027,11,VITI,"Aktivitetet profesionale, shkencore dhe teknike",1.0228843311227267,0.8999728,0.9284724,0.9474721,0.9759716
2027,12,VITI,"Aktivitetet profesionale, shkencore dhe teknike",0.0630429175595325,0.1561558,0.17349815,0.18505967,0.202402
2027,1,VITI,Arsimi,0.2777931572828656,0.099991865,0.116491795,0.12749171,0.14399159
2027,2,VITI,Arsimi,-0.15105095214828054,-0.3422666,-0.33240056,-0.32582325,-0.31595725
2027,3,VITI,Arsimi,0.2063367234751711,0.20844355,0.22657013,0.23865461,0.25678122
2027,4,VITI,Arsimi,0.28211430980402313,0.27735958,0.29652,0.3092935,0.3284539
2027,5,VITI,Arsimi,-0.20337317136054975,-0.10679307,-0.093394935,-0.08446288,-0.07106483
2027,6,VITI,Arsimi,0.5588819468139231,0.55350196,0.5768045,0.5923395,0.61564195
2027,7,VITI,Arsimi,0.21093520390458564,0.28920624,0.3085444,0.3214364,0.34077442
2027,8,VITI,Arsimi,0.22093123855304597,0.2724011,0.2914871,0.30421114,0.32329714
2027,9,VITI,Arsimi,0.4576971906408491,0.31889322,0.33867657,0.35186553,0.3716489
2027,10,VITI,Arsimi,0.24041023668920783,0.35838556,0.3787613,0.3923452,0.41272092
2027,11,VITI,Arsimi,0.6029249396495487,0.3842608,0.40502465,0.41886723,0.4396311
2027,12,VITI,Arsimi,-0.0439048557375397,0.14450487,0.16167247,0.17311752,0.19028509
2027,1,VITI,"Artet, Argetimi dhe rekreacioni",0.8900167095937771,-0.048367556,-0.034093082,-0.024576783,-0.010302305
2027,2,VITI,"Artet, Argetimi dhe rekreacioni",0.37868792878977187,0.052020967,0.06780136,0.078321576,0.09410179
2027,3,VITI,"Artet, Argetimi dhe rekreacioni",0.8926628733438768,0.6822826,0.7075169,0.7243397,0.74957395
2027,4,VITI,"Artet, Argetimi dhe rekreacioni",-0.3705635293715029,-0.37417334,-0.36478597,-0.35852772,-0.3491403
2027,5,VITI,"Artet, Argetimi dhe rekreacioni",-0.13169585745045478,-0.2557375,-0.2445736,-0.237131,-0.22596705
2027,6,VITI,"Artet, Argetimi dhe rekreacioni",0.09326105150997414,0.11139584,0.12806678,0.13918066,0.1558516
2027,7,VITI,"Artet, Argetimi dhe rekreacioni",0.8288022634071334,0.63090265,0.6553662,0.6716752,0.69613874
2027,8,VITI,"Artet, Argetimi dhe rekreacioni",0.001768232741092608,0.014827735,0.030050159,0.040198445,0.055420756
2027,9,VITI,"Artet, Argetimi dhe rekreacioni",-0.22296696821056752,-0.14735705,-0.13456744,-0.126041,-0.11325139
2027,10,VITI,"Artet, Argetimi dhe rekreacioni",-0.013240965137713868,-0.25945997,-0.24835187,-0.24094647,-0.22983837
2027,11,VITI,"Artet, Argetimi dhe rekreacioni",0.3802671521071513,0.11669222,0.13344252,0.14460945,0.16135979
2027,12,VITI,"Artet, Argetimi dhe rekreacioni",1.0532194955226912,0.8146337,0.84185326,0.85999954,0.88721895
2027,1,VITI,Bujqesia;Pylltaria dhe Peshkimi,1.1170930993219947,0.9084969,0.93712425,0.9562092,0.9848367
2027,2,VITI,Bujqesia;Pylltaria dhe Peshkimi,2.0,2.0,2.045,2.0749998,2.12
2027,3,VITI,Bujqesia;Pylltaria dhe Peshkimi,0.30747930333001006,0.24126154,0.25988042,0.27229297,0.2909119
2027,4,VITI,Bujqesia;Pylltaria dhe Peshkimi,2.0,2.0,2.045,2.0749998,2.12
2027,5,VITI,Bujqesia;Pylltaria dhe Peshkimi,2.0,2.0,2.045,2.0749998,2.12
2027,6,VITI,Bujqesia;Pylltaria dhe Peshkimi,0.6120385779341574,0.73653,0.762578,0.7799432,0.8059912
2027,7,VITI,Bujqesia;Pylltaria dhe Peshkimi,2.0,2.0,2.045,2.0749998,2.12
2027,9,VITI,Bujqesia;Pylltaria dhe Peshkimi,0.5400471449213228,0.66489136,0.68986475,0.70651364,0.7314869
2027,12,VITI,Bujqesia;Pylltaria dhe Peshkimi,0.6843054216045433,1.0466402,1.0773396,1.0978062,1.1285057
2027,1,VITI,"Furnizimi me rryme, gaz, avull dhe ajer te kondicionuar",-0.6773200857442319,-0.8807976,-0.8790096,-0.8778176,-0.87602955
2027,2,VITI,"Furnizimi me rryme, gaz, avull dhe ajer te kondicionuar",-0.4787274620970058,-0.55730957,-0.5506692,-0.54624236,-0.539602
2027,3,VITI,"Furnizimi me rryme, gaz, avull dhe ajer te kondicionuar",0.3338913031096844,0.2725298,0.29161775,0.3043431,0.32343102
2027,4,VITI,"Furnizimi me rryme, gaz, avull dhe ajer te kondicionuar",0.1782607116226641,-0.042851746,-0.028494537,-0.018923044,-0.004565835
2027,5,VITI,"Furnizimi me rryme, gaz, avull dhe ajer te kondicionuar",0.38535024767774817,0.3700547,0.39060557,0.40430605,0.4248569
2027,6,VITI,"Furnizimi me rryme, gaz, avull dhe ajer te kondicionuar",0.17550553432165167,0.08957826,0.10592198,0.11681771,0.1331613
2027,7,VITI,"Furnizimi me rryme, gaz, avull dhe ajer te kondicionuar",1.5222850800535852,1.3875734,1.4233868,1.4472625,1.4830761
2027,8,VITI,"Furnizimi me rryme, gaz, avull dhe ajer te kondicionuar",2.0,2.0,2.045,2.0749998,2.12
2027,9,VITI,"Furnizimi me rryme, gaz, avull dhe ajer te kondicionuar",2.0,2.0,2.045,2.0749998,2.12
2027,10,VITI,"Furnizimi me rryme, gaz, avull dhe ajer te kondicionuar",0.9439773213460645,0.5314372,0.55440867,0.569723,0.59269464
2027,11,VITI,"Furnizimi me rryme, gaz, avull dhe ajer te kondicionuar",0.13759594932963456,-0.22556785,-0.21395135,-0.20620704,-0.19459057
2027,12,VITI,"Furnizimi me rryme, gaz, avull dhe ajer te kondicionuar",1.918739608736856,2.0,2.045,2.0749998,2.12
2027,1,VITI,Furnizimi me uje; Kanalizimi; Aktivitetet e menaxhimit dhe te trajtimit te mbeturinave,2.0,1.9264338,1.9703302,1.9995947,2.0434911
2027,3,VITI,Furnizimi me uje; Kanalizimi; Aktivitetet e menaxhimit dhe te trajtimit te mbeturinave,2.0,2.0,2.045,2.0749998,2.12
2027,4,VITI,Furnizimi me uje; Kanalizimi; Aktivitetet e menaxhimit dhe te trajtimit te mbeturinave,-0.6251487182726746,-0.57294667,-0.56654084,-0.56227034,-0.5558646
2027,6,VITI,Furnizimi me uje; Kanalizimi; Aktivitetet e menaxhimit dhe te trajtimit te mbeturinave,2.0,2.0,2.045,2.0749998,2.12
2027,9,VITI,Furnizimi me uje; Kanalizimi; Aktivitetet e menaxhimit dhe te trajtimit te mbeturinave,0.04330220291974469,0.03997973,0.055579424,0.06597912,0.08157885
2027,10,VITI,Furnizimi me uje; Kanalizimi; Aktivitetet e menaxhimit dhe te trajtimit te mbeturinave,-0.32706550024677633,-0.19958511,-0.18757886,-0.17957473,-0.1675685
2027,12,VITI,Furnizimi me uje; Kanalizimi; Aktivitetet e menaxhimit dhe te trajtimit te mbeturinave,-0.34944576599906585,-0.15006329,-0.13731426,-0.12881488,-0.11606586
2027,1,VITI,Industria nxjerrese,1.2740133237881957,0.63563734,0.66017187,0.6765282,0.7010627
2027,2,VITI,Industria nxjerrese,-0.4352420895811962,-0.27931207,-0.26850176,-0.2612949,-0.2504846
2027,3,VITI,Industria nxjerrese,-0.45975741536320147,-0.23508659,-0.22361284,-0.21596372,-0.20449007
2027,4,VITI,Industria nxjerrese,-0.17995247247801763,-0.14494188,-0.13211602,-0.123565435,-0.11073959
2027,5,VITI,Industria nxjerrese,-0.037186782453492724,-0.028728373,-0.014159322,-0.0044466257,0.010122418
2027,6,VITI,Industria nxjerrese,0.09729188284301925,0.09457741,0.11099613,0.121941805,0.1383605
2027,7,VITI,Industria nxjerrese,0.03726249271318693,0.07070587,0.08676648,0.0974735,0.11353409
2027,8,VITI,Industria nxjerrese,0.10540782575238918,0.075624265,0.09175861,0.10251486,0.118649125
2027,9,VITI,Industria nxjerrese,0.2079607964985928,0.21140638,0.22957742,0.24169147,0.25986254
2027,10,VITI,Industria nxjerrese,0.028921820171948744,0.009972858,0.025122404,0.035222054,0.050371647
2027,11,VITI,Industria nxjerrese,0.06964738927849465,0.01606762,0.03130865,0.041469336,0.056710243
2027,12,VITI,Industria nxjerrese,0.19064726463507553,0.20256576,0.2206043,0.2326299,0.2506684
2027,1,VITI,Industria perpunuese,0.07416225802719516,0.13421336,0.15122652,0.16256869,0.17958176
2027,2,VITI,Industria perpunuese,0.06937829870578086,0.123703,0.14055848,0.1517955,0.1686511
2027,3,VITI,Industria perpunuese,0.06723222324222118,0.10960289,0.12624693,0.13734293,0.15398705
2027,4,VITI,Industria perpunuese,0.06789328706416138,0.097592585,0.11405647,0.12503242,0.1414963
2027,5,VITI,Industria perpunuese,0.06789328706416138,0.106316015,0.12291074,0.13397384,0.1505686
2027,6,VITI,Industria perpunuese,0.06828689348876345,0.13229841,0.14928293,0.1606059,0.17759037
2027,7,VITI,Industria perpunuese,0.06789328706416138,0.105246924,0.121825576,0.13287807,0.14945674
2027,8,VITI,Industria perpunuese,0.06789328706416138,0.10894745,0.12558162,0.13667107,0.15330529
2027,9,VITI,Industria perpunuese,0.06789328706416138,0.109039865,0.12567544,0.13676584,0.1534015
2027,10,VITI,Industria perpunuese,0.06789328706416138,0.09991507,0.11641371,0.12741292,0.1439116
2027,11,VITI,Industria perpunuese,0.06789328706416138,0.10995713,0.12660646,0.13770604,0.15435529
2027,12,VITI,Industria perpunuese,0.06789328706416138,0.17425555,0.19186938,0.20361197,0.22122574
2027,1,VITI,Informimi dhe komunikimi,0.2888755321190857,0.053453468,0.06925523,0.07978976,0.095591545
2027,2,VITI,Informimi dhe komunikimi,0.38260657429056866,0.16937722,0.1869179,0.19861162,0.21615231
2027,3,VITI,Informimi dhe komunikimi,0.08183498700668237,0.13854665,0.15562487,0.1670103,0.18408859
2027,4,VITI,Informimi dhe komunikimi,0.3273677400969346,0.29579028,0.31522715,0.32818508,0.34762192
2027,5,VITI,Informimi dhe komunikimi,0.3843670212790521,0.46252632,0.48446417,0.49908948,0.5210273
2027,6,VITI,Informimi dhe komunikimi,0.1218780948842992,0.20054215,0.21855032,0.23055577,0.24856389
2027,7,VITI,Informimi dhe komunikimi,0.5130693313690398,0.5094842,0.5321264,0.5472212,0.56986344
2027,8,VITI,Informimi dhe komunikimi,0.5533318898722741,0.5489956,0.5722306,0.5877205,0.61095536
2027,9,VITI,Informimi dhe komunikimi,0.14339087658994196,0.17541039,0.19304156,0.2047956,0.22242677
2027,10,VITI,Informimi dhe komunikimi,0.547563634567506,0.55561227,0.5789465,0.59450257,0.6178367
2027,11,VITI,Informimi dhe komunikimi,0.7037191856347033,0.74053985,0.7666478,0.7840532,0.81016135
2027,12,VITI,Informimi dhe komunikimi,0.1707912060946154,0.19199838,0.20987833,0.2217983,0.23967826
2027,12,VITI,Mungon aktiviteti,-0.771570071567476,-0.5739476,-0.56755686,-0.5632963,-0.5569055
2027,1,VITI,Ndertimtaria,1.0375465448219332,0.8568007,0.8846526,0.90322065,0.9310726
2027,2,VITI,Ndertimtaria,0.3427882777713483,0.36620802,0.38670123,0.4003632,0.42085636
2027,3,VITI,Ndertimtaria,0.0711439579968726,0.18161748,0.19934177,0.21115792,0.2288822
2027,4,VITI,Ndertimtaria,0.5505795444192066,0.4929806,0.51537526,0.530305,0.5526998
2027,5,VITI,Ndertimtaria,-0.08444686458048871,-0.013183166,0.0016191006,0.011487246,0.026289463
2027,6,VITI,Ndertimtaria,0.11539010523930926,0.11981899,0.13661635,0.14781451,0.16461182
2027,7,VITI,Ndertimtaria,-0.06969581225380465,0.016577154,0.03182578,0.041991472,0.05724013
2027,8,VITI,Ndertimtaria,0.12308676568292791,0.12467814,0.14154828,0.15279508,0.16966522
2027,9,VITI,Ndertimtaria,0.12444945281993613,0.1730961,0.19069254,0.20242345,0.22001982
2027,10,VITI,Ndertimtaria,0.20161391826047242,0.19446065,0.21237755,0.22432208,0.242239
2027,11,VITI,Ndertimtaria,0.05371477388498892,-0.003555411,0.011391282,0.021355629,0.036302328
2027,12,VITI,Ndertimtaria,0.005121598964712937,0.12676984,0.14367127,0.15493906,0.17184055
2027,1,VITI,Person Fizik,0.9609840041056881,0.44990796,0.47165656,0.48615563,0.5079043
2027,2,VITI,Person Fizik,0.4762028606315068,0.287241,0.30654955,0.319422,0.33873057
2027,3,VITI,Person Fizik,-0.3742987523101211,-0.42997572,-0.4214254,-0.41572517,-0.40717483
2027,4,VITI,Person Fizik,0.44708712604642026,0.21713336,0.23539042,0.2475617,0.26581872
2027,5,VITI,Person Fizik,-0.0125366787286786,-0.20876168,-0.19689316,-0.18898076,-0.17711216
2027,6,VITI,Person Fizik,0.30147431044771067,-0.020800436,-0.0061124563,0.003679514,0.018367529
2027,7,VITI,Person Fizik,-0.6872095475013277,-0.682006,-0.6772361,-0.6740562,-0.66928625
2027,8,VITI,Person Fizik,-0.2625151668572777,-0.62515193,-0.61952925,-0.6157807,-0.610158
2027,9,VITI,Person Fizik,-0.050807560391035525,-0.2961816,-0.28562427,-0.2785861,-0.26802886
2027,10,VITI,Person Fizik,-0.2020454346929794,-0.5074629,-0.50007486,-0.4951495,-0.48776144
2027,11,VITI,Person Fizik,-0.035970280513504316,-0.41036537,-0.40152085,-0.39562452,-0.38677996
2027,12,VITI,Person Fizik,-0.2647558290393763,-0.0041739694,0.010763407,0.020721674,0.035658956
2027,1,VITI,Sherbimet administrative dhe mbeshtetese,0.8553900511996068,1.2008148,1.2338269,1.255835,1.2888472
2027,2,VITI,Sherbimet administrative dhe mbeshtetese,2.0,2.0,2.045,2.0749998,2.12
2027,3,VITI,Sherbimet administrative dhe mbeshtetese,0.798727992066073,0.59740186,0.6213628,0.63733685,0.6612979
2027,4,VITI,Sherbimet administrative dhe mbeshtetese,2.0,2.0,2.045,2.0749998,2.12
2027,5,VITI,Sherbimet administrative dhe mbeshtetese,2.0,2.0,2.045,2.0749998,2.12
2027,6,VITI,Sherbimet administrative dhe mbeshtetese,0.2424300100629481,0.19357847,0.21148217,0.22341788,0.24132156
2027,7,VITI,Sherbimet administrative dhe mbeshtetese,2.0,2.0,2.045,2.0749998,2.12
2027,8,VITI,Sherbimet administrative dhe mbeshtetese,2.0,2.0,2.045,2.0749998,2.12
2027,9,VITI,Sherbimet administrative dhe mbeshtetese,0.26999980134798657,0.2718942,0.2909726,0.3036915,0.32276988
2027,10,VITI,Sherbimet administrative dhe mbeshtetese,2.0,2.0,2.045,2.0749998,2.12
2027,11,VITI,Sherbimet administrative dhe mbeshtetese,2.0,2.0,2.045,2.0749998,2.12
2027,12,VITI,Sherbimet administrative dhe mbeshtetese,0.12012137319545736,0.19713394,0.21509087,0.22706223,0.2450192
2027,1,VITI,Transporti dhe magazinimi,0.5901668150330817,0.58627564,0.61006963,0.62593246,0.6497265
2027,2,VITI,Transporti dhe magazinimi,0.5076754057102584,0.43969977,0.46129525,0.47569227,0.49728775
2027,3,VITI,Transporti dhe magazinimi,0.2863781769989126,0.19095534,0.20881975,0.22072923,0.23859358
2027,4,VITI,Transporti dhe magazinimi,0.34329094176368297,0.32833114,0.3482561,0.36153936,0.38146436
2027,5,VITI,Transporti dhe magazinimi,0.831905673170265,0.78060484,0.8073139,0.82512,0.85182893
2027,6,VITI,Transporti dhe magazinimi,0.1942802279306991,0.2058514,0.22393918,0.23599768,0.25408542
2027,7,VITI,Transporti dhe magazinimi,0.5557337224359287,0.4333937,0.45489454,0.4692285,0.49072945
2027,8,VITI,Transporti dhe magazinimi,0.6599607734950625,0.57252395,0.5961118,0.611837,0.63542485
2027,9,VITI,Transporti dhe magazinimi,0.09296340697295971,0.17299765,0.19059265,0.2023226,0.21991754
2027,10,VITI,Transporti dhe magazinimi,0.5862444521642817,0.32806447,0.3479854,0.36126602,0.38118696
2027,11,VITI,Transporti dhe magazinimi,0.9707519661122523,0.5661175,0.58960927,0.6052704,0.6287621
2027,12,VITI,Transporti dhe magazinimi,0.1683496953579681,0.14558947,0.16277325,0.17422915,0.19141304
2027,1,VITI,Tregtia me shumice dhe pakice; Riparimi i mjeteve motorike dhe motoeikletave,0.07098846413584058,0.08116312,0.09738064,0.108192205,0.124409676
2027,2,VITI,Tregtia me shumice dhe pakice; Riparimi i mjeteve motorike dhe motoeikletave,0.06789328706416138,0.07223283,0.08831632,0.0990386,0.11512208
2027,3,VITI,Tregtia me shumice dhe pakice; Riparimi i mjeteve motorike dhe motoeikletave,0.06789328706416138,0.07879673,0.09497869,0.105766654,0.1219486
2027,4,VITI,Tregtia me shumice dhe pakice; Riparimi i mjeteve motorike dhe motoeikletave,0.06789328706416138,0.07054106,0.08659911,0.09730458,0.11336267
2027,5,VITI,Tregtia me shumice dhe pakice; Riparimi i mjeteve motorike dhe motoeikletave,0.06789328706416138,0.080705784,0.09691632,0.107723355,0.12393391
2027,6,VITI,Tregtia me shumice dhe pakice; Riparimi i mjeteve motorike dhe motoeikletave,0.06789328706416138,0.07952558,0.0957185,0.10651374,0.12270653
2027,7,VITI,Tregtia me shumice dhe pakice; Riparimi i mjeteve motorike dhe motoeikletave,0.06789328706416138,0.07748864,0.09365094,0.10442591,0.12058818
2027,8,VITI,Tregtia me shumice dhe pakice; Riparimi i mjeteve motorike dhe motoeikletave,0.06789328706416138,0.07558106,0.09171474,0.10247052,0.1186043
2027,9,VITI,Tregtia me shumice dhe pakice; Riparimi i mjeteve motorike dhe motoeikletave,0.06789328706416138,0.07382645,0.08993387,0.100672126,0.11677945
2027,10,VITI,Tregtia me shumice dhe pakice; Riparimi i mjeteve motorike dhe motoeikletave,0.06789328706416138,0.07291692,0.0890106,0.09973979,0.11583352
2027,11,VITI,Tregtia me shumice dhe pakice; Riparimi i mjeteve motorike dhe motoeikletave,0.06789328706416138,0.07589299,0.09203148,0.102790356,0.11892867
2027,12,VITI,Tregtia me shumice dhe pakice; Riparimi i mjeteve motorike dhe motoeikletave,0.06789328706416138,0.13385606,0.15086389,0.16220248,0.1792103
2027,1,VUSHTRRI,Administrimi publik dhe mbrojtja; Sigurimi social i detyrueshem,0.5456292184777667,0.33558765,0.35562146,0.3689773,0.38901103
2027,2,VUSHTRRI,Administrimi publik dhe mbrojtja; Sigurimi social i detyrueshem,-0.07104265186598262,0.1070163,0.12362158,0.13469172,0.15129697
2027,3,VUSHTRRI,Administrimi publik dhe mbrojtja; Sigurimi social i detyrueshem,0.802370718322062,0.74439615,0.7705622,0.78800607,0.814172
2027,4,VUSHTRRI,Administrimi publik dhe mbrojtja; Sigurimi social i detyrueshem,0.9604619257101034,1.0199854,1.0502851,1.0704851,1.1007848
2027,5,VUSHTRRI,Administrimi publik dhe mbrojtja; Sigurimi social i detyrueshem,1.0540533744780969,1.1295066,1.1614492,1.1827443,1.2146869
2027,6,VUSHTRRI,Administrimi publik dhe mbrojtja; Sigurimi social i detyrueshem,0.36127659121387806,0.4238326,0.44519007,0.45942843,0.48078597
2027,7,VUSHTRRI,Administrimi publik dhe mbrojtja; Sigurimi social i detyrueshem,1.1025454658589293,0.75908214,0.78546834,0.8030591,0.82944524
2027,8,VUSHTRRI,Administrimi publik dhe mbrojtja; Sigurimi social i detyrueshem,0.8911871878042372,0.5619958,0.5854256,0.6010456,0.6244755
2027,9,VUSHTRRI,Administrimi publik dhe mbrojtja; Sigurimi social i detyrueshem,2.0,1.838121,1.8806927,1.9090738,1.9516456
2027,10,VUSHTRRI,Administrimi publik dhe mbrojtja; Sigurimi social i detyrueshem,1.0517544756726986,0.88869476,0.9170252,0.93591213,0.96424246
2027,11,VUSHTRRI,Administrimi publik dhe mbrojtja; Sigurimi social i detyrueshem,1.902900231705395,1.728595,1.7695239,1.7968099,1.8377388
2027,12,VUSHTRRI,Administrimi publik dhe mbrojtja; Sigurimi social i detyrueshem,0.28314730394575716,0.67277837,0.69787,0.7145978,0.73968947
2027,1,VUSHTRRI,Akomodimi dhe sherbimi ushqimor,0.5164627135773668,0.76840025,0.79492617,0.81261015,0.8391361
2027,2,VUSHTRRI,Akomodimi dhe sherbimi ushqimor,0.5586602262066858,0.7370084,0.76306343,0.78043354,0.80648863
2027,3,VUSHTRRI,Akomodimi dhe sherbimi ushqimor,0.20462945002438362,0.2908468,0.3102095,0.32311797,0.34248066
2027,4,VUSHTRRI,Akomodimi dhe sherbimi ushqimor,0.7939128022370757,0.93877816,0.96785986,0.9872476,1.0163293
2027,5,VUSHTRRI,Akomodimi dhe sherbimi ushqimor,0.7282347170620272,0.72823197,0.7541554,0.77143764,0.79736114
2027,6,VUSHTRRI,Akomodimi dhe sherbimi ushqimor,0.20621580562975517,0.3256034,0.34548736,0.35874343,0.37862742
2027,7,VUSHTRRI,Akomodimi dhe sherbimi ushqimor,0.14243024874428503,0.1808477,0.19856036,0.21036875,0.22808146
2027,8,VUSHTRRI,Akomodimi dhe sherbimi ushqimor,0.2395924018454121,0.34664345,0.3668431,0.38030946,0.40050912
2027,9,VUSHTRRI,Akomodimi dhe sherbimi ushqimor,0.2276488462675015,0.31680593,0.33655798,0.34972608,0.3694781
2027,10,VUSHTRRI,Akomodimi dhe sherbimi ushqimor,0.9670203274257013,0.6483276,0.67305243,0.68953574,0.7142606
2027,11,VUSHTRRI,Akomodimi dhe sherbimi ushqimor,0.5903273538266877,0.39333352,0.41423357,0.42816687,0.44906688
2027,12,VUSHTRRI,Akomodimi dhe sherbimi ushqimor,0.008403896592425601,0.12661795,0.14351714,0.15478337,0.1716826
2027,1,VUSHTRRI,Aktivitetet e patundshmerise,-0.3446700279897271,-0.57547915,-0.56911135,-0.5648661,-0.5584983
2027,9,VUSHTRRI,Aktivitetet e patundshmerise,2.0,2.0,2.045,2.0749998,2.12
2027,10,VUSHTRRI,Aktivitetet e patundshmerise,-0.1101025116406488,0.03364149,0.049146056,0.059482455,0.074987054
2027,11,VUSHTRRI,Aktivitetet e patundshmerise,2.0,2.0,2.045,2.0749998,2.12
2027,12,VUSHTRRI,Aktivitetet e patundshmerise,2.0,2.0,2.045,2.0749998,2.12
2027,1,VUSHTRRI,Aktivitetet e shendetit te njeriut dhe te punes sociale,0.8130202854184414,0.92543787,0.9543195,0.9735738,1.0024555
2027,2,VUSHTRRI,Aktivitetet e shendetit te njeriut dhe te punes sociale,1.018608542070641,0.94514495,0.9743221,0.99377346,1.0229506
2027,3,VUSHTRRI,Aktivitetet e shendetit te njeriut dhe te punes sociale,0.4056604992514703,0.2773344,0.29649448,0.30926776,0.3284278
2027,4,VUSHTRRI,Aktivitetet e shendetit te njeriut dhe te punes sociale,1.680260126939367,1.8596531,1.9025478,1.9311442,1.9740391
2027,5,VUSHTRRI,Aktivitetet e shendetit te njeriut dhe te punes sociale,1.2804884025771144,1.2162919,1.2495363,1.2716992,1.3049436
2027,6,VUSHTRRI,Aktivitetet e shendetit te njeriut dhe te punes sociale,0.17437561397555076,0.2392651,0.25785398,0.27024662,0.28883564
2027,7,VUSHTRRI,Aktivitetet e shendetit te njeriut dhe te punes sociale,0.5552387328171171,0.65935725,0.6842476,0.7008412,0.7257315
2027,8,VUSHTRRI,Aktivitetet e shendetit te njeriut dhe te punes sociale,0.404040824059216,0.32846195,0.3483888,0.36167336,0.38160026
2027,9,VUSHTRRI,Aktivitetet e shendetit te njeriut dhe te punes sociale,0.2242067480627683,0.13544305,0.15247476,0.16382909,0.18086076
2027,10,VUSHTRRI,Aktivitetet e shendetit te njeriut dhe te punes sociale,0.8483137146341613,0.69367665,0.7190819,0.73601854,0.7614237
2027,11,VUSHTRRI,Aktivitetet e shendetit te njeriut dhe te punes sociale,0.7204951701815784,0.60455924,0.62862754,0.6446731,0.66874146
2027,12,VUSHTRRI,Aktivitetet e shendetit te njeriut dhe te punes sociale,-0.08235154081726559,0.016168997,0.03141153,0.041573167,0.056815624
2027,1,VUSHTRRI,Aktivitetet e tjera sherbyese,0.7395205614174495,0.6122655,0.6364496,0.65257215,0.67675614
2027,2,VUSHTRRI,Aktivitetet e tjera sherbyese,0.8131362774433902,0.62526613,0.6496451,0.6658977,0.6902766
2027,3,VUSHTRRI,Aktivitetet e tjera sherbyese,0.10198114145419944,0.23776078,0.25632715,0.26870477,0.28727114
2027,4,VUSHTRRI,Aktivitetet e tjera sherbyese,0.7425827234055626,0.9332727,0.9622718,0.98160446,1.0106037
2027,5,VUSHTRRI,Aktivitetet e tjera sherbyese,0.40504845840518633,0.22386871,0.24222672,0.25446546,0.27282345
2027,6,VUSHTRRI,Aktivitetet e tjera sherbyese,0.09890856606413388,0.04381767,0.059474945,0.06991303,0.085570335
2027,7,VUSHTRRI,Aktivitetet e tjera sherbyese,-0.06210058791676508,-0.043583095,-0.029236853,-0.019672692,-0.00532645
2027,8,VUSHTRRI,Aktivitetet e tjera sherbyese,0.3220033149060896,0.2126233,0.23081267,0.24293888,0.2611282
2027,9,VUSHTRRI,Aktivitetet e tjera sherbyese,0.19601665787115527,0.046200503,0.061893463,0.07235551,0.08804846
2027,10,VUSHTRRI,Aktivitetet e tjera sherbyese,1.5529594913525118,0.9572227,0.98658097,1.0061531,1.0355115
2027,11,VUSHTRRI,Aktivitetet e tjera sherbyese,0.44419588073171884,0.24258618,0.26122487,0.27365077,0.2922895
2027,12,VUSHTRRI,Aktivitetet e tjera sherbyese,-0.051573580532369635,0.055483732,0.071315885,0.081870794,0.09770298
2027,1,VUSHTRRI,Aktivitetet financiare dhe te sigurimit,0.6015471795944725,0.6022916,0.62632596,0.6423489,0.66638315
2027,2,VUSHTRRI,Aktivitetet financiare dhe te sigurimit,1.62990736312541,2.0,2.045,2.0749998,2.12
2027,3,VUSHTRRI,Aktivitetet financiare dhe te sigurimit,1.7664765704060097,1.8364264,1.8789725,1.907337,1.9498832
2027,4,VUSHTRRI,Aktivitetet financiare dhe te sigurimit,2.0,2.0,2.045,2.0749998,2.12
2027,5,VUSHTRRI,Aktivitetet financiare dhe te sigurimit,2.0,2.0,2.045,2.0749998,2.12
2027,6,VUSHTRRI,Aktivitetet financiare dhe te sigurimit,1.970685059834092,2.0,2.045,2.0749998,2.12
2027,7,VUSHTRRI,Aktivitetet financiare dhe te sigurimit,1.8700548969357138,1.8806512,1.923861,1.9526675,1.9958773
2027,8,VUSHTRRI,Aktivitetet financiare dhe te sigurimit,2.0,2.0,2.045,2.0749998,2.12
2027,9,VUSHTRRI,Aktivitetet financiare dhe te sigurimit,1.212460100092006,1.5089129,1.5465467,1.5716357,1.6092694
2027,10,VUSHTRRI,Aktivitetet financiare dhe te sigurimit,1.8078362265589363,2.0,2.045,2.0749998,2.12
2027,11,VUSHTRRI,Aktivitetet financiare dhe te sigurimit,2.0,2.0,2.045,2.0749998,2.12
2027,12,VUSHTRRI,Aktivitetet financiare dhe te sigurimit,-0.3821786973249406,-0.042741343,-0.02838248,-0.018809915,-0.0044510365
2027,1,VUSHTRRI,"Aktivitetet profesionale, shkencore dhe teknike",0.7164301635877619,0.6752665,0.70039546,0.7171482,0.74227715
2027,2,VUSHTRRI,"Aktivitetet profesionale, shkencore dhe teknike",0.8848345510383152,0.60338837,0.62743914,0.643473,0.66752374
2027,3,VUSHTRRI,"Aktivitetet profesionale, shkencore dhe teknike",0.362813044341161,0.33646488,0.35651183,0.3698765,0.38992345
2027,4,VUSHTRRI,"Aktivitetet profesionale, shkencore dhe teknike",1.442531268685186,1.2778014,1.3119686,1.3347466,1.3689134
2027,5,VUSHTRRI,"Aktivitetet profesionale, shkencore dhe teknike",-0.15079606436477852,-0.06430087,-0.05026543,-0.040908456,-0.026872993
2027,6,VUSHTRRI,"Aktivitetet profesionale, shkencore dhe teknike",0.2361806287693055,0.2852324,0.30451095,0.31736326,0.33664167
2027,7,VUSHTRRI,"Aktivitetet profesionale, shkencore dhe teknike",0.43512328444111364,0.5463436,0.5695387,0.58500206,0.6081972
2027,8,VUSHTRRI,"Aktivitetet profesionale, shkencore dhe teknike",0.5942005811327601,0.56316483,0.5866122,0.6022439,0.6256914
2027,9,VUSHTRRI,"Aktivitetet profesionale, shkencore dhe teknike",0.433862029200018,0.45436707,0.47618258,0.49072623,0.51254165
2027,10,VUSHTRRI,"Aktivitetet profesionale, shkencore dhe teknike",0.2579050227684091,0.36896646,0.38950098,0.4031906,0.423725
2027,11,VUSHTRRI,"Aktivitetet profesionale, shkencore dhe teknike",0.41115872316023044,0.3759227,0.3965615,0.41032076,0.43095958
2027,12,VUSHTRRI,"Aktivitetet profesionale, shkencore dhe teknike",0.03306303048009407,0.18820854,0.20603168,0.21791375,0.23573685
2027,1,VUSHTRRI,Arsimi,0.30273325935325157,0.2998579,0.31935573,0.3323543,0.35185218
2027,2,VUSHTRRI,Arsimi,0.4751716466271601,0.2511588,0.2699262,0.2824378,0.30120516
2027,3,VUSHTRRI,Arsimi,0.18772842549233995,0.20639518,0.224491,0.23655498,0.25465095
2027,4,VUSHTRRI,Arsimi,0.3953901962992624,0.30645636,0.32605314,0.33911765,0.35871458
2027,5,VUSHTRRI,Arsimi,0.495358450762546,0.27912167,0.2983085,0.31109965,0.3302865
2027,6,VUSHTRRI,Arsimi,0.6701173504266994,0.55574197,0.5790781,0.5946355,0.61797166
2027,7,VUSHTRRI,Arsimi,0.6819011705576369,0.6502266,0.6749799,0.6914822,0.71623564
2027,8,VUSHTRRI,Arsimi,0.41963019976782906,0.34159324,0.3617171,0.37513304,0.395257
2027,9,VUSHTRRI,Arsimi,0.2507309843202818,0.21035737,0.22851276,0.24061632,0.25877166
2027,10,VUSHTRRI,Arsimi,0.3583585440199169,0.22003448,0.23833501,0.25053537,0.26883578
2027,11,VUSHTRRI,Arsimi,0.4386692659981167,0.2571376,0.27599454,0.288566,0.307423
2027,12,VUSHTRRI,Arsimi,0.08657452172161496,0.023875266,0.039233327,0.049472094,0.064830184
2027,1,VUSHTRRI,"Artet, Argetimi dhe rekreacioni",1.6126894294536238,1.443732,1.4803879,1.5048254,1.5414813
2027,2,VUSHTRRI,"Artet, Argetimi dhe rekreacioni",2.0,2.0,2.045,2.0749998,2.12
2027,3,VUSHTRRI,"Artet, Argetimi dhe rekreacioni",0.7652797915158864,0.6327827,0.65727437,0.6736022,0.6980939
2027,4,VUSHTRRI,"Artet, Argetimi dhe rekreacioni",2.0,2.0,2.045,2.0749998,2.12
2027,5,VUSHTRRI,"Artet, Argetimi dhe rekreacioni",1.1691738125423032,1.379159,1.4148464,1.438638,1.4743252
2027,6,VUSHTRRI,"Artet, Argetimi dhe rekreacioni",0.22617519224251273,0.30972615,0.32937205,0.34246922,0.36211514
2027,7,VUSHTRRI,"Artet, Argetimi dhe rekreacioni",1.2475377136063246,1.3817661,1.4174926,1.4413102,1.4770367
2027,8,VUSHTRRI,"Artet, Argetimi dhe rekreacioni",2.0,2.0,2.045,2.0749998,2.12
2027,9,VUSHTRRI,"Artet, Argetimi dhe rekreacioni",0.08105115914236094,0.110901676,0.12756526,0.13867426,0.15533769
2027,10,VUSHTRRI,"Artet, Argetimi dhe rekreacioni",2.0,2.0,2.045,2.0749998,2.12
2027,11,VUSHTRRI,"Artet, Argetimi dhe rekreacioni",1.3651013901286013,0.8680159,0.89603615,0.91471624,0.9427365
2027,12,VUSHTRRI,"Artet, Argetimi dhe rekreacioni",-0.008461017794093072,-0.0040225,0.010917187,0.020876884,0.03581655
2027,1,VUSHTRRI,Bujqesia;Pylltaria dhe Peshkimi,0.22089504714228056,0.33986822,0.35996616,0.3733648,0.3934629
2027,2,VUSHTRRI,Bujqesia;Pylltaria dhe Peshkimi,0.08174410175315866,0.10223675,0.11877024,0.12979269,0.14632618
2027,3,VUSHTRRI,Bujqesia;Pylltaria dhe Peshkimi,0.06821461455836712,0.11638371,0.13312936,0.14429319,0.161039
2027,4,VUSHTRRI,Bujqesia;Pylltaria dhe Peshkimi,0.0995459289122709,0.19429953,0.21221411,0.2241571,0.24207151
2027,5,VUSHTRRI,Bujqesia;Pylltaria dhe Peshkimi,0.08921099701908028,0.13383225,0.15083969,0.16217804,0.17918551
2027,6,VUSHTRRI,Bujqesia;Pylltaria dhe Peshkimi,0.08305628897192761,0.21969342,0.23798883,0.25018573,0.26848114
2027,7,VUSHTRRI,Bujqesia;Pylltaria dhe Peshkimi,0.07753783524258426,0.08559806,0.1018821,0.11273801,0.129022
2027,8,VUSHTRRI,Bujqesia;Pylltaria dhe Peshkimi,0.08295632234954874,0.07672489,0.09287572,0.10364294,0.11979389
2027,9,VUSHTRRI,Bujqesia;Pylltaria dhe Peshkimi,0.08760466820309812,0.16684404,0.18434668,0.19601512,0.21351779
2027,10,VUSHTRRI,Bujqesia;Pylltaria dhe Peshkimi,0.08399555231350085,0.071048744,0.08711445,0.09782493,0.11389065
2027,11,VUSHTRRI,Bujqesia;Pylltaria dhe Peshkimi,0.08392703475132014,0.11124084,0.12790942,0.13902187,0.15569043
2027,12,VUSHTRRI,Bujqesia;Pylltaria dhe Peshkimi,0.057229953738905465,0.14920779,0.16644597,0.17793798,0.19517612
2027,4,VUSHTRRI,"Furnizimi me rryme, gaz, avull dhe ajer te kondicionuar",0.9745446341639248,0.8020621,0.829093,0.8471135,0.87414443
2027,5,VUSHTRRI,"Furnizimi me rryme, gaz, avull dhe ajer te kondicionuar",-0.8060044212180799,-0.8624653,-0.8604023,-0.85902697,-0.85696393
2027,11,VUSHTRRI,"Furnizimi me rryme, gaz, avull dhe ajer te kondicionuar",0.7671959700510835,0.27205503,0.2911358,0.30385637,0.32293713
2027,12,VUSHTRRI,"Furnizimi me rryme, gaz, avull dhe ajer te kondicionuar",-0.6948705929750447,-0.3759687,-0.36660826,-0.36036795,-0.35100746
2027,1,VUSHTRRI,Furnizimi me uje; Kanalizimi; Aktivitetet e menaxhimit dhe te trajtimit te mbeturinave,-0.1218585692216765,-0.58173966,-0.5754658,-0.57128316,-0.56500924
2027,2,VUSHTRRI,Furnizimi me uje; Kanalizimi; Aktivitetet e menaxhimit dhe te trajtimit te mbeturinave,-0.5157359075933408,-0.51955336,-0.5123467,-0.50754225,-0.5003355
2027,3,VUSHTRRI,Furnizimi me uje; Kanalizimi; Aktivitetet e menaxhimit dhe te trajtimit te mbeturinave,-0.1129266844564959,-0.0637485,-0.04970473,-0.04034221,-0.026298463
2027,4,VUSHTRRI,Furnizimi me uje; Kanalizimi; Aktivitetet e menaxhimit dhe te trajtimit te mbeturinave,-0.4045794406982939,-0.29975465,-0.28925097,-0.2822485,-0.27174485
2027,6,VUSHTRRI,Furnizimi me uje; Kanalizimi; Aktivitetet e menaxhimit dhe te trajtimit te mbeturinave,2.0,2.0,2.045,2.0749998,2.12
2027,7,VUSHTRRI,Furnizimi me uje; Kanalizimi; Aktivitetet e menaxhimit dhe te trajtimit te mbeturinave,1.180382535056294,0.92945313,0.9583949,0.9776894,1.0066311
2027,8,VUSHTRRI,Furnizimi me uje; Kanalizimi; Aktivitetet e menaxhimit dhe te trajtimit te mbeturinave,-0.6101485135586948,-0.36716837,-0.3576759,-0.35134757,-0.3418551
2027,9,VUSHTRRI,Furnizimi me uje; Kanalizimi; Aktivitetet e menaxhimit dhe te trajtimit te mbeturinave,2.0,2.0,2.045,2.0749998,2.12
2027,12,VUSHTRRI,Furnizimi me uje; Kanalizimi; Aktivitetet e menaxhimit dhe te trajtimit te mbeturinave,1.7428365274600843,1.354187,1.3894997,1.4130416,1.4483545
2027,1,VUSHTRRI,Industria perpunuese,0.0758454427244234,0.18799585,0.20581579,0.21769583,0.23551571
2027,2,VUSHTRRI,Industria perpunuese,0.08615832051304402,0.2060776,0.22416878,0.23622954,0.25432062
2027,3,VUSHTRRI,Industria perpunuese,0.08013752584171933,0.19573216,0.21366811,0.2256254,0.24356139
2027,4,VUSHTRRI,Industria perpunuese,0.08091701718032493,0.16069016,0.17810047,0.1897074,0.2071178
2027,5,VUSHTRRI,Industria perpunuese,0.06937829870578086,0.15586238,0.17320025,0.1847589,0.20209682
2027,6,VUSHTRRI,Industria perpunuese,0.07081036041248985,0.17007405,0.18762505,0.1993258,0.21687686
2027,7,VUSHTRRI,Industria perpunuese,0.07106708095551595,0.14187554,0.15900362,0.17042232,0.18755043
2027,8,VUSHTRRI,Industria perpunuese,0.07217295071184435,0.15791343,0.17528212,0.18686128,0.20422995
2027,9,VUSHTRRI,Industria perpunuese,0.08091701718032493,0.23369554,0.25220096,0.2645378,0.28304327
2027,10,VUSHTRRI,Industria perpunuese,0.06937829870578086,0.15180849,0.16908562,0.18060374,0.19788074
2027,11,VUSHTRRI,Industria perpunuese,0.06937829870578086,0.15785335,0.1752212,0.18679965,0.20416749
2027,12,VUSHTRRI,Industria perpunuese,0.06723222324222118,0.19474253,0.21266365,0.22461104,0.24253225
2027,1,VUSHTRRI,Informimi dhe komunikimi,0.14987863303283927,0.03805237,0.05362308,0.06400359,0.07957435
2027,2,VUSHTRRI,Informimi dhe komunikimi,0.10985680796735299,0.1319162,0.1488949,0.16021407,0.1771928
2027,3,VUSHTRRI,Informimi dhe komunikimi,0.026215681615773954,0.109367125,0.12600768,0.1371013,0.15374172
2027,4,VUSHTRRI,Informimi dhe komunikimi,0.1341133171224787,0.2998248,0.31932223,0.33232045,0.35181773
2027,5,VUSHTRRI,Informimi dhe komunikimi,0.21488352262176358,0.28335482,0.30260503,0.31543863,0.3346889
2027,6,VUSHTRRI,Informimi dhe komunikimi,0.046171275342693247,0.22039667,0.23870254,0.25090647,0.26921248
2027,7,VUSHTRRI,Informimi dhe komunikimi,0.0308866031975954,0.21480763,0.23302972,0.24517775,0.26339984
2027,8,VUSHTRRI,Informimi dhe komunikimi,0.03504668623737997,0.21717153,0.23542905,0.2476008,0.2658584
2027,9,VUSHTRRI,Informimi dhe komunikimi,0.038079948885677686,0.16219968,0.17963266,0.19125473,0.20868766
2027,10,VUSHTRRI,Informimi dhe komunikimi,0.25605949424530955,0.26730952,0.28631914,0.29899228,0.31800187
2027,11,VUSHTRRI,Informimi dhe komunikimi,0.29444352695210063,0.33800757,0.35807765,0.3714577,0.39152777
2027,12,VUSHTRRI,Informimi dhe komunikimi,0.06473390797861565,0.22732851,0.2457385,0.2580117,0.27642167
2027,1,VUSHTRRI,Mungon aktiviteti,0.6035225664335401,-0.17588225,-0.16352046,-0.15527928,-0.14291751
2027,3,VUSHTRRI,Mungon aktiviteti,1.086431501977412,1.3808942,1.4166076,1.4404166,1.4761298
2027,4,VUSHTRRI,Mungon aktiviteti,1.84752140235203,2.0,2.045,2.0749998,2.12
2027,5,VUSHTRRI,Mungon aktiviteti,1.8070008146300014,1.6632969,1.7032464,1.7298794,1.7698288
2027,6,VUSHTRRI,Mungon aktiviteti,-0.16339005217912406,-0.14761099,-0.13482517,-0.12630129,-0.113515496
2027,7,VUSHTRRI,Mungon aktiviteti,-0.6703907051014386,-0.63555175,-0.630085,-0.6264405,-0.6209738
2027,10,VUSHTRRI,Mungon aktiviteti,-0.311937964004643,-0.55473,-0.54805094,-0.5435983,-0.53691924
2027,11,VUSHTRRI,Mungon aktiviteti,0.6290861337795514,1.0735468,1.10465,1.1253855,1.1564887
2027,12,VUSHTRRI,Mungon aktiviteti,-0.6504319121448259,-0.55979085,-0.5531877,-0.5487856,-0.5421825
2027,1,VUSHTRRI,Ndertimtaria,0.0842575793723409,0.17648019,0.19412732,0.2058922,0.22353935
2027,2,VUSHTRRI,Ndertimtaria,0.08930705848350168,0.265205,0.28418303,0.29683506,0.31581318
2027,3,VUSHTRRI,Ndertimtaria,0.08207562432348889,0.28643814,0.30573463,0.318599,0.33789563
2027,4,VUSHTRRI,Ndertimtaria,0.06629506295739529,0.08493659,0.101210594,0.11205995,0.12833405
2027,5,VUSHTRRI,Ndertimtaria,0.06937829870578086,0.19867449,0.21665454,0.22864127,0.24662137
2027,6,VUSHTRRI,Ndertimtaria,0.06937829870578086,0.22113334,0.23945034,0.25166166,0.26997864
2027,7,VUSHTRRI,Ndertimtaria,0.06837386196746303,0.19045104,0.20830774,0.22021222,0.23806906
2027,8,VUSHTRRI,Ndertimtaria,0.06723222324222118,0.15425146,0.17156518,0.18310773,0.20042145
2027,9,VUSHTRRI,Ndertimtaria,0.06937829870578086,0.21785854,0.23612642,0.24830496,0.26657283
2027,10,VUSHTRRI,Ndertimtaria,0.07217295071184435,0.18791081,0.20572948,0.21760857,0.23542714
2027,11,VUSHTRRI,Ndertimtaria,0.07106708095551595,0.2004176,0.21842384,0.2304281,0.2484343
2027,12,VUSHTRRI,Ndertimtaria,0.06557725633557603,0.1179772,0.13474679,0.1459266,0.16269624
2027,1,VUSHTRRI,Person Fizik,0.07315829559573633,-0.6337159,-0.62822163,-0.6245588,-0.61906457
2027,2,VUSHTRRI,Person Fizik,1.6633201567235865,1.0683992,1.0994251,1.1201091,1.151135
2027,3,VUSHTRRI,Person Fizik,2.0,1.5522659,1.59055,1.6160724,1.6543565
2027,4,VUSHTRRI,Person Fizik,2.0,2.0,2.045,2.0749998,2.12
2027,5,VUSHTRRI,Person Fizik,2.0,2.0,2.045,2.0749998,2.12
2027,6,VUSHTRRI,Person Fizik,2.0,2.0,2.045,2.0749998,2.12
2027,7,VUSHTRRI,Person Fizik,2.0,2.0,2.045,2.0749998,2.12
2027,8,VUSHTRRI,Person Fizik,2.0,2.0,2.045,2.0749998,2.12
2027,9,VUSHTRRI,Person Fizik,1.2882281136765272,1.7005527,1.741061,1.7680664,1.8085747
2027,10,VUSHTRRI,Person Fizik,2.0,2.0,2.045,2.0749998,2.12
2027,11,VUSHTRRI,Person Fizik,1.0777097422892188,1.2090812,1.2422173,1.2643082,1.2974443
2027,12,VUSHTRRI,Person Fizik,-0.4317696030023657,-0.3968647,-0.38781768,-0.38178635,-0.37273932
2027,1,VUSHTRRI,Sherbimet administrative dhe mbeshtetese,0.2704984320724451,0.20698671,0.22509146,0.23716128,0.25526607
2027,2,VUSHTRRI,Sherbimet administrative dhe mbeshtetese,0.17916210333643803,0.1578979,0.17526639,0.18684542,0.20421386
2027,3,VUSHTRRI,Sherbimet administrative dhe mbeshtetese,0.133371194107941,0.19045712,0.20831394,0.22021854,0.23807538
2027,4,VUSHTRRI,Sherbimet administrative dhe mbeshtetese,0.20471372514146696,0.15974376,0.17713988,0.18873739,0.20613348
2027,5,VUSHTRRI,Sherbimet administrative dhe mbeshtetese,0.1418687341731356,0.12867555,0.14560568,0.15689242,0.17382252
2027,6,VUSHTRRI,Sherbimet administrative dhe mbeshtetese,0.11477942694022128,0.15606871,0.1734097,0.18497038,0.2023114
2027,7,VUSHTRRI,Sherbimet administrative dhe mbeshtetese,0.09875187361837238,0.12038723,0.13719296,0.14839685,0.16520262
2027,8,VUSHTRRI,Sherbimet administrative dhe mbeshtetese,0.0017903823884156548,0.06773191,0.083747864,0.09442508,0.11044109
2027,9,VUSHTRRI,Sherbimet administrative dhe mbeshtetese,0.22755431140597257,0.23244958,0.25093627,0.26326072,0.28174746
2027,10,VUSHTRRI,Sherbimet administrative dhe mbeshtetese,0.26026445625650324,0.24623102,0.26492453,0.27738678,0.29608023
2027,11,VUSHTRRI,Sherbimet administrative dhe mbeshtetese,0.18592924643324657,0.15813228,0.17550433,0.18708563,0.20445752
2027,12,VUSHTRRI,Sherbimet administrative dhe mbeshtetese,0.11537601237179756,0.22146519,0.23978722,0.25200188,0.27032375
2027,1,VUSHTRRI,Transporti dhe magazinimi,0.46177238453408676,0.4421957,0.46382856,0.4782505,0.4998834
2027,2,VUSHTRRI,Transporti dhe magazinimi,0.10461859400624497,0.21077521,0.22893691,0.24104464,0.25920618
2027,3,VUSHTRRI,Transporti dhe magazinimi,0.07078432459593471,0.07982071,0.096018076,0.10681629,0.1230135
2027,4,VUSHTRRI,Transporti dhe magazinimi,0.45908592453685787,0.4870978,0.5094042,0.5242752,0.5465816
2027,5,VUSHTRRI,Transporti dhe magazinimi,0.1388655733351404,0.22973035,0.24817634,0.2604736,0.27891958
2027,6,VUSHTRRI,Transporti dhe magazinimi,0.19288439712007097,0.31593123,0.3356701,0.3488295,0.36856842
2027,7,VUSHTRRI,Transporti dhe magazinimi,0.2682368125262988,0.3136125,0.33331668,0.3464527,0.36615694
2027,8,VUSHTRRI,Transporti dhe magazinimi,0.2618841107701156,0.20124558,0.21926427,0.23127663,0.24929535
2027,9,VUSHTRRI,Transporti dhe magazinimi,0.11053729026399069,0.23246522,0.25095224,0.26327682,0.2817638
2027,10,VUSHTRRI,Transporti dhe magazinimi,0.2499067549466279,0.21299762,0.23119259,0.24332261,0.26151752
2027,11,VUSHTRRI,Transporti dhe magazinimi,0.36474786838128964,0.3368373,0.35688984,0.3702582,0.39031076
2027,12,VUSHTRRI,Transporti dhe magazinimi,0.14444217269679505,0.2826761,0.30191624,0.31474292,0.33398306
2027,1,VUSHTRRI,Tregtia me shumice dhe pakice; Riparimi i mjeteve motorike dhe motoeikletave,0.07098846413584058,0.13410716,0.15111876,0.16245973,0.17947137
2027,2,VUSHTRRI,Tregtia me shumice dhe pakice; Riparimi i mjeteve motorike dhe motoeikletave,0.06789328706416138,0.11876021,0.13554156,0.14672923,0.16351056
2027,3,VUSHTRRI,Tregtia me shumice dhe pakice; Riparimi i mjeteve motorike dhe motoeikletave,0.06789328706416138,0.1180408,0.1348114,0.1459918,0.1627624
2027,4,VUSHTRRI,Tregtia me shumice dhe pakice; Riparimi i mjeteve motorike dhe motoeikletave,0.06789328706416138,0.10912427,0.12576115,0.13685238,0.15348923
2027,5,VUSHTRRI,Tregtia me shumice dhe pakice; Riparimi i mjeteve motorike dhe motoeikletave,0.06789328706416138,0.12037035,0.13717592,0.14837956,0.16518521
2027,6,VUSHTRRI,Tregtia me shumice dhe pakice; Riparimi i mjeteve motorike dhe motoeikletave,0.06789328706416138,0.11876975,0.13555133,0.146739,0.16352046
2027,7,VUSHTRRI,Tregtia me shumice dhe pakice; Riparimi i mjeteve motorike dhe motoeikletave,0.06789328706416138,0.12640022,0.14329624,0.15456021,0.17145622
2027,8,VUSHTRRI,Tregtia me shumice dhe pakice; Riparimi i mjeteve motorike dhe motoeikletave,0.06789328706416138,0.116071925,0.13281298,0.14397371,0.16071475
2027,9,VUSHTRRI,Tregtia me shumice dhe pakice; Riparimi i mjeteve motorike dhe motoeikletave,0.06789328706416138,0.11307057,0.1297667,0.1408974,0.15759337
2027,10,VUSHTRRI,Tregtia me shumice dhe pakice; Riparimi i mjeteve motorike dhe motoeikletave,0.06789328706416138,0.11396166,0.13067114,0.14181066,0.1585201
2027,11,VUSHTRRI,Tregtia me shumice dhe pakice; Riparimi i mjeteve motorike dhe motoeikletave,0.06789328706416138,0.12000658,0.1368066,0.14800668,0.16480672
2027,12,VUSHTRRI,Tregtia me shumice dhe pakice; Riparimi i mjeteve motorike dhe motoeikletave,0.06789328706416138,0.16273959,0.18018067,0.1918081,0.20924914
2027,3,ZUBIN POTOK,Akomodimi dhe sherbimi ushqimor,2.0,2.0,2.045,2.0749998,2.12
2027,6,ZUBIN POTOK,"Aktivitetet profesionale, shkencore dhe teknike",1.513082412710478,1.2945434,1.3289614,1.3519068,1.3863249
2027,9,ZUBIN POTOK,"Aktivitetet profesionale, shkencore dhe teknike",2.0,2.0,2.045,2.0749998,2.12
2027,12,ZUBIN POTOK,"Aktivitetet profesionale, shkencore dhe teknike",2.0,2.0,2.045,2.0749998,2.12
2027,1,ZUBIN POTOK,Bujqesia;Pylltaria dhe Peshkimi,2.0,2.0,2.045,2.0749998,2.12
2027,2,ZUBIN POTOK,Bujqesia;Pylltaria dhe Peshkimi,2.0,2.0,2.045,2.0749998,2.12
2027,3,ZUBIN POTOK,Bujqesia;Pylltaria dhe Peshkimi,1.4100595308932646,1.4352041,1.4717321,1.496084,1.5326121
2027,4,ZUBIN POTOK,Bujqesia;Pylltaria dhe Peshkimi,0.8831198001837418,0.6950708,0.7204968,0.7374475,0.76287353
2027,5,ZUBIN POTOK,Bujqesia;Pylltaria dhe Peshkimi,-0.2637045099597458,-0.19495744,-0.18288183,-0.17483139,-0.16275579
2027,6,ZUBIN POTOK,Bujqesia;Pylltaria dhe Peshkimi,0.28108721752931204,0.13399354,0.15100336,0.16234326,0.17935324
2027,7,ZUBIN POTOK,Bujqesia;Pylltaria dhe Peshkimi,-0.16096074373159133,-0.006860476,0.008036613,0.01796794,0.032865047
2027,8,ZUBIN POTOK,Bujqesia;Pylltaria dhe Peshkimi,0.5654814222750097,0.16872087,0.18625164,0.1979388,0.2154696
2027,9,ZUBIN POTOK,Bujqesia;Pylltaria dhe Peshkimi,0.3569124949871757,0.538546,0.5616243,0.5770097,0.6000879
2027,10,ZUBIN POTOK,Bujqesia;Pylltaria dhe Peshkimi,0.7645982631708952,0.6338309,0.6583383,0.67467666,0.69918406
2027,11,ZUBIN POTOK,Bujqesia;Pylltaria dhe Peshkimi,0.5414833282418597,0.35883382,0.3792163,0.39280462,0.41318715
2027,12,ZUBIN POTOK,Bujqesia;Pylltaria dhe Peshkimi,0.22307096683734537,0.24625269,0.26494646,0.27740896,0.29610276
2027,1,ZUBIN POTOK,Industria perpunuese,1.4867832867183266,1.6109403,1.6501045,1.676214,1.715378
2027,2,ZUBIN POTOK,Industria perpunuese,0.992681160743526,0.9539987,0.9833087,1.0028486,1.0321586
2027,3,ZUBIN POTOK,Industria perpunuese,1.1329525969582537,1.032667,1.0631571,1.0834837,1.1139739
2027,4,ZUBIN POTOK,Industria perpunuese,0.2682420437325101,0.39126506,0.41213393,0.4260466,0.44691563
2027,5,ZUBIN POTOK,Industria perpunuese,1.5784301748916791,1.4258627,1.4622507,1.4865093,1.5228972
2027,6,ZUBIN POTOK,Industria perpunuese,0.3073845971590361,0.4296804,0.4511255,0.46542227,0.48686755
2027,7,ZUBIN POTOK,Industria perpunuese,1.600917593439638,1.4011394,1.4371562,1.4611676,1.4971848
2027,8,ZUBIN POTOK,Industria perpunuese,2.0,2.0,2.045,2.0749998,2.12
2027,9,ZUBIN POTOK,Industria perpunuese,0.8600099817769724,0.60265714,0.62669694,0.64272344,0.6667633
2027,10,ZUBIN POTOK,Industria perpunuese,1.0747797220107822,0.5246792,0.54754937,0.5627961,0.5856663
2027,11,ZUBIN POTOK,Industria perpunuese,1.2558105650255975,1.0507492,1.0815105,1.1020179,1.1327791
2027,12,ZUBIN POTOK,Industria perpunuese,0.17776888072323174,0.26928318,0.28832245,0.30101526,0.3200544
2027,2,ZUBIN POTOK,Person Fizik,-0.4873567553623251,-1.0,-1.0,-1.0,-1.0
2027,3,ZUBIN POTOK,Person Fizik,-0.47483086020666,-1.0,-1.0,-1.0,-1.0
2027,4,ZUBIN POTOK,Person Fizik,-0.7847180037574095,-0.91016567,-0.9088181,-0.9079198,-0.9065723
2027,5,ZUBIN POTOK,Person Fizik,-0.8933477147161268,-0.91968966,-0.918485,-0.9176819,-0.91647726
2027,6,ZUBIN POTOK,Person Fizik,-0.883404621864975,-1.0,-1.0,-1.0,-1.0
2027,7,ZUBIN POTOK,Person Fizik,-0.9140984420127795,-1.0,-1.0,-1.0,-1.0
2027,8,ZUBIN POTOK,Person Fizik,-0.8648487882011563,-1.0,-1.0,-1.0,-1.0
2027,1,ZUBIN POTOK,Sherbimet administrative dhe mbeshtetese,1.3268291965417534,0.6983536,0.7238288,0.7408123,0.76628757
2027,2,ZUBIN POTOK,Sherbimet administrative dhe mbeshtetese,-0.28423419073879197,-0.64221334,-0.63684654,-0.6332687,-0.6279019
2027,3,ZUBIN POTOK,Sherbimet administrative dhe mbeshtetese,-0.12198584432512978,-0.28254047,-0.27177858,-0.26460397,-0.25384206
2027,4,ZUBIN POTOK,Sherbimet administrative dhe mbeshtetese,0.5758789427029525,0.132406,0.14939213,0.16071618,0.17770219
2027,5,ZUBIN POTOK,Sherbimet administrative dhe mbeshtetese,-0.664330162862644,-0.75764936,-0.75401413,-0.7515906,-0.7479553
2027,6,ZUBIN POTOK,Sherbimet administrative dhe mbeshtetese,-0.8345635498832676,-1.0,-1.0,-1.0,-1.0
2027,7,ZUBIN POTOK,Sherbimet administrative dhe mbeshtetese,-0.513419733449643,-0.7135427,-0.7092458,-0.70638126,-0.7020844
2027,8,ZUBIN POTOK,Sherbimet administrative dhe mbeshtetese,0.21338638273794847,-0.67846835,-0.6736454,-0.67043006,-0.6656071
2027,9,ZUBIN POTOK,Sherbimet administrative dhe mbeshtetese,-0.7752190270101452,-0.8479412,-0.8456603,-0.84413975,-0.84185886
2027,10,ZUBIN POTOK,Sherbimet administrative dhe mbeshtetese,-0.7007968305957495,-0.8789481,-0.8771323,-0.8759218,-0.87410605
2027,11,ZUBIN POTOK,Sherbimet administrative dhe mbeshtetese,2.0,2.0,2.045,2.0749998,2.12
2027,12,ZUBIN POTOK,Sherbimet administrative dhe mbeshtetese,-0.31786035152833286,-0.47111169,-0.46317834,-0.45788944,-0.44995612
2027,2,ZUBIN POTOK,Transporti dhe magazinimi,0.15274667288771535,0.1740852,0.1916964,0.20343721,0.22104847
2027,3,ZUBIN POTOK,Transporti dhe magazinimi,1.4843972883012815,1.8990369,1.9425223,1.9715128,2.0149982
2027,4,ZUBIN POTOK,Transporti dhe magazinimi,2.0,2.0,2.045,2.0749998,2.12
2027,6,ZUBIN POTOK,Transporti dhe magazinimi,0.9338736355737725,0.8913184,0.9196881,0.93860126,0.96697104
2027,7,ZUBIN POTOK,Transporti dhe magazinimi,1.1289120061620097,0.7531404,0.77943754,0.79696894,0.823266
2027,8,ZUBIN POTOK,Transporti dhe magazinimi,0.9245319647708552,0.6126037,0.63679266,0.6529187,0.6771077
2027,9,ZUBIN POTOK,Transporti dhe magazinimi,-0.2791650635361109,-0.34081382,-0.33092606,-0.3243342,-0.3144464
2027,11,ZUBIN POTOK,Transporti dhe magazinimi,0.9005285865550532,0.549586,0.57282984,0.5883256,0.6115694
2027,12,ZUBIN POTOK,Transporti dhe magazinimi,0.212520408596857,0.45056278,0.47232115,0.48682678,0.5085852
2027,1,ZUBIN POTOK,Tregtia me shumice dhe pakice; Riparimi i mjeteve motorike dhe motoeikletave,0.33437164019184756,0.052541584,0.06832969,0.07885516,0.094643235
2027,2,ZUBIN POTOK,Tregtia me shumice dhe pakice; Riparimi i mjeteve motorike dhe motoeikletave,-0.015029316336135906,-0.06742959,-0.053441048,-0.044115365,-0.03012681
2027,3,ZUBIN POTOK,Tregtia me shumice dhe pakice; Riparimi i mjeteve motorike dhe motoeikletave,0.2342484591628858,0.22327994,0.24162912,0.2538619,0.27221107
2027,4,ZUBIN POTOK,Tregtia me shumice dhe pakice; Riparimi i mjeteve motorike dhe motoeikletave,-0.045139140848287296,-0.030215623,-0.015668869,-0.0059710145,0.008575678
2027,5,ZUBIN POTOK,Tregtia me shumice dhe pakice; Riparimi i mjeteve motorike dhe motoeikletave,0.1802611480118793,0.10676492,0.123366356,0.13443398,0.15103543
2027,6,ZUBIN POTOK,Tregtia me shumice dhe pakice; Riparimi i mjeteve motorike dhe motoeikletave,0.16086766005707162,0.117642,0.13440669,0.14558303,0.16234767
2027,7,ZUBIN POTOK,Tregtia me shumice dhe pakice; Riparimi i mjeteve motorike dhe motoeikletave,-0.1434845096981679,-0.095470466,-0.08190256,-0.07285726,-0.059289336
2027,8,ZUBIN POTOK,Tregtia me shumice dhe pakice; Riparimi i mjeteve motorike dhe motoeikletave,-0.09752597760257696,-0.020702865,-0.0060133934,0.0037795305,0.018468976
2027,9,ZUBIN POTOK,Tregtia me shumice dhe pakice; Riparimi i mjeteve motorike dhe motoeikletave,0.21712940198222414,0.19347377,0.21137595,0.22331059,0.24121273
2027,10,ZUBIN POTOK,Tregtia me shumice dhe pakice; Riparimi i mjeteve motorike dhe motoeikletave,-0.16471636859700317,-0.15734619,-0.14470637,-0.13627988,-0.12364006
2027,11,ZUBIN POTOK,Tregtia me shumice dhe pakice; Riparimi i mjeteve motorike dhe motoeikletave,-0.11406851158164207,-0.088116765,-0.07443851,-0.06531972,-0.051641464
2027,12,ZUBIN POTOK,Tregtia me shumice dhe pakice; Riparimi i mjeteve motorike dhe motoeikletave,0.0956467730884647,0.17794314,0.19561219,0.20739162,0.22506082
2027,3,ZVEÇAN,Akomodimi dhe sherbimi ushqimor,2.0,2.0,2.045,2.0749998,2.12
2027,6,ZVEÇAN,Akomodimi dhe sherbimi ushqimor,2.0,2.0,2.045,2.0749998,2.12
2027,9,ZVEÇAN,Akomodimi dhe sherbimi ushqimor,2.0,1.7762655,1.8179095,1.8456721,1.8873162
2027,12,ZVEÇAN,Akomodimi dhe sherbimi ushqimor,2.0,2.0,2.045,2.0749998,2.12
2027,12,ZVEÇAN,Aktivitetet e tjera sherbyese,0.25622045117469394,-0.12770316,-0.11461878,-0.10589582,-0.092811346
2027,3,ZVEÇAN,"Aktivitetet profesionale, shkencore dhe teknike",0.7663494811623905,1.4409869,1.4776015,1.5020115,1.5386262
2027,6,ZVEÇAN,"Aktivitetet profesionale, shkencore dhe teknike",2.0,1.7348967,1.7759202,1.8032689,1.8442924
2027,9,ZVEÇAN,"Aktivitetet profesionale, shkencore dhe teknike",1.642454930324914,1.0823733,1.1136086,1.1344323,1.165668
2027,12,ZVEÇAN,"Aktivitetet profesionale, shkencore dhe teknike",-0.34057913304964565,-0.2672494,-0.25625813,-0.24893063,-0.23793942
2027,10,ZVEÇAN,Bujqesia;Pylltaria dhe Peshkimi,-0.3512885284747912,-0.7972735,-0.7942326,-0.79220533,-0.7891645
2027,1,ZVEÇAN,Furnizimi me uje; Kanalizimi; Aktivitetet e menaxhimit dhe te trajtimit te mbeturinave,-0.1622351873897575,-0.8037455,-0.8008017,-0.79883915,-0.79589534
2027,3,ZVEÇAN,Furnizimi me uje; Kanalizimi; Aktivitetet e menaxhimit dhe te trajtimit te mbeturinave,0.5964536958329646,0.54026616,0.5633701,0.5787728,0.60187674
2027,5,ZVEÇAN,Furnizimi me uje; Kanalizimi; Aktivitetet e menaxhimit dhe te trajtimit te mbeturinave,0.8422759486839838,0.926585,0.9554837,0.97474957,1.0036483
2027,6,ZVEÇAN,Furnizimi me uje; Kanalizimi; Aktivitetet e menaxhimit dhe te trajtimit te mbeturinave,2.0,2.0,2.045,2.0749998,2.12
2027,7,ZVEÇAN,Furnizimi me uje; Kanalizimi; Aktivitetet e menaxhimit dhe te trajtimit te mbeturinave,1.572945500152491,1.30967,1.344315,1.3674116,1.4020567
2027,9,ZVEÇAN,Furnizimi me uje; Kanalizimi; Aktivitetet e menaxhimit dhe te trajtimit te mbeturinave,2.0,2.0,2.045,2.0749998,2.12
2027,3,ZVEÇAN,Industria perpunuese,0.8332819601623975,0.5437243,0.5668801,0.58231735,0.60547316
2027,6,ZVEÇAN,Industria perpunuese,2.0,2.0,2.045,2.0749998,2.12
2027,9,ZVEÇAN,Industria perpunuese,2.0,2.0,2.045,2.0749998,2.12
2027,12,ZVEÇAN,Industria perpunuese,2.0,2.0,2.045,2.0749998,2.12
2027,1,ZVEÇAN,Informimi dhe komunikimi,-0.12964243972658004,-0.46114674,-0.4530639,-0.4476754,-0.4395926
2027,2,ZVEÇAN,Informimi dhe komunikimi,0.04747947451117433,-0.07747502,-0.06363714,-0.054411888,-0.040574074
2027,3,ZVEÇAN,Informimi dhe komunikimi,0.0608347148303963,0.030729339,0.04619026,0.056497455,0.07195842
2027,4,ZVEÇAN,Informimi dhe komunikimi,0.0027656784006037396,-0.12051777,-0.107325554,-0.09853077,-0.08533853
2027,5,ZVEÇAN,Informimi dhe komunikimi,0.01472882302432028,-0.052741375,-0.038532495,-0.029059887,-0.014851034
2027,6,ZVEÇAN,Informimi dhe komunikimi,0.04829978612940131,-0.024671992,-0.010042071,-0.0002887845,0.014341116
2027,7,ZVEÇAN,Informimi dhe komunikimi,0.0692271380613073,-0.044270754,-0.029934824,-0.020377517,-0.006041646
2027,8,ZVEÇAN,Informimi dhe komunikimi,-0.6851641209007436,-0.68791723,-0.683236,-0.68011516,-0.67543393
2027,9,ZVEÇAN,Informimi dhe komunikimi,-0.6239525556612945,-0.48252407,-0.4747619,-0.46958715,-0.461825
2027,10,ZVEÇAN,Informimi dhe komunikimi,-0.4419020338086973,-0.5252382,-0.51811683,-0.5133692,-0.50624776
2027,11,ZVEÇAN,Informimi dhe komunikimi,-0.5503879704762343,-0.6772208,-0.67237914,-0.6691513,-0.6643097
2027,12,ZVEÇAN,Informimi dhe komunikimi,-0.22574961199084764,0.005689612,0.02077496,0.030831814,0.045917153
2027,12,ZVEÇAN,Mungon aktiviteti,-0.711108730835598,-0.78666097,-0.78346086,-0.7813275,-0.77812743
2027,3,ZVEÇAN,Ndertimtaria,2.0,2.0,2.045,2.0749998,2.12
2027,6,ZVEÇAN,Ndertimtaria,1.0838115136252537,0.7761357,0.80277765,0.820539,0.8471811
2027,8,ZVEÇAN,Ndertimtaria,0.9425441826966385,0.9403377,0.9694427,0.98884606,1.017951
2027,9,ZVEÇAN,Ndertimtaria,2.0,2.0,2.045,2.0749998,2.12
2027,10,ZVEÇAN,Ndertimtaria,-0.009830712446921002,-0.43124056,-0.42270917,-0.41702157,-0.40849018
2027,12,ZVEÇAN,Ndertimtaria,0.7790745719088192,0.43289423,0.45438766,0.4687165,0.49020994
2027,9,ZVEÇAN,Transporti dhe magazinimi,0.5185067741088837,-0.24563675,-0.2343213,-0.22677767,-0.21546227
2027,12,ZVEÇAN,Transporti dhe magazinimi,0.8742783561670956,0.3218612,0.3416891,0.35490775,0.3747357
2027,1,ZVEÇAN,Tregtia me shumice dhe pakice; Riparimi i mjeteve motorike dhe motoeikletave,0.45098096313906133,0.20188949,0.2199179,0.2319367,0.24996507
2027,2,ZVEÇAN,Tregtia me shumice dhe pakice; Riparimi i mjeteve motorike dhe motoeikletave,0.348329691360452,0.16510251,0.18257904,0.19422996,0.21170652
2027,3,ZVEÇAN,Tregtia me shumice dhe pakice; Riparimi i mjeteve motorike dhe motoeikletave,0.27946122078488095,0.082439885,0.09867644,0.109500885,0.12573743
2027,4,ZVEÇAN,Tregtia me shumice dhe pakice; Riparimi i mjeteve motorike dhe motoeikletave,-0.017701721460858157,-0.13233238,-0.11931741,-0.110640705,-0.09762573
2027,5,ZVEÇAN,Tregtia me shumice dhe pakice; Riparimi i mjeteve motorike dhe motoeikletave,0.1610858312014988,0.0688741,0.084907174,0.095595956,0.11162901
2027,6,ZVEÇAN,Tregtia me shumice dhe pakice; Riparimi i mjeteve motorike dhe motoeikletave,0.11632839196718678,0.01756536,0.032828808,0.043004513,0.05826795
2027,7,ZVEÇAN,Tregtia me shumice dhe pakice; Riparimi i mjeteve motorike dhe motoeikletave,0.1994904074022843,0.16335326,0.18080354,0.19243705,0.20988727
2027,8,ZVEÇAN,Tregtia me shumice dhe pakice; Riparimi i mjeteve motorike dhe motoeikletave,0.3749447632569522,0.38798645,0.4088062,0.4226861,0.44350588
2027,9,ZVEÇAN,Tregtia me shumice dhe pakice; Riparimi i mjeteve motorike dhe motoeikletave,0.4800975482358825,0.35437843,0.3746941,0.38823783,0.4085536
2027,10,ZVEÇAN,Tregtia me shumice dhe pakice; Riparimi i mjeteve motorike dhe motoeikletave,0.1509500883750432,0.04844331,0.06417,0.07465434,0.090381026
2027,11,ZVEÇAN,Tregtia me shumice dhe pakice; Riparimi i mjeteve motorike dhe motoeikletave,0.16725889079872014,0.08697062,0.10327506,0.1141448,0.1304493
2027,12,ZVEÇAN,Tregtia me shumice dhe pakice; Riparimi i mjeteve motorike dhe motoeikletave,-0.040934414295050736,-0.03712153,-0.022678375,-0.0130496025,0.0013935566
